adv_id,created_at,value_in_paise,avg_of_previous_3
,"2024-10-23 13:10:14.666056+00:00",10000,3000.0000
0000-0000,"2024-10-17 02:13:03.216271+00:00",3000,500.0000
0000-0000,"2024-10-23 11:15:12.814158+00:00",10000,3000.0000
00000000-0000-0000-0000-000000000000,"2024-10-18 10:05:57.489646+00:00",10000,3000.0000
00000000-0000-0000-0000-000000000000,"2024-10-19 13:30:39.198207+00:00",3000,833.3333
00000000-0000-0000-0000-000000000000,"2024-10-22 17:04:32.663800+00:00",10000,2166.6667
001a78bf-7083-4c98-9bb3-2a7e89449cdd,"2024-10-20 03:54:43.147594+00:00",5000,500.0000
003c7595-6540-4499-a8d0-b253aa482033,"2024-10-17 16:58:53.460288+00:00",1000,500.0000
00460669-2b27-411b-87f3-80e5b406c885,"2024-10-23 10:54:14.288898+00:00",1000,500.0000
006bd9e7-e3f7-4ae3-b441-34418177fd6f,"2024-10-17 00:30:27.743093+00:00",10000,1000.0000
007497ba-92ee-4c63-bc37-318507a82c0d,"2024-10-19 14:01:20.046019+00:00",3000,500.0000
008afdde-e92a-4e21-82bb-1322e65ec00c,"2024-10-21 06:44:27.455421+00:00",3000,500.0000
008fa522-e801-48db-a1ee-975aa6eeb419,"2024-10-17 16:58:53.460288+00:00",1000,500.0000
0090b88a-6a75-4b39-9194-c9393a429a91,"2024-10-19 13:55:40.686105+00:00",1000,500.0000
00a0af87-a1a8-4725-b3ad-d91b94f0be46,"2024-10-22 17:09:05.760338+00:00",10000,4333.3333
00a3625c-e880-4c03-917a-799bb527aacd,"2024-10-18 16:37:05.091597+00:00",5413,2706.0000
00a3625c-e880-4c03-917a-799bb527aacd,"2024-10-19 15:30:40.641995+00:00",5430,2715.0000
00a3625c-e880-4c03-917a-799bb527aacd,"2024-10-19 17:02:40.243774+00:00",8145,3620.0000
00a3625c-e880-4c03-917a-799bb527aacd,"2024-10-20 00:01:42.348855+00:00",13576,5430.0000
00a3625c-e880-4c03-917a-799bb527aacd,"2024-10-20 10:32:17.167682+00:00",13578,5431.0000
00aab9f9-0447-4b82-b3a4-d5ecfbf6ff18,"2024-10-16 03:18:39.581004+00:00",10000,946.6667
00aab9f9-0447-4b82-b3a4-d5ecfbf6ff18,"2024-10-16 03:19:13.281288+00:00",10000,3946.6667
00aab9f9-0447-4b82-b3a4-d5ecfbf6ff18,"2024-10-16 06:57:35.048482+00:00",5000,893.3333
00aab9f9-0447-4b82-b3a4-d5ecfbf6ff18,"2024-10-16 06:58:16.557501+00:00",5000,2280.0000
00aab9f9-0447-4b82-b3a4-d5ecfbf6ff18,"2024-10-16 07:31:12.871165+00:00",10000,5000.0000
00aab9f9-0447-4b82-b3a4-d5ecfbf6ff18,"2024-10-16 10:35:37.993369+00:00",10000,1000.0000
00aab9f9-0447-4b82-b3a4-d5ecfbf6ff18,"2024-10-16 11:11:22.749188+00:00",10000,4000.0000
00aab9f9-0447-4b82-b3a4-d5ecfbf6ff18,"2024-10-17 05:20:21.656585+00:00",10000,5000.0000
00aab9f9-0447-4b82-b3a4-d5ecfbf6ff18,"2024-10-17 06:18:31.583205+00:00",10000,5000.0000
00aab9f9-0447-4b82-b3a4-d5ecfbf6ff18,"2024-10-18 04:05:04.657319+00:00",10000,2500.0000
00aab9f9-0447-4b82-b3a4-d5ecfbf6ff18,"2024-10-18 04:34:44.417656+00:00",10000,5000.0000
00aab9f9-0447-4b82-b3a4-d5ecfbf6ff18,"2024-10-19 02:52:10.031271+00:00",5000,2500.0000
00aab9f9-0447-4b82-b3a4-d5ecfbf6ff18,"2024-10-19 03:31:27.171542+00:00",10000,3000.0000
00aab9f9-0447-4b82-b3a4-d5ecfbf6ff18,"2024-10-20 04:48:12.556606+00:00",10000,4333.3333
00aab9f9-0447-4b82-b3a4-d5ecfbf6ff18,"2024-10-21 04:25:30.899597+00:00",10000,4333.3333
00aab9f9-0447-4b82-b3a4-d5ecfbf6ff18,"2024-10-23 08:16:10.790187+00:00",10000,5000.0000
00c5e202-21f6-4e25-8b81-f921b1a42684,"2024-10-17 16:58:53.460288+00:00",1000,500.0000
00d4702a-df15-4549-8d95-a8ea7a2ee987,"2024-10-17 11:00:44.250443+00:00",2000,1000.0000
00ed6c31-26c1-49fb-9699-5bec962b6e83,"2024-10-17 00:07:46.601163+00:00",10000,5000.0000
0175d085-8bc3-401b-834d-3f6933f28e99,"2024-10-21 13:27:04.826516+00:00",2500,1000.0000
017b4940-7361-4e65-865c-b5fcdc1acf8a,"2024-10-21 06:44:09.540035+00:00",3000,500.0000
017b7f67-1668-4775-883b-775d17253331,"2024-10-21 10:43:38.051575+00:00",3000,500.0000
01c073be-b1aa-4163-aacf-e9857d9e44d6,"2024-10-18 02:39:53.865249+00:00",10000,500.0000
01c073be-b1aa-4163-aacf-e9857d9e44d6,"2024-10-19 12:43:27.562877+00:00",25000,5250.0000
01d8a046-e6e4-4f25-9897-6518c4051bd4,"2024-10-17 10:14:25.646969+00:00",3000,1000.0000
01f1036c-6225-41b2-942d-dcc1f11a096f,"2024-10-18 07:31:38.245112+00:00",3000,500.0000
020ebb3f-7703-4ee5-a16c-3a2b7dd09fe2,"2024-10-17 16:58:53.460288+00:00",1000,500.0000
02748a9b-a199-44ba-a391-246fe0715ddf,"2024-10-23 15:44:08.502683+00:00",3000,500.0000
028d063b-782b-4337-a923-b3e75cec192c,"2024-10-23 11:15:12.814158+00:00",10000,3000.0000
0291e351-62c5-4345-a766-d728233aa5a4,"2024-10-18 04:47:55.426823+00:00",8405,4202.0000
02942184-14b9-45c2-90f1-f1d442da028c,"2024-10-23 10:54:14.288898+00:00",1000,500.0000
02a42a58-8857-4aa5-833c-818c2579508f,"2024-10-17 10:14:25.646969+00:00",3000,1000.0000
02ca0693-4884-4cb3-9bbe-5dd8a5537c6b,"2024-10-17 12:21:10.059658+00:00",1000,500.0000
02d58bdb-9ec2-4d6f-b4fe-1df3421aacc7,"2024-10-17 10:00:29.476862+00:00",4202,2101.0000
0313d4b6-f81f-404c-a7ef-3ee930c5b916,"2024-10-17 14:12:15.357868+00:00",10000,5000.0000
0320ecb4-05bb-4c29-902c-4ad3f35e2add,"2024-10-17 10:14:25.646969+00:00",3000,1000.0000
0330be00-e84f-4b10-a9d8-d1726f8f22e5,"2024-10-17 10:14:25.646969+00:00",3000,1000.0000
034bdc60-1c05-4811-a929-43fd642c9af6,"2024-10-20 14:35:15.665317+00:00",3000,500.0000
034f96a9-1000-4108-84ee-9510429dfabd,"2024-10-21 14:38:42.186570+00:00",1000,500.0000
037cdb70-6db7-4051-8512-ddc7d917f1ae,"2024-10-17 10:14:25.646969+00:00",3000,1000.0000
0394599e-fcb6-486e-92b7-63b7bc53bebf,"2024-10-17 10:14:25.646969+00:00",3000,1000.0000
039c81a2-155a-4306-8469-8697457abfce,"2024-10-19 14:16:44.490448+00:00",3000,500.0000
03b3da82-3d14-4ab7-907f-b0b5af5a2582,"2024-10-17 16:58:53.460288+00:00",1000,500.0000
03dd48bb-4b23-42ff-897f-b8d4be499f0e,"2024-10-16 09:36:46.129498+00:00",4202,1681.0000
03dd48bb-4b23-42ff-897f-b8d4be499f0e,"2024-10-19 02:59:44.200232+00:00",8406,4202.0000
03edf5cd-5251-48ba-aaa2-7452ade3a78b,"2024-10-21 16:56:09.056616+00:00",3000,500.0000
03f2b1e1-f17f-41af-b57c-b705a7c4088c,"2024-10-17 11:00:44.250443+00:00",2000,1000.0000
04284dc9-c44e-4311-b1e0-4e65ac4c845f,"2024-10-21 16:08:59.830299+00:00",16814,6304.0000
0429535f-869c-4aff-81e9-f0425ef6a190,"2024-10-23 00:57:51.159869+00:00",25000,5000.0000
0468f645-a69a-42b4-a0e4-25798d051783,"2024-10-17 10:14:25.646969+00:00",3000,1000.0000
046ed463-0745-4266-900a-db7fb2b56a73,"2024-10-20 09:04:42.064904+00:00",2500,1000.0000
04a24ab3-dd10-498d-84ac-656e0437a716,"2024-10-17 08:38:53.406559+00:00",3000,500.0000
04a60e9b-9017-4ef3-b84f-b114255b0e8a,"2024-10-20 16:06:21.798623+00:00",3000,840.0000
04d6ed9a-277a-48a8-85b7-bb718b9a042c,"2024-10-19 03:00:48.507015+00:00",10000,3000.0000
04dfb44c-111a-46f3-a827-f0e8d7d99323,"2024-10-20 10:25:10.647988+00:00",3000,500.0000
05147618-0b79-4f29-ba2d-53c11bc3b362,"2024-10-22 08:01:40.567636+00:00",3000,500.0000
055295cd-b31f-4521-be61-2bdec34c77e0,"2024-10-19 07:12:47.345230+00:00",10000,1000.0000
059264d3-2734-4124-8fd4-14a32dfcc058,"2024-10-18 02:59:21.034810+00:00",50000,10000.0000
05acfb53-c8ec-4bc3-8d64-bcaa87f6af6a,"2024-10-17 12:21:10.059658+00:00",1000,500.0000
05b79cc1-a0c1-4291-8074-b9e9d701e853,"2024-10-22 17:09:05.760338+00:00",10000,4333.3333
05bda6ed-864c-4b3b-83b7-5f596711c53a,"2024-10-22 02:16:32.638708+00:00",3000,500.0000
05bda6ed-864c-4b3b-83b7-5f596711c53a,"2024-10-23 17:08:17.142642+00:00",3000,1333.3333
05c23485-11e0-4eb1-8446-b64abb5827cb,"2024-10-21 12:26:44.363387+00:00",10000,4000.0000
05c53c7b-57d4-4af5-b1ff-cedf1f994e4d,"2024-10-17 10:14:25.646969+00:00",3000,1000.0000
05cb5dfc-89a9-4d57-ac2c-eca73959396c,"2024-10-21 01:51:25.373039+00:00",1000,500.0000
05d920c8-1284-45e4-92f1-a2e986eefe83,"2024-10-21 12:26:44.363387+00:00",10000,4000.0000
05e6faaa-728b-49b9-8afc-70bb389df39f,"2024-10-19 03:12:48.262020+00:00",1000,500.0000
05eaa997-2d8e-44d4-93d5-275342edc55f,"2024-10-18 06:22:58.716988+00:00",25215,4202.0000
05f5ba05-ce14-4f56-86b1-ee9d5d382117,"2024-10-19 01:58:41.221493+00:00",25000,10000.0000
060dbb72-8457-4872-a7e9-290d235ae90e,"2024-10-22 04:03:04.243170+00:00",4557,1825.5000
06119b34-58a7-470b-a856-2fc8bddf5827,"2024-10-22 17:09:05.760338+00:00",10000,4333.3333
06234322-a073-4c92-88f8-3c6429b6b8e8,"2024-10-21 01:13:49.716992+00:00",2500,1000.0000
06529212-7e48-41aa-9d23-94699b71618d,"2024-10-23 09:45:39.898717+00:00",1000,500.0000
0673fc71-7cf2-418e-bb0c-ed4f5ea44afc,"2024-10-19 03:00:48.507015+00:00",10000,3000.0000
06a1b709-842d-4d74-814f-890369553055,"2024-10-17 16:58:53.460288+00:00",1000,500.0000
06aeb326-bff7-4cd4-90b7-4581878de74b,"2024-10-22 10:01:12.848041+00:00",5000,1000.0000
06b73743-3e62-40f4-ac5e-94c648d1a4a7,"2024-10-19 19:24:37.542592+00:00",5000,1000.0000
06e894bc-0da9-4710-8093-39ab3f658df7,"2024-10-23 10:54:14.288898+00:00",1000,500.0000
06fbe123-98bd-425b-85fd-10ca1ad1abe1,"2024-10-23 11:15:12.814158+00:00",10000,3000.0000
0701ea73-ece9-4d66-bf26-5a1f929adf7f,"2024-10-22 17:04:32.663800+00:00",10000,3000.0000
07382d78-a40b-46a7-a9cb-6c2eaa03498a,"2024-10-23 11:15:12.814158+00:00",10000,3000.0000
075352cf-433c-4fde-82d0-62e38dd9061b,"2024-10-17 10:14:25.646969+00:00",3000,1000.0000
07559222-6d40-431a-b9a9-65bfeefbb518,"2024-10-23 15:12:49.263320+00:00",10000,500.0000
0771ce80-bd89-4eb4-98af-80d4e3bc281c,"2024-10-20 08:28:26.209051+00:00",5000,500.0000
0771ce80-bd89-4eb4-98af-80d4e3bc281c,"2024-10-20 08:30:58.976442+00:00",5000,2000.0000
07b9fb40-09f0-443e-b9f5-0a6e7d5c49a0,"2024-10-19 11:38:52.660661+00:00",3000,500.0000
07d03686-e89d-477b-b188-55b2d264eaa3,"2024-10-22 17:09:05.760338+00:00",10000,4333.3333
07e55c6f-9df6-423d-a621-4f1e5a604ee7,"2024-10-18 04:36:17.631954+00:00",5000,500.0000
0806caeb-0bbf-447b-89c3-42adbbe33571,"2024-10-17 14:37:51.130902+00:00",3000,500.0000
0822a321-fa5a-4d65-98dc-07ed4ebb4f71,"2024-10-20 03:12:57.917180+00:00",3000,1000.0000
0822bd0d-a2fa-41c5-82b3-e63945f64f49,"2024-10-21 10:58:09.342203+00:00",3000,500.0000
08329aa8-3430-4b53-ba30-01c1a4ab1f15,"2024-10-22 17:09:05.760338+00:00",10000,4333.3333
085a344c-40c3-4ac0-922e-a9e34dac189e,"2024-10-23 08:12:15.852494+00:00",3000,500.0000
085f5f9f-e5c0-4023-b8e2-118889198ee7,"2024-10-18 02:22:53.839440+00:00",10000,500.0000
085ffa4d-5952-48ce-b8f8-d094cea2b06f,"2024-10-21 12:05:08.565950+00:00",3000,500.0000
086b370c-8291-4e05-8d8b-806862325c33,"2024-10-21 14:00:59.325067+00:00",5000,500.0000
08d25790-f952-4eb1-adbc-da236d48a1da,"2024-10-23 10:54:14.288898+00:00",1000,500.0000
08d4b699-23f7-4411-ace9-3d85cac4ae39,"2024-10-17 10:14:25.646969+00:00",3000,1000.0000
090fffb9-3570-4dfc-ba74-f3e82707ae42,"2024-10-17 04:06:41.249510+00:00",10808,4863.3333
090fffb9-3570-4dfc-ba74-f3e82707ae42,"2024-10-18 03:09:38.215470+00:00",10827,4863.3333
090fffb9-3570-4dfc-ba74-f3e82707ae42,"2024-10-18 03:16:07.013770+00:00",10827,4870.3333
096ce018-16a0-4f4f-9403-fa380961a927,"2024-10-16 03:18:39.581004+00:00",10000,946.6667
096ce018-16a0-4f4f-9403-fa380961a927,"2024-10-16 03:19:13.281288+00:00",10000,3946.6667
096ce018-16a0-4f4f-9403-fa380961a927,"2024-10-16 06:57:35.048482+00:00",5000,893.3333
096ce018-16a0-4f4f-9403-fa380961a927,"2024-10-16 06:58:16.557501+00:00",5000,2280.0000
096ce018-16a0-4f4f-9403-fa380961a927,"2024-10-16 07:31:12.871165+00:00",10000,5000.0000
096ce018-16a0-4f4f-9403-fa380961a927,"2024-10-16 10:35:37.993369+00:00",10000,1000.0000
096ce018-16a0-4f4f-9403-fa380961a927,"2024-10-16 11:11:22.749188+00:00",10000,4000.0000
096ce018-16a0-4f4f-9403-fa380961a927,"2024-10-17 05:20:21.656585+00:00",10000,5000.0000
096ce018-16a0-4f4f-9403-fa380961a927,"2024-10-17 06:18:31.583205+00:00",10000,5000.0000
096ce018-16a0-4f4f-9403-fa380961a927,"2024-10-18 04:05:04.657319+00:00",10000,2500.0000
096ce018-16a0-4f4f-9403-fa380961a927,"2024-10-18 04:34:44.417656+00:00",10000,5000.0000
096ce018-16a0-4f4f-9403-fa380961a927,"2024-10-19 02:52:10.031271+00:00",5000,2500.0000
096ce018-16a0-4f4f-9403-fa380961a927,"2024-10-19 03:31:27.171542+00:00",10000,3000.0000
096ce018-16a0-4f4f-9403-fa380961a927,"2024-10-20 04:48:12.556606+00:00",10000,4333.3333
096ce018-16a0-4f4f-9403-fa380961a927,"2024-10-21 04:25:30.899597+00:00",10000,4333.3333
096ce018-16a0-4f4f-9403-fa380961a927,"2024-10-23 08:16:10.790187+00:00",10000,5000.0000
0979296c-272c-450e-9097-8bdf64461556,"2024-10-23 13:55:16.710796+00:00",5000,500.0000
09a4aec4-9e04-4996-b842-88229ac6ffcd,"2024-10-23 16:44:43.522469+00:00",5403,723.0000
09c05230-dd9d-4789-bea3-73e103a5bac7,"2024-10-17 16:58:53.460288+00:00",1000,500.0000
09c8cad1-3ce1-48bb-a316-478a565dd338,"2024-10-17 12:21:10.059658+00:00",1000,500.0000
0a0cae6a-0d00-431d-9ed5-dc3d6a3bb831,"2024-10-23 11:15:12.814158+00:00",10000,3000.0000
0a0d3002-686f-4f0d-9e7c-d4b1bfa286f9,"2024-10-22 13:16:16.143154+00:00",1000,500.0000
0a131b44-7509-4797-b68c-c7631a1a66e4,"2024-10-23 15:50:21.465786+00:00",3000,500.0000
0a2edc3c-cdcd-41d6-b38f-76be9c8697bb,"2024-10-22 17:09:05.760338+00:00",10000,4333.3333
0a36e8c1-181f-4ff3-b2d2-e69a24808caa,"2024-10-17 12:21:10.059658+00:00",1000,500.0000
0a3f4d04-86a4-4ba6-a0fb-e74047648050,"2024-10-18 09:11:38.251229+00:00",3000,500.0000
0a41c289-11ab-4836-a648-318f6969f64b,"2024-10-20 11:50:00.839113+00:00",3000,500.0000
0a4bf2a3-5585-4211-882b-4a06cc9047e2,"2024-10-20 04:22:54.687967+00:00",3000,1000.0000
0a62dfae-8fa1-4fa4-91e0-3f0df78e21c5,"2024-10-19 20:40:51.263803+00:00",4203,1680.0000
0a780868-63d4-4a49-8341-1549e60d0c2f,"2024-10-18 06:41:07.460362+00:00",5000,500.0000
0aa371c4-5fdc-474a-ba6d-812f62aff147,"2024-10-23 03:23:41.714160+00:00",1000,500.0000
0aa45147-5175-4af1-95d1-733a3f00a2aa,"2024-10-22 08:01:40.567636+00:00",3000,500.0000
0aac7bd8-abc5-4d86-9da9-ab90be0ee6ef,"2024-10-21 12:05:08.565950+00:00",3000,500.0000
0ad0f3ef-9904-4c36-a435-f8c71394b450,"2024-10-21 11:35:24.865916+00:00",10000,5000.0000
0b078e98-e0a5-4e2d-8554-252ecc40ec0c,"2024-10-23 08:04:35.310688+00:00",1000,500.0000
0b255e12-79a0-496c-8be7-ef0753cf38d6,"2024-10-20 00:51:31.557659+00:00",5000,2401.0000
0b255e12-79a0-496c-8be7-ef0753cf38d6,"2024-10-23 10:44:24.015816+00:00",25000,4333.3333
0b2f26a9-d822-4cea-8999-63f9fc04bc02,"2024-10-23 11:15:12.814158+00:00",10000,3000.0000
0b31c2b0-767d-4ea6-ad2a-03150fea4971,"2024-10-19 04:22:16.735529+00:00",3000,500.0000
0b31c2b0-767d-4ea6-ad2a-03150fea4971,"2024-10-23 12:14:51.768221+00:00",10000,1750.0000
0b31c2b0-767d-4ea6-ad2a-03150fea4971,"2024-10-23 12:25:22.243492+00:00",10000,4500.0000
0bb13249-52cd-4ed7-9dea-bffdee4ea1c6,"2024-10-19 16:32:33.529617+00:00",10000,2500.0000
0bb13249-52cd-4ed7-9dea-bffdee4ea1c6,"2024-10-19 16:33:37.152065+00:00",10000,5000.0000
0c22cec4-5de3-45b5-aa5f-231264d4e02c,"2024-10-22 05:35:25.515524+00:00",1000,500.0000
0c3a692e-6e60-4001-a195-03fbea8a608f,"2024-10-23 11:15:12.814158+00:00",10000,3000.0000
0c41a7f5-bcb1-4d6e-bd9e-24ca076b5b41,"2024-10-21 10:06:26.279258+00:00",3000,500.0000
0c43c5e3-0894-4839-aaad-23ced8cff389,"2024-10-17 00:03:58.033089+00:00",10000,5000.0000
0c6b240a-3f41-44b3-9197-4b4258bc4333,"2024-10-17 10:14:25.646969+00:00",3000,1000.0000
0c806656-6e21-43eb-b08c-8f48552df4b1,"2024-10-17 16:58:53.460288+00:00",1000,500.0000
0c83170c-1e33-41bd-9dd2-dd6a1078ceb8,"2024-10-17 05:06:42.015547+00:00",10000,3000.0000
0c873d8b-6962-41f2-99a7-14c17cef6a1b,"2024-10-17 12:21:10.059658+00:00",1000,500.0000
0c9bb61d-69d6-4213-b887-41679b9ba87a,"2024-10-21 12:54:13.745791+00:00",3000,1000.0000
0c9bb61d-69d6-4213-b887-41679b9ba87a,"2024-10-23 09:22:46.885148+00:00",5000,1666.6667
0d03d5a7-1082-4b31-a449-b8dde8fdd729,"2024-10-17 10:14:25.646969+00:00",3000,1000.0000
0d082f8f-a748-47f4-8ce7-850b36b8ee6f,"2024-10-18 02:42:05.675559+00:00",10000,5000.0000
0d0db582-7ad4-4bba-94b4-435f5f7ac0c9,"2024-10-19 03:00:48.507015+00:00",10000,3000.0000
0d307255-e33b-44f2-9bc7-6ef93bc4d7a2,"2024-10-23 07:17:48.958547+00:00",2500,500.0000
0d450c7b-2e5e-453c-aa12-ea481226874d,"2024-10-17 10:14:25.646969+00:00",3000,1000.0000
0d49241d-b775-4e22-bbc4-3f93184e9def,"2024-10-23 04:39:28.723228+00:00",3000,500.0000
0d49241d-b775-4e22-bbc4-3f93184e9def,"2024-10-23 04:40:11.527265+00:00",3000,1333.3333
0d6aa447-b1b8-49b6-b8e6-42f758818d70,"2024-10-19 05:22:55.784301+00:00",16813,6003.0000
0d7dfe1b-f90d-4a22-b682-68d7d1f35180,"2024-10-18 05:15:40.891725+00:00",16810,8404.6667
0d853bbe-388a-4900-9d57-954b62a906f3,"2024-10-21 10:43:38.051575+00:00",3000,500.0000
0d95cd91-7a7f-423d-a525-c988bfddb743,"2024-10-20 00:51:31.557659+00:00",5000,2401.0000
0d95cd91-7a7f-423d-a525-c988bfddb743,"2024-10-23 10:44:24.015816+00:00",25000,4333.3333
0d9c9223-cc87-4f20-b686-772de3d77fb4,"2024-10-23 11:15:12.814158+00:00",10000,3000.0000
0da0bd48-4e5e-4f5d-8631-254ec6a35b54,"2024-10-23 01:18:44.064410+00:00",1681,840.0000
0da6af49-d5e6-47fb-80d0-827f20ae6e9d,"2024-10-22 14:06:47.859385+00:00",3000,500.0000
0dd5fe34-9288-47f9-a451-30815342c03c,"2024-10-18 13:27:13.757326+00:00",10000,5000.0000
0dd8b478-fc92-46bd-aa3b-3c719acca5f8,"2024-10-22 12:30:19.557763+00:00",3000,500.0000
0de1a49c-3bda-4c0d-8798-be42e7980eba,"2024-10-21 10:00:54.209653+00:00",1000,500.0000
0e29c056-3c00-40c6-8c7c-9ffc905604a5,"2024-10-23 11:15:12.814158+00:00",10000,3000.0000
0e56dde8-1328-4462-95d3-830307c22aca,"2024-10-22 17:09:05.760338+00:00",10000,4333.3333
0eed804b-153d-4349-9aaa-6845c4701c08,"2024-10-17 10:14:25.646969+00:00",3000,1000.0000
0f014b2f-830a-49f6-8dd2-22ac2719d4d9,"2024-10-17 10:14:25.646969+00:00",3000,1000.0000
0f0718a2-2b6c-4c6b-a161-a6da2321b8a5,"2024-10-17 10:14:25.646969+00:00",3000,1000.0000
0f563756-b363-493c-b788-44b290e2e25c,"2024-10-23 04:50:44.480929+00:00",2500,1000.0000
0f6e4340-4d8c-4a59-9cea-3a83ae1b23aa,"2024-10-21 11:57:39.740171+00:00",5000,2166.6667
0fb32738-1726-4230-8820-2e0662c12d7e,"2024-10-17 12:21:10.059658+00:00",1000,500.0000
0ff19c0a-b1d3-4c97-8ca8-b20fd8b25b72,"2024-10-17 02:41:43.624622+00:00",5000,2500.0000
1003a4fc-e877-4a91-ad0c-96712bc066fd,"2024-10-23 11:15:12.814158+00:00",10000,3000.0000
10062284-7ac1-4db5-adf0-f6ff8f0d22b9,"2024-10-20 21:40:11.162833+00:00",10000,500.0000
101244ea-a537-465c-a20e-cd338413bfd7,"2024-10-21 15:54:22.561928+00:00",3000,500.0000
1068fcaf-7a68-454e-93a7-dc6aa52c6dac,"2024-10-22 16:49:52.449155+00:00",3000,1333.3333
1068fcaf-7a68-454e-93a7-dc6aa52c6dac,"2024-10-23 04:39:28.723228+00:00",3000,1333.3333
1094ae0c-decb-48dd-9d0a-955574003e94,"2024-10-17 10:14:25.646969+00:00",3000,1000.0000
10aaf2b3-d13c-40e8-93eb-ea347099fa32,"2024-10-22 04:44:00.195335+00:00",3000,500.0000
10d75613-c732-4c3f-b8ec-78248b27ccf0,"2024-10-17 12:21:10.059658+00:00",1000,500.0000
10d9c11a-0c0f-4dd9-9bd8-da12c1e5dbd1,"2024-10-18 15:13:50.116275+00:00",1000,500.0000
10e243cb-c57b-4d5c-973c-1f46aba74421,"2024-10-17 07:39:55.920804+00:00",1000,500.0000
10e61e2c-6860-4796-a267-6aa23e3277fe,"2024-10-21 16:56:09.056616+00:00",3000,500.0000
10f1235a-e4fc-4038-8f53-6cd43e4ba976,"2024-10-17 13:20:40.687039+00:00",3000,500.0000
10f1235a-e4fc-4038-8f53-6cd43e4ba976,"2024-10-18 09:24:11.869314+00:00",3000,1333.3333
10f1235a-e4fc-4038-8f53-6cd43e4ba976,"2024-10-22 13:24:44.967061+00:00",5000,1666.6667
10f2550a-da9a-4af4-9348-997d8199d3bb,"2024-10-23 11:15:12.814158+00:00",10000,3000.0000
114193a4-c7f1-4f7a-9fd7-20a5b6bdb876,"2024-10-20 11:20:50.452460+00:00",10000,5000.0000
119f57a3-6357-4361-9a77-83cc26e118cf,"2024-10-17 07:25:59.383386+00:00",1000,500.0000
11d6785a-fb10-4e42-bb1f-78b4dc1b4fe3,"2024-10-22 02:31:38.482316+00:00",10000,3000.0000
11e02659-e9b1-44ec-9d1d-3669d4482601,"2024-10-20 05:29:42.547656+00:00",1000,500.0000
11ee69c1-1188-40cc-aed5-454c4265dbb6,"2024-10-17 10:14:25.646969+00:00",3000,1000.0000
11f7426c-ec03-43b1-9726-b72a6c12d31f,"2024-10-16 03:18:39.581004+00:00",10000,946.6667
11f7426c-ec03-43b1-9726-b72a6c12d31f,"2024-10-16 03:19:13.281288+00:00",10000,3946.6667
11f7426c-ec03-43b1-9726-b72a6c12d31f,"2024-10-16 06:57:35.048482+00:00",5000,893.3333
11f7426c-ec03-43b1-9726-b72a6c12d31f,"2024-10-16 06:58:16.557501+00:00",5000,2280.0000
11f7426c-ec03-43b1-9726-b72a6c12d31f,"2024-10-16 07:31:12.871165+00:00",10000,5000.0000
11f7426c-ec03-43b1-9726-b72a6c12d31f,"2024-10-16 10:35:37.993369+00:00",10000,1000.0000
11f7426c-ec03-43b1-9726-b72a6c12d31f,"2024-10-16 11:11:22.749188+00:00",10000,4000.0000
11f7426c-ec03-43b1-9726-b72a6c12d31f,"2024-10-17 05:20:21.656585+00:00",10000,5000.0000
11f7426c-ec03-43b1-9726-b72a6c12d31f,"2024-10-17 06:18:31.583205+00:00",10000,5000.0000
11f7426c-ec03-43b1-9726-b72a6c12d31f,"2024-10-18 04:05:04.657319+00:00",10000,2500.0000
11f7426c-ec03-43b1-9726-b72a6c12d31f,"2024-10-18 04:34:44.417656+00:00",10000,5000.0000
11f7426c-ec03-43b1-9726-b72a6c12d31f,"2024-10-19 02:52:10.031271+00:00",5000,2500.0000
11f7426c-ec03-43b1-9726-b72a6c12d31f,"2024-10-19 03:31:27.171542+00:00",10000,3000.0000
11f7426c-ec03-43b1-9726-b72a6c12d31f,"2024-10-20 04:48:12.556606+00:00",10000,4333.3333
11f7426c-ec03-43b1-9726-b72a6c12d31f,"2024-10-21 04:25:30.899597+00:00",10000,4333.3333
11f7426c-ec03-43b1-9726-b72a6c12d31f,"2024-10-23 08:16:10.790187+00:00",10000,5000.0000
12201644-eea8-486d-b01c-31a42e2b6125,"2024-10-20 00:51:31.557659+00:00",5000,2401.0000
12201644-eea8-486d-b01c-31a42e2b6125,"2024-10-23 10:44:24.015816+00:00",25000,4333.3333
122c18fa-7bba-49cd-8c1d-6d1f97d0fc51,"2024-10-22 17:04:32.663800+00:00",10000,3000.0000
12451a7a-f750-4cbd-b100-0a881f4ba77c,"2024-10-18 08:10:02.877068+00:00",10000,1000.0000
12560ded-5f65-4357-baf3-211005c86851,"2024-10-20 11:25:39.763472+00:00",3000,500.0000
1270700e-7782-446e-bdf1-19388053dd37,"2024-10-20 00:51:31.557659+00:00",5000,2401.0000
1270700e-7782-446e-bdf1-19388053dd37,"2024-10-23 10:44:24.015816+00:00",25000,4333.3333
1273c577-4f93-4725-a250-4772fa9b7222,"2024-10-23 11:15:12.814158+00:00",10000,3000.0000
12b7e61f-b593-48b3-8957-b4f8293fd622,"2024-10-19 06:37:43.890848+00:00",10000,1000.0000
12c62a2d-c517-4051-947d-2f62db200488,"2024-10-22 15:45:21.698738+00:00",3000,500.0000
12cfb674-8b61-4703-bc8c-92e8f5a58646,"2024-10-20 03:44:43.616358+00:00",3000,500.0000
12e473bf-7dd2-4509-8858-aa4617b43c0c,"2024-10-19 08:51:38.335249+00:00",1681,500.0000
134a496d-6eae-4b96-8dd7-7a9ad1e1cb36,"2024-10-23 15:53:39.660408+00:00",1000,500.0000
135662f7-3747-43cf-8ee0-7e81513f8aa1,"2024-10-23 05:49:48.697037+00:00",10000,500.0000
1356c819-9575-4039-86d5-282595d15e3d,"2024-10-22 04:08:25.962868+00:00",1000,500.0000
13635772-b6ab-483d-b9f2-84df80cf96c5,"2024-10-16 03:18:39.581004+00:00",10000,946.6667
13635772-b6ab-483d-b9f2-84df80cf96c5,"2024-10-16 03:19:13.281288+00:00",10000,3946.6667
13635772-b6ab-483d-b9f2-84df80cf96c5,"2024-10-16 06:57:35.048482+00:00",5000,893.3333
13635772-b6ab-483d-b9f2-84df80cf96c5,"2024-10-16 06:58:16.557501+00:00",5000,2280.0000
13635772-b6ab-483d-b9f2-84df80cf96c5,"2024-10-16 07:31:12.871165+00:00",10000,5000.0000
13635772-b6ab-483d-b9f2-84df80cf96c5,"2024-10-16 10:35:37.993369+00:00",10000,1000.0000
13635772-b6ab-483d-b9f2-84df80cf96c5,"2024-10-16 11:11:22.749188+00:00",10000,4000.0000
13635772-b6ab-483d-b9f2-84df80cf96c5,"2024-10-17 05:20:21.656585+00:00",10000,5000.0000
13635772-b6ab-483d-b9f2-84df80cf96c5,"2024-10-17 06:18:31.583205+00:00",10000,5000.0000
13635772-b6ab-483d-b9f2-84df80cf96c5,"2024-10-18 04:05:04.657319+00:00",10000,2500.0000
13635772-b6ab-483d-b9f2-84df80cf96c5,"2024-10-18 04:34:44.417656+00:00",10000,5000.0000
13635772-b6ab-483d-b9f2-84df80cf96c5,"2024-10-19 02:52:10.031271+00:00",5000,2500.0000
13635772-b6ab-483d-b9f2-84df80cf96c5,"2024-10-19 03:31:27.171542+00:00",10000,3000.0000
13635772-b6ab-483d-b9f2-84df80cf96c5,"2024-10-20 04:48:12.556606+00:00",10000,4333.3333
13635772-b6ab-483d-b9f2-84df80cf96c5,"2024-10-21 04:25:30.899597+00:00",10000,4333.3333
13635772-b6ab-483d-b9f2-84df80cf96c5,"2024-10-23 08:16:10.790187+00:00",10000,5000.0000
138b9cd6-f918-4fdf-b76a-7e16da73be9a,"2024-10-21 12:04:36.686533+00:00",3000,1333.3333
138b9cd6-f918-4fdf-b76a-7e16da73be9a,"2024-10-21 13:26:42.995267+00:00",3000,1333.3333
138b9cd6-f918-4fdf-b76a-7e16da73be9a,"2024-10-23 03:10:11.902994+00:00",3000,500.0000
139e77de-8b57-4d0b-9ed4-cc9a7a24187d,"2024-10-17 16:58:53.460288+00:00",1000,500.0000
13bc089d-79ac-4b37-b7d0-52c1cdee81ae,"2024-10-21 12:26:44.363387+00:00",10000,4000.0000
13be891b-b4ea-42ec-a91e-4533f71bf135,"2024-10-23 06:49:00.962580+00:00",2500,500.0000
13c7e8d5-367e-4d55-950e-221ac9272820,"2024-10-18 22:46:52.305302+00:00",10000,3000.0000
13ca7b34-eb58-4148-adf6-899446638284,"2024-10-23 11:15:12.814158+00:00",10000,3000.0000
13de684c-5822-49f1-b658-976b297a67cb,"2024-10-16 03:18:39.581004+00:00",10000,946.6667
13de684c-5822-49f1-b658-976b297a67cb,"2024-10-16 03:19:13.281288+00:00",10000,3946.6667
13de684c-5822-49f1-b658-976b297a67cb,"2024-10-16 06:57:35.048482+00:00",5000,893.3333
13de684c-5822-49f1-b658-976b297a67cb,"2024-10-16 06:58:16.557501+00:00",5000,2280.0000
13de684c-5822-49f1-b658-976b297a67cb,"2024-10-16 07:31:12.871165+00:00",10000,5000.0000
13de684c-5822-49f1-b658-976b297a67cb,"2024-10-16 10:35:37.993369+00:00",10000,1000.0000
13de684c-5822-49f1-b658-976b297a67cb,"2024-10-16 11:11:22.749188+00:00",10000,4000.0000
13de684c-5822-49f1-b658-976b297a67cb,"2024-10-17 05:20:21.656585+00:00",10000,5000.0000
13de684c-5822-49f1-b658-976b297a67cb,"2024-10-17 06:18:31.583205+00:00",10000,5000.0000
13de684c-5822-49f1-b658-976b297a67cb,"2024-10-18 04:05:04.657319+00:00",10000,2500.0000
13de684c-5822-49f1-b658-976b297a67cb,"2024-10-18 04:34:44.417656+00:00",10000,5000.0000
13de684c-5822-49f1-b658-976b297a67cb,"2024-10-19 02:52:10.031271+00:00",5000,2500.0000
13de684c-5822-49f1-b658-976b297a67cb,"2024-10-19 03:31:27.171542+00:00",10000,3000.0000
13de684c-5822-49f1-b658-976b297a67cb,"2024-10-20 04:48:12.556606+00:00",10000,4333.3333
13de684c-5822-49f1-b658-976b297a67cb,"2024-10-21 04:25:30.899597+00:00",10000,4333.3333
13de684c-5822-49f1-b658-976b297a67cb,"2024-10-23 08:16:10.790187+00:00",10000,5000.0000
13f9b106-72d9-475c-b31c-ef7fe89c62c0,"2024-10-20 00:51:31.557659+00:00",5000,2401.0000
13f9b106-72d9-475c-b31c-ef7fe89c62c0,"2024-10-23 10:44:24.015816+00:00",25000,4333.3333
14352aa9-4d6d-4d2d-bcf8-c55d5a72b1e8,"2024-10-17 01:27:56.549963+00:00",3000,500.0000
147e7721-06e0-436b-8326-3a93f3629e66,"2024-10-19 17:26:01.341714+00:00",1000,500.0000
1507e2af-9aff-41c5-a261-42951aa00f98,"2024-10-18 13:29:42.770124+00:00",2500,1000.0000
1515befd-5581-4a35-991d-73c5e6535c9c,"2024-10-23 15:12:49.263320+00:00",10000,500.0000
15175bb7-bc9e-4502-9368-ac06f4cab898,"2024-10-16 03:18:39.581004+00:00",10000,946.6667
15175bb7-bc9e-4502-9368-ac06f4cab898,"2024-10-16 03:19:13.281288+00:00",10000,3946.6667
15175bb7-bc9e-4502-9368-ac06f4cab898,"2024-10-16 06:57:35.048482+00:00",5000,893.3333
15175bb7-bc9e-4502-9368-ac06f4cab898,"2024-10-16 06:58:16.557501+00:00",5000,2280.0000
15175bb7-bc9e-4502-9368-ac06f4cab898,"2024-10-16 07:31:12.871165+00:00",10000,5000.0000
15175bb7-bc9e-4502-9368-ac06f4cab898,"2024-10-16 10:35:37.993369+00:00",10000,1000.0000
15175bb7-bc9e-4502-9368-ac06f4cab898,"2024-10-16 11:11:22.749188+00:00",10000,4000.0000
15175bb7-bc9e-4502-9368-ac06f4cab898,"2024-10-17 05:20:21.656585+00:00",10000,5000.0000
15175bb7-bc9e-4502-9368-ac06f4cab898,"2024-10-17 06:18:31.583205+00:00",10000,5000.0000
15175bb7-bc9e-4502-9368-ac06f4cab898,"2024-10-18 04:05:04.657319+00:00",10000,2500.0000
15175bb7-bc9e-4502-9368-ac06f4cab898,"2024-10-18 04:34:44.417656+00:00",10000,5000.0000
15175bb7-bc9e-4502-9368-ac06f4cab898,"2024-10-19 02:52:10.031271+00:00",5000,2500.0000
15175bb7-bc9e-4502-9368-ac06f4cab898,"2024-10-19 03:31:27.171542+00:00",10000,3000.0000
15175bb7-bc9e-4502-9368-ac06f4cab898,"2024-10-20 04:48:12.556606+00:00",10000,4333.3333
15175bb7-bc9e-4502-9368-ac06f4cab898,"2024-10-21 04:25:30.899597+00:00",10000,4333.3333
15175bb7-bc9e-4502-9368-ac06f4cab898,"2024-10-23 08:16:10.790187+00:00",10000,5000.0000
15206a00-47de-4b44-9b4e-12fb2783a6e3,"2024-10-19 19:24:37.542592+00:00",5000,1000.0000
154e1bc7-e2ce-4c8f-b1d9-a3083ecf30f0,"2024-10-22 12:00:27.654940+00:00",1000,500.0000
1553c73e-22b9-41ce-a1ef-daeb1b6386ed,"2024-10-19 00:41:47.429642+00:00",8406,2801.3333
1561f205-42f6-4ee7-9c68-efe512fc1546,"2024-10-20 04:10:42.323453+00:00",10000,500.0000
1581e5e4-f3c2-4fc1-82dc-fae68210d968,"2024-10-17 00:28:01.928705+00:00",8404,4202.0000
1581e5e4-f3c2-4fc1-82dc-fae68210d968,"2024-10-18 16:43:19.494453+00:00",16810,6303.0000
158f11f0-b67a-4345-842d-3bfe093e7352,"2024-10-21 12:04:36.686533+00:00",3000,1333.3333
158f11f0-b67a-4345-842d-3bfe093e7352,"2024-10-21 13:26:42.995267+00:00",3000,1333.3333
158f11f0-b67a-4345-842d-3bfe093e7352,"2024-10-23 03:10:11.902994+00:00",3000,500.0000
15b6a01d-ffe7-4b19-89a5-5c66a2e1e4d7,"2024-10-17 19:13:47.556003+00:00",2500,500.0000
15b6a01d-ffe7-4b19-89a5-5c66a2e1e4d7,"2024-10-18 07:25:53.083584+00:00",5000,1333.3333
15eadf66-92bf-4ced-8f83-ced5c1db8350,"2024-10-17 10:14:25.646969+00:00",3000,1000.0000
15fc4395-35ff-4b65-94af-5c5f4b69b95a,"2024-10-17 10:14:25.646969+00:00",3000,1000.0000
160dd0cd-8ee3-46d3-a8ab-52725d031a5b,"2024-10-19 03:50:27.170408+00:00",1000,500.0000
16519805-ad98-4a1a-8109-93d01a2dea57,"2024-10-22 17:04:32.663800+00:00",10000,3000.0000
16606319-3662-45cf-b863-475576d910b8,"2024-10-17 11:56:14.706843+00:00",1000,500.0000
1664250f-6f06-4989-8323-b6134aeaa9e7,"2024-10-21 03:09:36.526587+00:00",5000,500.0000
1685e91b-edf1-42b7-81d2-0a29f3b71d68,"2024-10-17 10:14:25.646969+00:00",3000,1000.0000
16929e62-456f-45c7-b1d2-e9450c8b27c6,"2024-10-20 03:50:13.833529+00:00",5000,500.0000
16e08e93-3853-4a9f-b442-be3d35d71b88,"2024-10-22 03:57:01.605585+00:00",10000,4000.0000
16ec7d7a-76d3-4229-89b5-cbd1db2a7ba1,"2024-10-19 19:24:37.542592+00:00",5000,1000.0000
170f22af-a49f-42f0-af35-6bef0000d880,"2024-10-18 13:04:42.341398+00:00",10000,5000.0000
1729a3d8-0284-488a-a95b-dec1cf6d25be,"2024-10-18 02:47:50.170099+00:00",10000,5000.0000
173a8383-db57-48c3-9c41-16c9dcf80831,"2024-10-21 12:26:44.363387+00:00",10000,4000.0000
17543c5e-cc9e-426e-a05a-baf836691531,"2024-10-17 10:14:25.646969+00:00",3000,1000.0000
17579bae-b5cc-4f6d-bae9-6ea5350f24d1,"2024-10-23 11:15:12.814158+00:00",10000,3000.0000
176eca50-38c6-4b5e-81b3-eb6f4084e891,"2024-10-20 12:30:51.165163+00:00",3000,500.0000
17790165-8d61-47fe-a7b7-676707ad1d6d,"2024-10-23 11:15:12.814158+00:00",10000,3000.0000
177f62a6-5b08-4aae-8221-37a16da442c8,"2024-10-18 03:26:21.082377+00:00",1000,500.0000
17e04b2c-3f7b-45dd-a206-38929c107244,"2024-10-23 11:15:12.814158+00:00",10000,3000.0000
18047511-2882-4e50-8ac7-a633228e46c2,"2024-10-22 15:57:43.872343+00:00",5000,500.0000
1830d180-5ccd-4d58-9e4c-c22c510ab0bc,"2024-10-17 16:58:53.460288+00:00",1000,500.0000
183c3546-6e19-46ab-bbfa-8dc336a66c13,"2024-10-17 10:14:25.646969+00:00",3000,1000.0000
18426e79-4e43-43bc-a035-f4fdaf3d770f,"2024-10-20 13:54:08.640024+00:00",3000,500.0000
1848ba68-84bc-4312-b56a-6538124a535e,"2024-10-22 10:01:12.848041+00:00",5000,1000.0000
1850d4a9-04fd-44b6-a9aa-ec922b581def,"2024-10-17 10:14:25.646969+00:00",3000,1000.0000
1861f5ed-fccf-49c1-ba6a-402c37833ed8,"2024-10-17 10:14:25.646969+00:00",3000,1000.0000
186e9953-1c18-41fc-b219-c6fc50d3ed4f,"2024-10-17 10:14:25.646969+00:00",3000,1000.0000
18969e17-4019-421b-859f-08c56c008d58,"2024-10-18 09:16:23.203226+00:00",1000,500.0000
1897454d-00fb-4272-8517-e6f3db58f3e9,"2024-10-17 16:58:53.460288+00:00",1000,500.0000
18a28b6c-e1de-4e10-a296-35bdfb11fdb8,"2024-10-22 10:01:12.848041+00:00",5000,1000.0000
18a99393-dca5-4045-8200-9d23b40a8a9e,"2024-10-20 01:37:02.912949+00:00",1000,500.0000
18ac02e1-a01f-4d5e-a31d-5091c5733908,"2024-10-20 12:50:06.313651+00:00",3000,500.0000
18b61612-7d36-4022-9f5e-bb5be7194be3,"2024-10-21 06:38:56.308954+00:00",10000,5000.0000
18c35710-e255-4c0d-b344-4e1c8bc752bf,"2024-10-18 16:24:06.191727+00:00",10000,5000.0000
18e7ea95-2703-4f71-87e6-73e6bb88dd4d,"2024-10-17 10:14:25.646969+00:00",3000,1000.0000
1906bb3a-f2be-4fdc-918b-c858f8e6b711,"2024-10-21 17:19:38.218556+00:00",2101,840.0000
191d9f43-5a29-4867-8d3c-97ed294b5c0d,"2024-10-17 10:14:25.646969+00:00",3000,1000.0000
194f186c-0e11-46b5-878b-24ed6b20d501,"2024-10-20 11:22:09.808836+00:00",10000,5000.0000
19775ae2-cd26-4017-9197-0f851ff0ca65,"2024-10-22 03:52:12.242230+00:00",1000,500.0000
1981f4ca-1d6e-4481-b782-a8253e57b725,"2024-10-19 06:51:23.154035+00:00",1000,500.0000
19ec3e42-255e-4faf-a50d-903e746558a8,"2024-10-21 06:49:01.640039+00:00",3000,500.0000
1a022530-f111-4133-be40-8ec220104934,"2024-10-21 12:04:36.686533+00:00",3000,1333.3333
1a022530-f111-4133-be40-8ec220104934,"2024-10-21 13:26:42.995267+00:00",3000,1333.3333
1a022530-f111-4133-be40-8ec220104934,"2024-10-23 03:10:11.902994+00:00",3000,500.0000
1a263471-2a94-411f-9e5b-0f321bdf7d72,"2024-10-20 17:08:23.168298+00:00",5000,2166.6667
1a263471-2a94-411f-9e5b-0f321bdf7d72,"2024-10-21 12:00:43.772790+00:00",5000,2333.3333
1a263471-2a94-411f-9e5b-0f321bdf7d72,"2024-10-21 13:00:50.110738+00:00",10000,3666.6667
1a263471-2a94-411f-9e5b-0f321bdf7d72,"2024-10-23 07:38:54.223517+00:00",10000,1000.0000
1a263471-2a94-411f-9e5b-0f321bdf7d72,"2024-10-23 07:40:45.385202+00:00",10000,4000.0000
1a5975c4-56ee-4b74-bf62-32f819ffd346,"2024-10-18 16:00:31.249033+00:00",3000,500.0000
1a670066-3eee-40dd-a053-e990c6f0de32,"2024-10-23 11:15:12.814158+00:00",10000,3000.0000
1a762d68-e748-4b10-9f21-0bd7e223ca93,"2024-10-20 01:17:45.249203+00:00",3000,500.0000
1ab68eb6-69a9-4c5d-a98d-fd9570abd712,"2024-10-20 14:35:15.665317+00:00",3000,500.0000
1abc129e-0fca-4bd6-980a-3d705dfee706,"2024-10-20 01:57:57.535107+00:00",5000,500.0000
1ad031f3-8758-4bac-af3a-9b001b5dde1b,"2024-10-19 04:26:08.691738+00:00",10000,3000.0000
1b08c9a9-a22c-4167-a005-f51f62656f16,"2024-10-21 01:13:49.716992+00:00",2500,1000.0000
1b14bc3a-3a0c-4fd6-8abc-a43b2fd4e885,"2024-10-18 13:23:36.409262+00:00",1000,500.0000
1b177058-1051-4c7b-b439-a966fc6e93f6,"2024-10-21 12:08:05.691668+00:00",3000,500.0000
1b2174a4-0966-4e8a-a1af-ee4cd792c72d,"2024-10-17 10:14:25.646969+00:00",3000,1000.0000
1b4d37a0-af8c-4793-b6bf-1a375a2dba95,"2024-10-17 10:14:25.646969+00:00",3000,1000.0000
1b4fb4f0-18d0-4dbe-be4e-21b0b117871c,"2024-10-22 05:38:58.303871+00:00",3000,500.0000
1b6f3f5c-12fa-4453-bbdd-b3c0bb45b124,"2024-10-23 11:15:12.814158+00:00",10000,3000.0000
1b7b5088-4e74-4373-8445-ee12c6c1499b,"2024-10-21 12:04:36.686533+00:00",3000,1333.3333
1b7b5088-4e74-4373-8445-ee12c6c1499b,"2024-10-21 13:26:42.995267+00:00",3000,1333.3333
1b7b5088-4e74-4373-8445-ee12c6c1499b,"2024-10-23 03:10:11.902994+00:00",3000,500.0000
1b8c0a70-d51a-48f6-86c5-1233c334e886,"2024-10-21 07:01:02.519023+00:00",1000,500.0000
1baa10f1-a004-43b6-ae44-8430bdfdadbb,"2024-10-19 07:29:20.444732+00:00",1000,500.0000
1bb1845e-be3f-4c0a-b0c5-c0d39c4fb314,"2024-10-21 10:43:38.051575+00:00",3000,500.0000
1bb1a0e4-0f65-4d05-97ac-c057724283be,"2024-10-19 02:47:28.748908+00:00",1000,500.0000
1bcdcc51-5a99-46ae-a534-0f228b999f3e,"2024-10-17 12:21:10.059658+00:00",1000,500.0000
1bfad638-a3ac-4b0f-8f50-d0a2c580889f,"2024-10-19 15:24:28.879942+00:00",1000,500.0000
1c2629eb-850b-4562-bed7-841656766fd9,"2024-10-17 10:14:25.646969+00:00",3000,1000.0000
1c56a9e3-5edf-40db-bfb6-1b2be0cb73f7,"2024-10-22 03:29:13.804961+00:00",3000,500.0000
1c5a0297-ce1a-47b2-ae7f-defc420f98d9,"2024-10-23 06:21:06.558657+00:00",5000,500.0000
1c607514-a95e-462d-ad1d-11c1949e7b73,"2024-10-21 06:54:21.808421+00:00",3000,1000.0000
1c62b54c-c481-4ef7-b68e-9a420d2713ea,"2024-10-20 03:45:18.721123+00:00",3000,500.0000
1c667c43-b14b-4812-b16b-76948302da6e,"2024-10-17 10:14:25.646969+00:00",3000,1000.0000
1c7b3b5e-84c2-4a6a-9b6d-b55b39169edc,"2024-10-22 17:09:05.760338+00:00",10000,4333.3333
1c948779-0e89-4295-8d4a-c63fda03bdda,"2024-10-21 19:02:41.979093+00:00",3000,500.0000
1c997f04-63a6-49d9-94d5-8e22cc83e1e0,"2024-10-20 00:51:31.557659+00:00",5000,2401.0000
1c997f04-63a6-49d9-94d5-8e22cc83e1e0,"2024-10-23 10:44:24.015816+00:00",25000,4333.3333
1c9e8eec-cde3-448d-b85d-2621ad2ae8ed,"2024-10-20 12:20:06.496018+00:00",3000,500.0000
1cc484d5-cb10-44bd-8802-5d8f0a9a5eb7,"2024-10-22 17:09:05.760338+00:00",10000,4333.3333
1ccbbeda-6624-43a7-abb5-3af9f721b308,"2024-10-17 10:14:25.646969+00:00",3000,1000.0000
1cd604fa-886a-442e-ba25-f5e6a52d21d7,"2024-10-19 03:00:48.507015+00:00",10000,3000.0000
1cdd7d87-2871-47ca-87c2-7f8390611335,"2024-10-16 11:25:08.038384+00:00",5402,2701.0000
1cdd7d87-2871-47ca-87c2-7f8390611335,"2024-10-17 06:09:34.974413+00:00",5404,2701.3333
1cdd7d87-2871-47ca-87c2-7f8390611335,"2024-10-18 16:37:05.091597+00:00",5413,2706.0000
1cdd7d87-2871-47ca-87c2-7f8390611335,"2024-10-19 15:30:40.641995+00:00",5430,2715.0000
1cdd7d87-2871-47ca-87c2-7f8390611335,"2024-10-19 17:02:40.243774+00:00",8145,2896.0000
1cdd7d87-2871-47ca-87c2-7f8390611335,"2024-10-20 00:01:42.348855+00:00",13576,3801.0000
1cdd7d87-2871-47ca-87c2-7f8390611335,"2024-10-20 11:57:57.809121+00:00",5431,2715.0000
1cdd7d87-2871-47ca-87c2-7f8390611335,"2024-10-21 07:45:07.303190+00:00",13578,5431.0000
1ce9bfa1-f0c1-48f1-b7fe-21c6cb241b41,"2024-10-19 04:24:29.089265+00:00",1000,500.0000
1cf645da-c96e-4019-a731-239bca6c7089,"2024-10-18 12:59:28.823889+00:00",3000,500.0000
1cf645da-c96e-4019-a731-239bca6c7089,"2024-10-21 12:05:08.565950+00:00",3000,1333.3333
1d1c57b0-18be-47a7-a609-c63576f86089,"2024-10-17 10:14:25.646969+00:00",3000,1000.0000
1d2324f2-024f-4a66-be82-89827b9f82c2,"2024-10-22 17:09:05.760338+00:00",10000,4333.3333
1d4e7545-249a-46fc-a786-a7a0485234d6,"2024-10-23 11:15:12.814158+00:00",10000,3000.0000
1d50c3e4-8137-4a82-82b5-9e33d45356eb,"2024-10-22 04:06:38.321334+00:00",10000,2101.0000
1d520d38-ecb1-43fc-9216-f76d9a46ef03,"2024-10-18 13:42:30.648901+00:00",2101,840.0000
1d7251b8-67c2-4b2d-b20d-46eae062b823,"2024-10-23 10:36:58.561032+00:00",8408,1680.6667
1d74d229-2abe-44fe-b346-04842658a04e,"2024-10-21 05:49:52.929805+00:00",10000,3000.0000
1d7b7797-c494-41b4-a52c-10a8b8944477,"2024-10-17 10:14:25.646969+00:00",3000,1000.0000
1d916034-8a40-4f5b-b4d7-074781b04d9f,"2024-10-23 02:56:27.768290+00:00",10000,3000.0000
1d9ce369-3a68-4fe0-b93a-fa0078530d5c,"2024-10-23 11:15:12.814158+00:00",10000,3000.0000
1dae16b0-eeb0-4152-b407-3f0b102f565d,"2024-10-22 02:11:39.296634+00:00",1000,500.0000
1dba9295-bbab-4aeb-b30d-b44ecc4ae9ca,"2024-10-21 02:13:05.837584+00:00",2101,840.0000
1dc15540-da1c-45ad-a2c9-381167e47c82,"2024-10-16 03:18:39.581004+00:00",10000,946.6667
1dc15540-da1c-45ad-a2c9-381167e47c82,"2024-10-16 03:19:13.281288+00:00",10000,3946.6667
1dc15540-da1c-45ad-a2c9-381167e47c82,"2024-10-16 06:57:35.048482+00:00",5000,893.3333
1dc15540-da1c-45ad-a2c9-381167e47c82,"2024-10-16 06:58:16.557501+00:00",5000,2280.0000
1dc15540-da1c-45ad-a2c9-381167e47c82,"2024-10-16 07:31:12.871165+00:00",10000,5000.0000
1dc15540-da1c-45ad-a2c9-381167e47c82,"2024-10-16 10:35:37.993369+00:00",10000,1000.0000
1dc15540-da1c-45ad-a2c9-381167e47c82,"2024-10-16 11:11:22.749188+00:00",10000,4000.0000
1dc15540-da1c-45ad-a2c9-381167e47c82,"2024-10-17 05:20:21.656585+00:00",10000,5000.0000
1dc15540-da1c-45ad-a2c9-381167e47c82,"2024-10-17 06:18:31.583205+00:00",10000,5000.0000
1dc15540-da1c-45ad-a2c9-381167e47c82,"2024-10-18 04:05:04.657319+00:00",10000,2500.0000
1dc15540-da1c-45ad-a2c9-381167e47c82,"2024-10-18 04:34:44.417656+00:00",10000,5000.0000
1dc15540-da1c-45ad-a2c9-381167e47c82,"2024-10-19 02:52:10.031271+00:00",5000,2500.0000
1dc15540-da1c-45ad-a2c9-381167e47c82,"2024-10-19 03:31:27.171542+00:00",10000,3000.0000
1dc15540-da1c-45ad-a2c9-381167e47c82,"2024-10-20 04:48:12.556606+00:00",10000,4333.3333
1dc15540-da1c-45ad-a2c9-381167e47c82,"2024-10-21 04:25:30.899597+00:00",10000,4333.3333
1dc15540-da1c-45ad-a2c9-381167e47c82,"2024-10-23 08:16:10.790187+00:00",10000,5000.0000
1e1623cc-eddd-47b6-84b1-b889666ddb1e,"2024-10-23 10:54:14.288898+00:00",1000,500.0000
1e2ab139-5800-4b9a-a3db-6ec001693667,"2024-10-17 10:14:25.646969+00:00",3000,1000.0000
1e38c300-37bf-4e84-a870-7e71e7c179df,"2024-10-21 20:18:33.407911+00:00",3000,500.0000
1e5610e3-8a5f-4f99-9d54-a8143ea40d74,"2024-10-23 18:13:18.956631+00:00",10000,840.0000
1e604aae-379f-49a8-adf6-566d6c9ea4b7,"2024-10-17 10:14:25.646969+00:00",3000,1000.0000
1e81ac35-b2ef-49a4-a312-cd84f447b331,"2024-10-23 10:54:14.288898+00:00",1000,500.0000
1e8a31dc-2eb7-4b05-80dd-70dca9b61291,"2024-10-17 10:14:25.646969+00:00",3000,1000.0000
1e8d5f8c-95d8-428f-b0ab-8c9dd66d83c5,"2024-10-23 11:15:12.814158+00:00",10000,3000.0000
1ea59bd7-8526-45e8-9141-ac942bcb568f,"2024-10-20 11:39:26.024696+00:00",3000,500.0000
1eeb797c-706c-4006-8992-3dc5d062ca15,"2024-10-23 10:54:14.288898+00:00",1000,500.0000
1f045925-342b-48a2-a471-38a08f446d6f,"2024-10-19 07:04:47.833203+00:00",1000,500.0000
1f045925-342b-48a2-a471-38a08f446d6f,"2024-10-20 06:17:45.820328+00:00",10000,666.6667
1f1a9120-3da6-4d0f-b43a-de66a230c010,"2024-10-19 02:12:36.134367+00:00",3000,500.0000
1f29c0b0-71b9-4244-b9d3-35da62088c04,"2024-10-17 10:14:25.646969+00:00",3000,1000.0000
1f4699a4-0573-4599-8c4a-9192f4be2b31,"2024-10-18 00:34:50.220572+00:00",10000,5000.0000
1f48104c-987c-45e3-8809-fc8f83795ad5,"2024-10-23 10:54:14.288898+00:00",1000,500.0000
1f4d0fbf-f9d4-4b74-8309-92a9002c512b,"2024-10-23 11:15:12.814158+00:00",10000,3000.0000
1f4f3d2e-01f7-4948-b28f-6a1d39970597,"2024-10-21 12:54:13.745791+00:00",3000,1000.0000
1f4f3d2e-01f7-4948-b28f-6a1d39970597,"2024-10-23 09:22:46.885148+00:00",5000,1666.6667
1f539abc-b248-41fc-b8db-ee0b5ad4503e,"2024-10-16 03:18:39.581004+00:00",10000,946.6667
1f539abc-b248-41fc-b8db-ee0b5ad4503e,"2024-10-16 03:19:13.281288+00:00",10000,3946.6667
1f539abc-b248-41fc-b8db-ee0b5ad4503e,"2024-10-16 06:57:35.048482+00:00",5000,893.3333
1f539abc-b248-41fc-b8db-ee0b5ad4503e,"2024-10-16 06:58:16.557501+00:00",5000,2280.0000
1f539abc-b248-41fc-b8db-ee0b5ad4503e,"2024-10-16 07:31:12.871165+00:00",10000,5000.0000
1f539abc-b248-41fc-b8db-ee0b5ad4503e,"2024-10-16 10:35:37.993369+00:00",10000,1000.0000
1f539abc-b248-41fc-b8db-ee0b5ad4503e,"2024-10-16 11:11:22.749188+00:00",10000,4000.0000
1f539abc-b248-41fc-b8db-ee0b5ad4503e,"2024-10-17 05:20:21.656585+00:00",10000,5000.0000
1f539abc-b248-41fc-b8db-ee0b5ad4503e,"2024-10-17 06:18:31.583205+00:00",10000,5000.0000
1f539abc-b248-41fc-b8db-ee0b5ad4503e,"2024-10-18 04:05:04.657319+00:00",10000,2500.0000
1f539abc-b248-41fc-b8db-ee0b5ad4503e,"2024-10-18 04:34:44.417656+00:00",10000,5000.0000
1f539abc-b248-41fc-b8db-ee0b5ad4503e,"2024-10-19 02:52:10.031271+00:00",5000,2500.0000
1f539abc-b248-41fc-b8db-ee0b5ad4503e,"2024-10-19 03:31:27.171542+00:00",10000,3000.0000
1f539abc-b248-41fc-b8db-ee0b5ad4503e,"2024-10-20 04:48:12.556606+00:00",10000,4333.3333
1f539abc-b248-41fc-b8db-ee0b5ad4503e,"2024-10-21 04:25:30.899597+00:00",10000,4333.3333
1f539abc-b248-41fc-b8db-ee0b5ad4503e,"2024-10-23 08:16:10.790187+00:00",10000,5000.0000
1f5d08cd-6665-4f1d-825c-6675c55dce1c,"2024-10-23 13:42:53.076130+00:00",3000,500.0000
1f62ffb8-61fe-4451-af94-a80142e72583,"2024-10-23 16:56:52.726179+00:00",3000,500.0000
1f73bd09-b6bf-4f7d-83e7-9e4480a07aba,"2024-10-20 00:12:52.027549+00:00",10000,3000.0000
1f8eed9d-6825-48a4-9781-8bc18daa1f40,"2024-10-22 16:47:57.047237+00:00",3000,500.0000
1fd1d15f-dce7-4bb9-8350-b9df9d992fbe,"2024-10-22 17:09:05.760338+00:00",10000,4333.3333
1fd56bf2-49bd-482f-b48d-6f8d73a2cc98,"2024-10-17 10:14:25.646969+00:00",3000,1000.0000
1ff0910c-4a8a-42cb-9af6-d1b173c3a017,"2024-10-23 06:03:09.829429+00:00",1000,500.0000
1ff76248-ae71-479a-8275-24f2409b450a,"2024-10-23 03:21:20.582083+00:00",10000,5000.0000
2055c081-eb20-44c8-adce-0a00ee2c4414,"2024-10-22 04:48:50.948917+00:00",2500,1000.0000
207fb781-3c2c-40a9-9a22-e90a5bf15d50,"2024-10-16 11:43:19.566659+00:00",10000,3666.6667
207fb781-3c2c-40a9-9a22-e90a5bf15d50,"2024-10-17 10:45:02.411196+00:00",10000,5000.0000
207fb781-3c2c-40a9-9a22-e90a5bf15d50,"2024-10-18 06:02:14.552401+00:00",10000,5000.0000
207fb781-3c2c-40a9-9a22-e90a5bf15d50,"2024-10-19 08:44:52.111528+00:00",10000,5000.0000
207fc4e5-d319-478f-b067-9e3f2d5db93c,"2024-10-21 09:57:07.413339+00:00",3000,500.0000
208c8688-8d74-4dab-bc4e-f491294ebe64,"2024-10-17 12:21:10.059658+00:00",1000,500.0000
20b6909c-69b4-4484-afd6-73687c5c9408,"2024-10-16 03:18:39.581004+00:00",10000,946.6667
20b6909c-69b4-4484-afd6-73687c5c9408,"2024-10-16 03:19:13.281288+00:00",10000,3946.6667
20b6909c-69b4-4484-afd6-73687c5c9408,"2024-10-16 06:57:35.048482+00:00",5000,893.3333
20b6909c-69b4-4484-afd6-73687c5c9408,"2024-10-16 06:58:16.557501+00:00",5000,2280.0000
20b6909c-69b4-4484-afd6-73687c5c9408,"2024-10-16 07:31:12.871165+00:00",10000,5000.0000
20b6909c-69b4-4484-afd6-73687c5c9408,"2024-10-16 10:35:37.993369+00:00",10000,1000.0000
20b6909c-69b4-4484-afd6-73687c5c9408,"2024-10-16 11:11:22.749188+00:00",10000,4000.0000
20b6909c-69b4-4484-afd6-73687c5c9408,"2024-10-17 05:20:21.656585+00:00",10000,5000.0000
20b6909c-69b4-4484-afd6-73687c5c9408,"2024-10-17 06:18:31.583205+00:00",10000,5000.0000
20b6909c-69b4-4484-afd6-73687c5c9408,"2024-10-18 04:05:04.657319+00:00",10000,2500.0000
20b6909c-69b4-4484-afd6-73687c5c9408,"2024-10-18 04:34:44.417656+00:00",10000,5000.0000
20b6909c-69b4-4484-afd6-73687c5c9408,"2024-10-19 02:52:10.031271+00:00",5000,2500.0000
20b6909c-69b4-4484-afd6-73687c5c9408,"2024-10-19 03:31:27.171542+00:00",10000,3000.0000
20b6909c-69b4-4484-afd6-73687c5c9408,"2024-10-20 04:48:12.556606+00:00",10000,4333.3333
20b6909c-69b4-4484-afd6-73687c5c9408,"2024-10-21 04:25:30.899597+00:00",10000,4333.3333
20b6909c-69b4-4484-afd6-73687c5c9408,"2024-10-23 08:16:10.790187+00:00",10000,5000.0000
20d63671-ad7f-4fb3-adc6-7986080a0c98,"2024-10-17 10:14:25.646969+00:00",3000,1000.0000
20dba516-4d12-42e6-9a2a-247a90e0e9bb,"2024-10-22 04:14:23.976775+00:00",10000,500.0000
20ea7f7a-72d4-4579-9b19-9d267d72e14c,"2024-10-17 16:58:53.460288+00:00",1000,500.0000
21234b1c-931e-4a3a-9c38-ae5ddb92d8cf,"2024-10-22 11:13:15.138606+00:00",5000,500.0000
214a7b8e-3125-4e4f-966d-a50e9cdde890,"2024-10-18 01:14:39.534262+00:00",8405,4202.0000
216a9940-a9b8-42af-990c-5f54e269f887,"2024-10-20 13:49:20.961948+00:00",1000,500.0000
219cb2fb-cf53-4063-a3db-50938cb34c20,"2024-10-17 13:23:33.113688+00:00",2101,840.0000
21aeb90f-4ce1-40e9-b6cb-cde5be0b3346,"2024-10-17 10:14:25.646969+00:00",3000,1000.0000
21b1f537-d66b-4d46-8daf-60c229fec54d,"2024-10-17 10:14:25.646969+00:00",3000,1000.0000
21e0a3fd-bc5e-436e-ae05-ab923a8e01f9,"2024-10-22 02:24:55.498253+00:00",1681,840.0000
21e0a3fd-bc5e-436e-ae05-ab923a8e01f9,"2024-10-23 00:45:42.757077+00:00",8408,1120.3333
21e0a3fd-bc5e-436e-ae05-ab923a8e01f9,"2024-10-23 00:48:15.080385+00:00",10000,4484.0000
21e8a5db-138c-4b2b-a134-7a7fa0f53a54,"2024-10-23 11:15:12.814158+00:00",10000,3000.0000
21f5380c-5de9-44c2-b08c-7aee4e042224,"2024-10-20 10:51:15.462254+00:00",3000,500.0000
220cfc7d-3e75-4539-a534-10a2b1229f29,"2024-10-22 17:09:05.760338+00:00",10000,4333.3333
224e7532-4028-47ae-9673-1d4837235b12,"2024-10-20 21:40:11.162833+00:00",10000,500.0000
22521b48-c53d-40b0-a457-7a225713556f,"2024-10-20 06:07:08.904674+00:00",3000,500.0000
2272b3c0-d20a-4dea-b449-dd87bc52e757,"2024-10-23 16:44:43.522469+00:00",5403,1084.0000
22a1adf7-a405-4a68-80af-9cf0d4b88333,"2024-10-17 16:58:53.460288+00:00",1000,500.0000
22c07fec-dc6d-4152-9371-70cb197cf3a4,"2024-10-21 12:06:37.888275+00:00",50000,25000.0000
22c07fec-dc6d-4152-9371-70cb197cf3a4,"2024-10-22 02:12:29.800091+00:00",25000,10000.0000
22cd2fc2-636c-4aac-9752-2d35f086114e,"2024-10-17 10:14:25.646969+00:00",3000,1000.0000
22cdeb11-a50d-4c2a-904b-df6ad9fae410,"2024-10-20 10:51:55.345963+00:00",3000,500.0000
22e391b8-7a3d-4519-852a-00cca7b4a3a5,"2024-10-17 10:14:25.646969+00:00",3000,1000.0000
23061e0e-337e-4ae5-b031-5a5d8515bb44,"2024-10-22 17:09:05.760338+00:00",10000,4333.3333
23073ed8-ccba-46e6-990f-c7c821171949,"2024-10-23 14:37:23.260196+00:00",1000,500.0000
2340223a-0016-4721-905c-1efce0e8ca54,"2024-10-19 11:48:09.687513+00:00",10000,3000.0000
234c6a1a-c0b9-408c-832c-0e483dedf02e,"2024-10-19 19:24:37.542592+00:00",5000,1000.0000
2374bfe0-fa8b-4d74-9414-66ddef8270c6,"2024-10-20 05:04:12.176624+00:00",1000,500.0000
237e8a3b-43ad-4e94-aac5-120b0e8f525d,"2024-10-20 06:50:23.916162+00:00",3000,500.0000
23ad7159-272c-4de7-80fa-bef976044428,"2024-10-20 09:04:42.064904+00:00",2500,1000.0000
23d67401-cbe6-465e-b493-6e34bb8b5a4b,"2024-10-19 11:01:49.662740+00:00",1000,500.0000
23e74040-f631-46f6-8a3d-75b291d9787a,"2024-10-18 14:19:18.915151+00:00",3000,500.0000
24225cf8-4e6e-457f-9704-ea0353e3b646,"2024-10-17 10:14:25.646969+00:00",3000,1000.0000
24336669-ac24-4994-a49e-eec0888eadd2,"2024-10-16 03:18:39.581004+00:00",10000,946.6667
24336669-ac24-4994-a49e-eec0888eadd2,"2024-10-16 03:19:13.281288+00:00",10000,3946.6667
24336669-ac24-4994-a49e-eec0888eadd2,"2024-10-16 06:57:35.048482+00:00",5000,893.3333
24336669-ac24-4994-a49e-eec0888eadd2,"2024-10-16 06:58:16.557501+00:00",5000,2280.0000
24336669-ac24-4994-a49e-eec0888eadd2,"2024-10-16 07:31:12.871165+00:00",10000,5000.0000
24336669-ac24-4994-a49e-eec0888eadd2,"2024-10-16 10:35:37.993369+00:00",10000,1000.0000
24336669-ac24-4994-a49e-eec0888eadd2,"2024-10-16 11:11:22.749188+00:00",10000,4000.0000
24336669-ac24-4994-a49e-eec0888eadd2,"2024-10-17 05:20:21.656585+00:00",10000,5000.0000
24336669-ac24-4994-a49e-eec0888eadd2,"2024-10-17 06:18:31.583205+00:00",10000,5000.0000
24336669-ac24-4994-a49e-eec0888eadd2,"2024-10-18 04:05:04.657319+00:00",10000,2500.0000
24336669-ac24-4994-a49e-eec0888eadd2,"2024-10-18 04:34:44.417656+00:00",10000,5000.0000
24336669-ac24-4994-a49e-eec0888eadd2,"2024-10-19 02:52:10.031271+00:00",5000,2500.0000
24336669-ac24-4994-a49e-eec0888eadd2,"2024-10-19 03:31:27.171542+00:00",10000,3000.0000
24336669-ac24-4994-a49e-eec0888eadd2,"2024-10-20 04:48:12.556606+00:00",10000,4333.3333
24336669-ac24-4994-a49e-eec0888eadd2,"2024-10-21 04:25:30.899597+00:00",10000,4333.3333
24336669-ac24-4994-a49e-eec0888eadd2,"2024-10-23 08:16:10.790187+00:00",10000,5000.0000
24601df7-5783-4249-b9d6-f2ba66f74629,"2024-10-21 12:54:13.745791+00:00",3000,1000.0000
24601df7-5783-4249-b9d6-f2ba66f74629,"2024-10-23 09:22:46.885148+00:00",5000,1666.6667
24bc5e6b-c528-45ba-9c53-3e8dfb8b5b95,"2024-10-19 11:27:12.044316+00:00",10000,5000.0000
24d189d8-bb32-4edf-be05-9965196b9266,"2024-10-23 04:42:09.936624+00:00",3000,500.0000
24f6b7da-cb16-4e3a-97af-639cb6fd546b,"2024-10-19 04:04:40.250799+00:00",10000,2000.0000
24ffb19f-ae3d-4b28-ac0f-39de46346927,"2024-10-17 10:14:25.646969+00:00",3000,1000.0000
25105720-5485-4ba2-bf28-097689cc6b18,"2024-10-19 01:28:30.206461+00:00",3000,500.0000
252f24cc-3016-4666-8a76-04598b3770a6,"2024-10-23 11:15:12.814158+00:00",10000,3000.0000
2533205f-3746-4b7b-81d2-dd026c10236d,"2024-10-21 23:46:59.380601+00:00",1000,500.0000
2567aefb-fdae-4fde-b001-92ded838a664,"2024-10-20 11:13:22.698795+00:00",4203,840.0000
258cfce3-6469-43af-9373-3b53b99e55e9,"2024-10-18 09:16:23.203226+00:00",1000,500.0000
259af27b-0b68-495f-9042-ae9b8bb0270d,"2024-10-17 10:14:25.646969+00:00",3000,1000.0000
25ab78c7-bce9-42be-a95a-bd6e9cfcca55,"2024-10-19 05:30:29.783604+00:00",3000,500.0000
25b8670e-e8ca-4308-9091-27d9e2e84130,"2024-10-17 12:21:10.059658+00:00",1000,500.0000
25ed1eb9-5e3b-47c9-aaf7-770407eae7b3,"2024-10-22 17:09:05.760338+00:00",10000,4333.3333
2610cd99-0a96-4da7-8882-ef2a839a92b7,"2024-10-17 10:14:25.646969+00:00",3000,1000.0000
2617568f-8cf3-4b37-9340-0417549d9c13,"2024-10-18 22:52:46.147691+00:00",5000,500.0000
261b9618-9a6b-4b8e-b52e-02c7507ac106,"2024-10-17 10:14:25.646969+00:00",3000,1000.0000
2634b577-c450-468a-b218-b9f262365d4c,"2024-10-23 11:15:12.814158+00:00",10000,3000.0000
2665671c-77a5-4394-ba29-cbb49b578132,"2024-10-17 10:14:25.646969+00:00",3000,1000.0000
26ae0458-087c-4b66-ae25-14723ededeac,"2024-10-17 10:14:25.646969+00:00",3000,1000.0000
26bfcb09-4279-40d9-ad02-7c4e6837e9ac,"2024-10-20 13:23:00.253229+00:00",1000,500.0000
26c1907c-7c30-45cc-b3a9-2ecdd30df4f3,"2024-10-19 03:00:48.507015+00:00",10000,3000.0000
26d4fc40-24fe-459f-9921-2dd64ad9e9b9,"2024-10-23 16:16:21.217801+00:00",3000,500.0000
26dba467-ceed-4946-bf92-ad42b9747959,"2024-10-22 09:03:20.148914+00:00",2000,500.0000
26e00a2b-b1a4-4800-b211-6a3e073e3623,"2024-10-19 07:03:33.324221+00:00",3000,500.0000
26ed6480-87a7-4638-a536-03a359c9551d,"2024-10-23 07:10:49.408326+00:00",5000,1000.0000
26fa4c3d-0349-475a-a345-c2a4add89c32,"2024-10-21 10:14:12.256483+00:00",1000,500.0000
2725dfff-e27e-4c7a-b682-61f74529d1a8,"2024-10-17 10:14:25.646969+00:00",3000,1000.0000
274ee7ad-3928-4cdd-9f4c-b92d9e408996,"2024-10-17 10:14:25.646969+00:00",3000,1000.0000
277df186-78f2-4725-a559-dbe532930ce2,"2024-10-17 00:30:57.635196+00:00",3000,500.0000
277e3907-8076-4d56-b800-2209ef5fe3ae,"2024-10-17 01:43:34.189221+00:00",10000,5000.0000
278dc695-0237-4174-ac7d-82a8acf73411,"2024-10-17 16:58:53.460288+00:00",1000,500.0000
27a403a1-fe65-4d14-a1de-72e68b9c4e06,"2024-10-18 03:05:42.779952+00:00",10000,500.0000
27a824ba-fb1a-4cee-b905-2b0db043c267,"2024-10-17 10:14:25.646969+00:00",3000,1000.0000
27c1daf0-92c1-49ca-8146-97b8ba95f788,"2024-10-18 15:11:32.968009+00:00",10000,5000.0000
27ed2dd5-f8ef-41b1-bb88-93ac69fb2b70,"2024-10-17 16:58:53.460288+00:00",1000,500.0000
27fbb58e-a04a-4775-9626-6a6e56f64c11,"2024-10-17 10:14:25.646969+00:00",3000,1000.0000
286b7bd6-322f-4fcb-9390-1a2dce9911c0,"2024-10-23 11:15:12.814158+00:00",10000,3000.0000
287e49bf-88e0-400f-9d14-7374da29ab2a,"2024-10-23 04:59:19.314473+00:00",1000,500.0000
2884ecd9-05c6-4119-b334-597c3ebec95d,"2024-10-19 19:24:37.542592+00:00",5000,1000.0000
288e8792-9004-4bcf-a381-f22e35162c52,"2024-10-18 12:57:43.832190+00:00",3000,500.0000
28b4770b-9198-46c9-8dcf-d6e9577669b1,"2024-10-21 12:26:44.363387+00:00",10000,4000.0000
28d534b0-6f66-48a1-9056-33add320e9b6,"2024-10-19 12:03:40.241587+00:00",10000,5000.0000
28f00f97-0e72-455d-8d3f-e576e39fd873,"2024-10-21 02:02:42.310952+00:00",10000,5000.0000
29293db1-ca0a-4ef9-a9e3-b08c21c7b7a8,"2024-10-17 16:58:53.460288+00:00",1000,500.0000
29436bc4-97fe-4029-a9d4-47cdcaab0010,"2024-10-19 06:28:04.304063+00:00",3000,500.0000
295003b0-dc13-49ad-9cec-c0ed113a3060,"2024-10-22 02:12:07.929220+00:00",1000,500.0000
2981dc20-58db-48ec-a784-8cc691a8a7d9,"2024-10-19 03:31:27.171542+00:00",10000,920.0000
298f7808-4720-4181-81ca-8b34e5078571,"2024-10-17 10:14:25.646969+00:00",3000,1000.0000
29d8b0ba-2f85-4603-8242-cfc6ecd43d4b,"2024-10-23 16:40:40.962086+00:00",2701,1084.0000
29d8b0ba-2f85-4603-8242-cfc6ecd43d4b,"2024-10-23 16:44:43.522469+00:00",5403,1892.5000
2a1dba85-98f6-4de6-8eda-42ff2c05519f,"2024-10-17 10:14:25.646969+00:00",3000,1000.0000
2a60c60e-6879-44e5-aedb-3d6701ec2a39,"2024-10-20 14:07:58.675321+00:00",2500,750.0000
2a97a654-0859-43c8-9f16-444a2ed2d151,"2024-10-17 10:14:25.646969+00:00",3000,1000.0000
2abd9daf-af85-442f-8303-49316aea1655,"2024-10-18 02:35:08.537775+00:00",1000,500.0000
2abe94f5-6398-4ffe-ba0a-f88180ef93d0,"2024-10-17 10:14:25.646969+00:00",3000,1000.0000
2ac00489-18ad-42a4-956d-8ca94c0393a4,"2024-10-18 05:24:25.458117+00:00",10000,4000.0000
2b208d80-0332-4f97-b9cf-ba5824de8a2f,"2024-10-17 12:21:10.059658+00:00",1000,500.0000
2b61977d-5b91-4a85-82b1-e9fe6d984aba,"2024-10-17 01:12:30.905403+00:00",1000,500.0000
2b61977d-5b91-4a85-82b1-e9fe6d984aba,"2024-10-21 04:51:03.594297+00:00",3000,1000.0000
2b7f34fb-0b8c-41a8-aaeb-9bc275c00af7,"2024-10-18 02:10:03.925455+00:00",3000,500.0000
2b8cab0a-496b-40c8-96b7-7c3fa19fab35,"2024-10-23 11:15:12.814158+00:00",10000,3000.0000
2b8f0aba-ee82-4937-92c1-e7fa440557a7,"2024-10-17 10:14:25.646969+00:00",3000,1000.0000
2bc707d0-f334-4ee0-805e-e7006e24217d,"2024-10-21 12:14:22.196217+00:00",1000,500.0000
2bc7e3bb-d67e-4e44-be05-2ebe7a4b9fa1,"2024-10-17 16:58:53.460288+00:00",1000,500.0000
2c03d164-d3c8-4d40-a5fc-e7b3cd16e4e1,"2024-10-21 12:54:13.745791+00:00",3000,1000.0000
2c03d164-d3c8-4d40-a5fc-e7b3cd16e4e1,"2024-10-23 09:22:46.885148+00:00",5000,1666.6667
2c0e052c-836d-45f7-9d4d-39d475f5480e,"2024-10-22 20:22:26.200119+00:00",10000,3000.0000
2c183d66-2a01-4f61-a12f-0edc8b79e379,"2024-10-22 08:42:00.846768+00:00",2500,500.0000
2c2ec6af-70f5-469d-98d8-e356a17dad28,"2024-10-18 08:43:55.830505+00:00",3000,500.0000
2c3e7b2d-8344-4078-bc14-2ace1b63d573,"2024-10-20 05:29:01.486637+00:00",5000,500.0000
2c3e7b2d-8344-4078-bc14-2ace1b63d573,"2024-10-21 02:06:41.424585+00:00",10000,2000.0000
2c3edfd6-b6e8-48b7-b9f9-a38e6fd069eb,"2024-10-19 14:28:21.663657+00:00",10000,4000.0000
2c4741a8-47c7-4e20-aa13-ca1f5bb5bde2,"2024-10-17 10:14:25.646969+00:00",3000,1000.0000
2c5040d7-540f-4790-ae24-27072c3f154e,"2024-10-23 11:15:12.814158+00:00",10000,3000.0000
2c682472-20e5-4f47-b225-0cf4674abdc3,"2024-10-19 08:26:44.220594+00:00",1000,500.0000
2c6ba4d2-e4b5-4f46-be87-f06be3c9ea17,"2024-10-21 01:13:49.716992+00:00",2500,1000.0000
2c947a5a-ebd1-466c-b00a-7fb5f3f5f160,"2024-10-21 12:04:36.686533+00:00",3000,1333.3333
2c947a5a-ebd1-466c-b00a-7fb5f3f5f160,"2024-10-21 13:26:42.995267+00:00",3000,1333.3333
2c947a5a-ebd1-466c-b00a-7fb5f3f5f160,"2024-10-23 03:10:11.902994+00:00",3000,500.0000
2ca2c3b2-d449-4d59-95d3-f3f8a3a58d30,"2024-10-17 08:25:14.686303+00:00",1000,500.0000
2ca3d7ba-044b-41a4-9b48-d6a29189d789,"2024-10-16 11:25:08.038384+00:00",5402,2701.0000
2ca3d7ba-044b-41a4-9b48-d6a29189d789,"2024-10-17 06:09:34.974413+00:00",5404,2701.3333
2ca3d7ba-044b-41a4-9b48-d6a29189d789,"2024-10-18 16:37:05.091597+00:00",5413,2706.0000
2ca3d7ba-044b-41a4-9b48-d6a29189d789,"2024-10-19 15:30:40.641995+00:00",5430,2715.0000
2ca3d7ba-044b-41a4-9b48-d6a29189d789,"2024-10-19 17:02:40.243774+00:00",8145,2896.0000
2ca3d7ba-044b-41a4-9b48-d6a29189d789,"2024-10-20 00:01:42.348855+00:00",13576,3801.0000
2ca3d7ba-044b-41a4-9b48-d6a29189d789,"2024-10-20 11:57:57.809121+00:00",5431,2715.0000
2ca3d7ba-044b-41a4-9b48-d6a29189d789,"2024-10-21 07:45:07.303190+00:00",13578,5431.0000
2caf8d4e-08b6-4e04-8d00-42a717a2b1db,"2024-10-20 01:56:46.994719+00:00",10000,500.0000
2cb806e0-6a7b-4597-a9d8-45d7a1f8d455,"2024-10-17 10:14:25.646969+00:00",3000,1000.0000
2cc28f9d-0baf-4c9b-a0b7-662759ace254,"2024-10-19 19:24:37.542592+00:00",5000,1000.0000
2cda1fa8-537c-4153-aba2-2fa2da004239,"2024-10-23 00:20:14.729162+00:00",2701,542.0000
2cda1fa8-537c-4153-aba2-2fa2da004239,"2024-10-23 00:20:46.020574+00:00",2701,1261.6667
2cddc8e1-348e-4849-8cc9-a0679383e169,"2024-10-17 12:21:10.059658+00:00",1000,500.0000
2ce187b6-803d-41f2-bdda-d736d7799eef,"2024-10-23 11:15:12.814158+00:00",10000,3000.0000
2cec0a66-3fb5-45c7-bc40-f46b48da8607,"2024-10-19 17:26:01.341714+00:00",1000,500.0000
2d0f55da-9d53-4454-9bc6-a52f85cf4fd5,"2024-10-23 11:15:12.814158+00:00",10000,3000.0000
2d126b7e-57cf-41ae-a05d-d80219f5e247,"2024-10-18 05:45:01.499123+00:00",1000,500.0000
2d438cc3-eee7-4e66-bb1e-1696651478ad,"2024-10-19 07:29:20.444732+00:00",1000,500.0000
2d5b0d1f-3b6a-470a-8563-fd25738df25f,"2024-10-22 17:09:05.760338+00:00",10000,4333.3333
2d60ae46-5a96-414e-83a1-05990fa3f836,"2024-10-20 00:51:31.557659+00:00",5000,2401.0000
2d60ae46-5a96-414e-83a1-05990fa3f836,"2024-10-23 10:44:24.015816+00:00",25000,4333.3333
2d630660-1d27-402c-94cf-913cdef37726,"2024-10-17 10:14:25.646969+00:00",3000,1000.0000
2d7f1a90-0cb5-44a0-b92b-8f215d265943,"2024-10-20 12:08:35.540184+00:00",3000,500.0000
2db7edf1-81e9-457c-90c1-0a175dac3dd8,"2024-10-19 19:30:46.751184+00:00",3000,1333.3333
2db7edf1-81e9-457c-90c1-0a175dac3dd8,"2024-10-19 19:33:57.405146+00:00",3000,1333.3333
2db7edf1-81e9-457c-90c1-0a175dac3dd8,"2024-10-22 16:49:52.449155+00:00",3000,1333.3333
2db7edf1-81e9-457c-90c1-0a175dac3dd8,"2024-10-23 03:53:42.805465+00:00",3000,500.0000
2db7edf1-81e9-457c-90c1-0a175dac3dd8,"2024-10-23 04:39:28.723228+00:00",3000,1333.3333
2dda1559-42d2-4d1d-abc0-0292170321a3,"2024-10-23 10:54:14.288898+00:00",1000,500.0000
2de7346e-1f86-43e2-bd66-424106d3144a,"2024-10-18 01:06:16.311704+00:00",10000,500.0000
2de9f227-c5b7-4618-8f73-4f3bfd85c078,"2024-10-23 11:15:12.814158+00:00",10000,3000.0000
2dfaff52-2030-48f2-bed4-4af69c75fa64,"2024-10-19 01:28:42.923409+00:00",3000,500.0000
2e2042c9-da23-42ad-a07d-b5d1bfc0c8a6,"2024-10-17 16:58:53.460288+00:00",1000,500.0000
2e45bec7-e4ae-48ee-b1a8-ced55de72dc1,"2024-10-17 12:21:10.059658+00:00",1000,500.0000
2e4bb8fd-60ee-4ddf-b3e6-0162d39bdc12,"2024-10-18 08:39:36.857470+00:00",1000,500.0000
2e5b1c14-1337-4678-8453-d2e370195479,"2024-10-21 16:29:02.152031+00:00",3000,500.0000
2f38b74c-61fc-4966-9f8c-c1f1282a4504,"2024-10-17 06:21:30.386271+00:00",10000,500.0000
2f715c04-212a-4f2f-97ad-f5cbb360e4da,"2024-10-19 15:58:13.722362+00:00",3000,500.0000
2f901805-ef14-48fd-8b53-9b863151df4d,"2024-10-16 03:18:39.581004+00:00",10000,946.6667
2f901805-ef14-48fd-8b53-9b863151df4d,"2024-10-16 03:19:13.281288+00:00",10000,3946.6667
2f901805-ef14-48fd-8b53-9b863151df4d,"2024-10-16 06:57:35.048482+00:00",5000,893.3333
2f901805-ef14-48fd-8b53-9b863151df4d,"2024-10-16 06:58:16.557501+00:00",5000,2280.0000
2f901805-ef14-48fd-8b53-9b863151df4d,"2024-10-16 07:31:12.871165+00:00",10000,5000.0000
2f901805-ef14-48fd-8b53-9b863151df4d,"2024-10-16 10:35:37.993369+00:00",10000,1000.0000
2f901805-ef14-48fd-8b53-9b863151df4d,"2024-10-16 11:11:22.749188+00:00",10000,4000.0000
2f901805-ef14-48fd-8b53-9b863151df4d,"2024-10-17 05:20:21.656585+00:00",10000,5000.0000
2f901805-ef14-48fd-8b53-9b863151df4d,"2024-10-17 06:18:31.583205+00:00",10000,5000.0000
2f901805-ef14-48fd-8b53-9b863151df4d,"2024-10-18 04:05:04.657319+00:00",10000,2500.0000
2f901805-ef14-48fd-8b53-9b863151df4d,"2024-10-18 04:34:44.417656+00:00",10000,5000.0000
2f901805-ef14-48fd-8b53-9b863151df4d,"2024-10-19 02:52:10.031271+00:00",5000,2500.0000
2f901805-ef14-48fd-8b53-9b863151df4d,"2024-10-19 03:31:27.171542+00:00",10000,3000.0000
2f901805-ef14-48fd-8b53-9b863151df4d,"2024-10-20 04:48:12.556606+00:00",10000,4333.3333
2f901805-ef14-48fd-8b53-9b863151df4d,"2024-10-21 04:25:30.899597+00:00",10000,4333.3333
2f901805-ef14-48fd-8b53-9b863151df4d,"2024-10-23 08:16:10.790187+00:00",10000,5000.0000
2f9d36c4-127a-4bb0-ace1-ad0bd716547a,"2024-10-20 11:21:23.976028+00:00",10000,5000.0000
2fb6a4a7-0072-4845-bf5a-ac91df7b0847,"2024-10-17 12:21:10.059658+00:00",1000,500.0000
2fd5e0fe-fd0c-44d8-b2c3-4dd22c3a58b6,"2024-10-23 02:50:21.696938+00:00",3000,500.0000
2fda125b-aea9-479c-8a86-12042ea684bc,"2024-10-20 01:51:21.677885+00:00",3000,500.0000
2ff218b8-3c68-4409-9501-b9a80d46c7f6,"2024-10-20 00:51:31.557659+00:00",5000,2401.0000
2ff218b8-3c68-4409-9501-b9a80d46c7f6,"2024-10-23 10:44:24.015816+00:00",25000,4333.3333
300b42c5-1929-4eed-b82d-78157386989c,"2024-10-21 22:30:59.712206+00:00",1027,513.0000
300fefd1-12a6-475c-983f-220240e8d839,"2024-10-22 05:19:41.132420+00:00",3000,500.0000
30405f1e-d955-4a9c-aab0-fbb98551ed19,"2024-10-17 12:21:10.059658+00:00",1000,500.0000
305322e6-867e-4746-b4e4-7a29315162b5,"2024-10-19 12:54:39.955931+00:00",5000,1260.5000
308cf956-9690-465f-a24a-af378268e95b,"2024-10-20 09:17:01.620027+00:00",3000,500.0000
3093a194-3545-455f-bb35-f12331bd5f45,"2024-10-20 14:34:16.618108+00:00",3000,500.0000
31013fc5-3206-4682-8ce4-fbade0b94aba,"2024-10-22 17:09:05.760338+00:00",10000,4333.3333
311677fd-b34c-40d6-b618-6d87d5600a77,"2024-10-23 16:44:43.522469+00:00",5403,1084.0000
31265237-b9a4-4247-b7d5-4b7387bc4b44,"2024-10-22 09:53:09.380463+00:00",10000,500.0000
3143dcee-d247-453b-b6c3-9abaaf6fd176,"2024-10-19 14:14:24.800005+00:00",10000,500.0000
3144260f-acad-4578-b217-55dd63bfdbd2,"2024-10-17 10:14:25.646969+00:00",3000,1000.0000
314ce0bd-ddb0-42d6-8fb8-0913d0c2e98c,"2024-10-17 04:21:51.283209+00:00",3000,500.0000
314ce0bd-ddb0-42d6-8fb8-0913d0c2e98c,"2024-10-23 13:13:05.966340+00:00",5000,2166.6667
319afe90-d842-41d0-b570-c15f9cdd6676,"2024-10-23 10:54:14.288898+00:00",1000,500.0000
31bac9c3-736b-45ac-9c87-d432c8b25f9a,"2024-10-17 13:04:37.490703+00:00",3000,500.0000
31bb88d4-3ba3-422d-842d-38639a421faa,"2024-10-18 02:43:59.902049+00:00",3000,1000.0000
31bb88d4-3ba3-422d-842d-38639a421faa,"2024-10-20 02:53:31.354242+00:00",5000,1666.6667
31bb88d4-3ba3-422d-842d-38639a421faa,"2024-10-23 03:46:09.866992+00:00",5000,2333.3333
31e61fc9-2eb5-429e-9bd0-a496fe9cdd15,"2024-10-22 17:04:32.663800+00:00",10000,3000.0000
31f30372-4565-4127-8985-0be679b28958,"2024-10-23 16:26:58.449068+00:00",10000,500.0000
3205487b-3004-4925-88bf-002975818f18,"2024-10-17 10:14:25.646969+00:00",3000,1000.0000
3215b095-f71b-44be-811a-3044d373b5fc,"2024-10-21 12:54:13.745791+00:00",3000,1000.0000
3215b095-f71b-44be-811a-3044d373b5fc,"2024-10-23 09:22:46.885148+00:00",5000,1666.6667
322e70df-2d85-4d73-92ed-ce27a394777e,"2024-10-19 01:06:41.843516+00:00",10000,3000.0000
324dae47-8ac9-4df0-9a08-7e01e778b490,"2024-10-16 03:18:39.581004+00:00",10000,946.6667
324dae47-8ac9-4df0-9a08-7e01e778b490,"2024-10-16 03:19:13.281288+00:00",10000,3946.6667
324dae47-8ac9-4df0-9a08-7e01e778b490,"2024-10-16 06:57:35.048482+00:00",5000,893.3333
324dae47-8ac9-4df0-9a08-7e01e778b490,"2024-10-16 06:58:16.557501+00:00",5000,2280.0000
324dae47-8ac9-4df0-9a08-7e01e778b490,"2024-10-16 07:31:12.871165+00:00",10000,5000.0000
324dae47-8ac9-4df0-9a08-7e01e778b490,"2024-10-16 10:35:37.993369+00:00",10000,1000.0000
324dae47-8ac9-4df0-9a08-7e01e778b490,"2024-10-16 11:11:22.749188+00:00",10000,4000.0000
324dae47-8ac9-4df0-9a08-7e01e778b490,"2024-10-17 05:20:21.656585+00:00",10000,5000.0000
324dae47-8ac9-4df0-9a08-7e01e778b490,"2024-10-17 06:18:31.583205+00:00",10000,5000.0000
324dae47-8ac9-4df0-9a08-7e01e778b490,"2024-10-18 04:05:04.657319+00:00",10000,2500.0000
324dae47-8ac9-4df0-9a08-7e01e778b490,"2024-10-18 04:34:44.417656+00:00",10000,5000.0000
324dae47-8ac9-4df0-9a08-7e01e778b490,"2024-10-19 02:52:10.031271+00:00",5000,2500.0000
324dae47-8ac9-4df0-9a08-7e01e778b490,"2024-10-19 03:31:27.171542+00:00",10000,3000.0000
324dae47-8ac9-4df0-9a08-7e01e778b490,"2024-10-20 04:48:12.556606+00:00",10000,4333.3333
324dae47-8ac9-4df0-9a08-7e01e778b490,"2024-10-21 04:25:30.899597+00:00",10000,4333.3333
324dae47-8ac9-4df0-9a08-7e01e778b490,"2024-10-23 08:16:10.790187+00:00",10000,5000.0000
324f2f89-74d8-494e-bf35-8d0db071abd7,"2024-10-21 12:04:36.686533+00:00",3000,1333.3333
324f2f89-74d8-494e-bf35-8d0db071abd7,"2024-10-21 13:26:42.995267+00:00",3000,1333.3333
324f2f89-74d8-494e-bf35-8d0db071abd7,"2024-10-23 03:10:11.902994+00:00",3000,500.0000
3257aef9-8ad8-445f-8d29-09e1301a1e7d,"2024-10-23 23:16:55.902124+00:00",42042,16811.0000
326e4d65-2f5a-41e0-897d-5316075896a8,"2024-10-17 16:58:53.460288+00:00",1000,500.0000
32a430a5-b1d5-4520-926d-349f2762068e,"2024-10-21 14:47:01.488963+00:00",1000,500.0000
32b4defb-38f7-4152-8e48-ee76cb4becc0,"2024-10-23 00:59:52.651380+00:00",3000,500.0000
32c6bca1-027d-4075-8994-aec964060e99,"2024-10-18 01:08:09.242370+00:00",10000,5000.0000
32d4ab11-5ff1-4f46-aeec-c47c60e702c1,"2024-10-21 12:54:13.745791+00:00",3000,1000.0000
32d4ab11-5ff1-4f46-aeec-c47c60e702c1,"2024-10-23 09:22:46.885148+00:00",5000,1666.6667
3309e3a4-f461-4053-95bd-d1d74b9e56d3,"2024-10-22 14:21:21.352285+00:00",3000,500.0000
337499c0-6bcf-4fef-9866-d482ad7b4ef4,"2024-10-18 05:00:01.872651+00:00",1000,500.0000
337e7e76-19dc-4da5-ab45-11566830f396,"2024-10-21 14:00:59.325067+00:00",5000,500.0000
33b43732-3a67-43ea-9290-3d9fb38cbd5e,"2024-10-23 11:15:12.814158+00:00",10000,3000.0000
33b898ce-9bdb-4fd4-b8fb-19b35e0b611e,"2024-10-17 16:58:53.460288+00:00",1000,500.0000
33d28e16-7341-444d-9583-eee8426c6da8,"2024-10-18 05:41:28.045490+00:00",10000,5000.0000
33d9da17-a452-463c-abe7-1f04106004d8,"2024-10-23 06:48:35.176291+00:00",3000,500.0000
33e89e3c-3fba-4e6e-b00f-f5c0d9f74878,"2024-10-19 11:26:25.208658+00:00",3000,500.0000
34001a73-3032-4c7c-b8fa-3c82c93db941,"2024-10-17 10:14:25.646969+00:00",3000,1000.0000
340fe202-33db-46e4-833e-f6667c1a394f,"2024-10-17 16:58:53.460288+00:00",1000,500.0000
342d1fa6-db01-49db-831a-78606db7b0fc,"2024-10-21 20:06:11.036610+00:00",3000,500.0000
34361cba-f5d0-4226-8c36-a3a81968dba2,"2024-10-23 02:32:52.561562+00:00",3000,500.0000
344a48ff-4460-4885-abca-19633722dd09,"2024-10-21 12:54:13.745791+00:00",3000,1000.0000
344a48ff-4460-4885-abca-19633722dd09,"2024-10-23 09:22:46.885148+00:00",5000,1666.6667
34586994-9945-40e5-8aeb-430eaea41430,"2024-10-23 10:54:14.288898+00:00",1000,500.0000
34657482-b859-48a0-85e6-e7bf61cb7ed6,"2024-10-21 02:57:11.392449+00:00",3000,500.0000
348cca3c-dc69-484b-a86a-d3d5d4ed71c0,"2024-10-17 10:14:25.646969+00:00",3000,1000.0000
3493dd5b-2b01-4ca9-92c0-a82dae45bc72,"2024-10-18 06:16:04.791863+00:00",1000,500.0000
34d1f24e-89a6-45ac-9575-1955098e3439,"2024-10-23 16:44:43.522469+00:00",5403,1084.0000
34d242e7-4a6a-4392-9661-a197814fa982,"2024-10-23 10:54:14.288898+00:00",1000,500.0000
3513c5a1-cdfd-416d-9f51-6c73b492659c,"2024-10-22 17:09:05.760338+00:00",10000,4333.3333
351a2be1-50c5-4c7e-8c6f-f02361b4f733,"2024-10-23 06:23:38.913385+00:00",1000,500.0000
3557f4e2-c877-452c-bc7e-549819386449,"2024-10-22 17:04:32.663800+00:00",10000,3000.0000
356d5e08-3b28-4956-af37-b5217a06af36,"2024-10-23 00:29:28.594401+00:00",5000,500.0000
3586bd72-1f40-49ec-ba4b-cb2b45ce35d4,"2024-10-21 11:36:47.217529+00:00",3000,500.0000
35cbdb9e-a3b4-45ee-8803-9bfcd7312ddf,"2024-10-18 13:09:22.727430+00:00",3000,500.0000
35e22335-9643-4bbb-97c8-522cc517c4f9,"2024-10-17 10:14:25.646969+00:00",3000,1000.0000
35f13b63-1f37-4665-b151-01eef5d963dc,"2024-10-21 03:41:47.606854+00:00",10000,5000.0000
35f38b1e-b365-4739-8efb-e81b98b39b1d,"2024-10-20 04:09:05.529095+00:00",3000,1000.0000
3613a745-e76d-4a4e-82a9-cde6bdf310aa,"2024-10-19 03:54:46.146560+00:00",2500,1000.0000
361ed021-16a0-49f1-89bf-20cad068bfc1,"2024-10-17 12:21:10.059658+00:00",1000,500.0000
36234e59-8f83-49de-bc52-1b14bfa4eefd,"2024-10-17 02:09:43.760706+00:00",25000,3000.0000
363091bd-0457-4326-8364-97724aa2358c,"2024-10-20 07:12:04.098013+00:00",1000,500.0000
365b1017-a48b-4a5b-9f65-e0702499edac,"2024-10-21 04:19:35.970630+00:00",4203,2101.0000
369248eb-c824-43ef-9d8f-80475db78a25,"2024-10-23 16:39:28.944308+00:00",3000,500.0000
36ab4148-dd41-46fa-81bc-b5e4c9a3bf82,"2024-10-20 10:06:50.590548+00:00",5000,500.0000
36f9a8cb-7dfe-436e-a7c7-efdd2a1510c0,"2024-10-18 12:59:28.823889+00:00",3000,500.0000
370637ce-d209-4063-bf9e-9ce89485b06f,"2024-10-17 10:14:25.646969+00:00",3000,1000.0000
371b1eb1-16ea-48f6-872b-82c410ae5635,"2024-10-21 04:59:14.504812+00:00",1000,500.0000
371c18fc-f03e-417e-a90f-e716a75351cb,"2024-10-22 02:40:47.008359+00:00",10000,5000.0000
376907c4-9c11-4cef-963e-c5a8eb8311e6,"2024-10-23 04:23:40.806232+00:00",3000,500.0000
3779f06d-579f-4cd8-bb9a-82a975231a58,"2024-10-22 15:06:40.428093+00:00",3000,500.0000
37911ea3-b6d2-4425-8a40-0c2abf752ea8,"2024-10-23 04:42:09.936624+00:00",3000,500.0000
379dfb38-075a-402d-bfd1-24199916c8f2,"2024-10-21 08:40:08.796057+00:00",2500,1000.0000
37d208d8-353a-48f7-be70-78c852b657f1,"2024-10-23 11:15:12.814158+00:00",10000,3000.0000
37dabf08-372f-4282-afd5-10e4bb31f597,"2024-10-23 16:44:43.522469+00:00",5403,1084.0000
3822cd87-e5f8-4a40-906c-2682eb1d71c4,"2024-10-20 05:10:02.807773+00:00",10000,500.0000
38240567-7db5-4adc-92f6-421ff43b03ec,"2024-10-21 12:26:44.363387+00:00",10000,4000.0000
382a569c-0221-4fa7-8e7d-80280bb2776d,"2024-10-22 15:33:25.017561+00:00",3000,500.0000
383a03c2-1c13-4c93-9961-61fed2eb0531,"2024-10-19 05:00:59.788832+00:00",3000,500.0000
38b178db-0db7-466b-9858-119cf994c458,"2024-10-18 16:45:14.268157+00:00",2500,1000.0000
38cbf2f4-2867-4925-a758-1656e57c92ab,"2024-10-20 09:49:38.985834+00:00",5000,500.0000
38cbf2f4-2867-4925-a758-1656e57c92ab,"2024-10-23 06:06:13.803026+00:00",10000,2750.0000
38cc9ae3-395e-4e22-9075-4ac83289d2ef,"2024-10-18 15:52:09.671835+00:00",10000,5000.0000
38cf8268-db41-4093-829d-fbfae1ae0b68,"2024-10-17 10:14:25.646969+00:00",3000,1000.0000
38ee6731-3cd8-4026-bd89-63272851b2a1,"2024-10-20 07:55:54.176030+00:00",3000,1000.0000
390ad196-2f48-450a-a295-ea17c0c3aac2,"2024-10-22 03:31:52.289230+00:00",1000,500.0000
3918f675-7236-45cc-a7b5-01f8b4b7d876,"2024-10-20 06:07:08.904674+00:00",3000,500.0000
39210f45-fb0f-4a17-9acd-acd313f4fabc,"2024-10-23 11:15:12.814158+00:00",10000,3000.0000
395af9f3-ce80-418b-b0d6-c765293f5609,"2024-10-17 10:14:25.646969+00:00",3000,1000.0000
397270bb-5176-4a81-8b04-0e513cecdc2c,"2024-10-20 04:59:15.228026+00:00",1000,500.0000
398174a3-54f4-496d-b981-9c992139a6c7,"2024-10-21 05:06:20.592370+00:00",3000,500.0000
399f4043-05b0-4ea1-89fb-9e65e331f38d,"2024-10-18 00:00:37.881014+00:00",10000,3000.0000
39ac043e-3a0f-47fa-8407-d37059873cbd,"2024-10-23 16:44:43.522469+00:00",5403,1084.0000
39c05586-5deb-46f7-8dec-6609ad0f15c0,"2024-10-17 12:21:10.059658+00:00",1000,500.0000
39d64c8a-da75-4c8b-9aea-9cdbd797db92,"2024-10-18 15:50:21.258037+00:00",25000,3000.0000
39d68b84-ae88-41c8-ab21-4be0bbf368e3,"2024-10-20 11:53:49.890760+00:00",1000,500.0000
3a4427a6-1074-40d0-84b1-7c943a44dcd6,"2024-10-17 10:14:25.646969+00:00",3000,1000.0000
3a658b2d-c5df-4ad8-acfd-a99d5a8c47d2,"2024-10-17 10:14:25.646969+00:00",3000,1000.0000
3a6bfe44-47a6-4867-b77a-291e93d1a902,"2024-10-21 12:54:13.745791+00:00",3000,1000.0000
3a6bfe44-47a6-4867-b77a-291e93d1a902,"2024-10-23 09:22:46.885148+00:00",5000,1666.6667
3a8ae497-415c-4ac1-a8be-08c5d9c7687a,"2024-10-21 12:35:11.038804+00:00",1000,500.0000
3aae714b-2996-48d9-a28d-1510aac83546,"2024-10-19 07:23:34.712917+00:00",5000,1666.6667
3aba1c20-95f2-40e3-b05c-dbcb3a55188b,"2024-10-21 02:57:11.392449+00:00",3000,500.0000
3abf48a8-d2ca-4a9a-932b-83faa932586b,"2024-10-22 09:13:58.881462+00:00",1000,500.0000
3ace0617-4036-43fa-9d47-1c93f147716e,"2024-10-17 16:58:53.460288+00:00",1000,500.0000
3ad17fc2-32ed-4bcb-a37c-d6b62d2dd5da,"2024-10-17 10:14:25.646969+00:00",3000,1000.0000
3aef2a37-28e7-41ed-b892-3776d7e7ebe3,"2024-10-23 11:15:12.814158+00:00",10000,3000.0000
3b051139-4d49-4edc-9ede-6ba2db040633,"2024-10-17 10:14:25.646969+00:00",3000,1000.0000
3b206b4e-aada-4d2b-a75b-b3ef99be49f5,"2024-10-19 23:38:05.867961+00:00",5000,500.0000
3b4d4214-8272-4593-86a0-87831cd1806a,"2024-10-17 16:58:53.460288+00:00",1000,500.0000
3b5b3327-3cbc-4bae-bfcc-b1eec79a3c30,"2024-10-21 12:54:13.745791+00:00",3000,1000.0000
3b5b3327-3cbc-4bae-bfcc-b1eec79a3c30,"2024-10-23 09:22:46.885148+00:00",5000,1666.6667
3b6ed54a-9d70-4844-ae3c-df1b42f6e06d,"2024-10-18 09:47:28.776461+00:00",3000,500.0000
3b7e56f7-4fef-4fdb-b893-b06a1b0d7cf5,"2024-10-23 11:15:12.814158+00:00",10000,3000.0000
3b8ce83f-fa6f-4d76-9227-b4bda6ebba31,"2024-10-19 04:42:15.629993+00:00",2101,500.0000
3b9f55e2-b13c-4503-8e83-5f774c009e06,"2024-10-20 06:30:47.580589+00:00",3000,500.0000
3ba261b9-eef1-43f9-b56f-242d57c1617f,"2024-10-17 16:58:53.460288+00:00",1000,500.0000
3bab91a6-482b-4e65-b906-878c37a17f83,"2024-10-17 10:14:25.646969+00:00",3000,1000.0000
3bce0a83-dd58-4d83-8c59-a03dc65edae0,"2024-10-17 12:21:10.059658+00:00",1000,500.0000
3bd22e95-8235-4bfc-b24f-5473da139d19,"2024-10-22 17:09:05.760338+00:00",10000,4333.3333
3bd2a2bb-fb0e-41a9-b7d6-0fcea97b48b2,"2024-10-18 04:34:54.688105+00:00",3000,500.0000
3bf59efc-6fdc-430d-8e09-0008955dae93,"2024-10-20 00:24:41.255044+00:00",10000,500.0000
3c07226e-5ed1-4543-a0ae-b1fcb708f25b,"2024-10-21 12:54:13.745791+00:00",3000,1000.0000
3c07226e-5ed1-4543-a0ae-b1fcb708f25b,"2024-10-23 09:22:46.885148+00:00",5000,1666.6667
3c24bb2b-a970-4704-ba48-3516ad057e50,"2024-10-21 12:54:13.745791+00:00",3000,1000.0000
3c24bb2b-a970-4704-ba48-3516ad057e50,"2024-10-23 09:22:46.885148+00:00",5000,1666.6667
3c260ba4-fc77-4b26-b35a-b597fbefc6bc,"2024-10-23 11:15:12.814158+00:00",10000,3000.0000
3c2e32fd-5e27-4227-839e-7a4d439cc782,"2024-10-20 11:22:09.808836+00:00",10000,5000.0000
3c3387ca-6a46-4415-9f8c-8d2c4f8b8df2,"2024-10-23 01:48:48.639955+00:00",3000,500.0000
3c7cde9a-2ad7-400a-bf5f-57d31b724b89,"2024-10-19 13:24:13.675866+00:00",3000,500.0000
3c9592f7-f039-4ef6-b7aa-27d5f22205b7,"2024-10-22 17:09:05.760338+00:00",10000,4333.3333
3cc1d639-d40a-4baa-a388-c4c0b5f9f3ec,"2024-10-19 08:47:26.158555+00:00",3000,500.0000
3cc6f2f3-5ce5-4803-b18b-866120dcd664,"2024-10-17 10:14:25.646969+00:00",3000,1000.0000
3ceb7a06-4626-4649-8ba9-42ae6ea446b4,"2024-10-17 12:21:10.059658+00:00",1000,500.0000
3d007990-d003-4191-a46c-98697c27e0fd,"2024-10-17 10:14:25.646969+00:00",3000,1000.0000
3d0a9c9a-c3ae-4aee-b122-fb84ea339dff,"2024-10-17 10:14:25.646969+00:00",3000,1000.0000
3d2827f0-0190-4f25-98d6-f49c6d1255c3,"2024-10-21 14:01:21.849448+00:00",1000,500.0000
3d29922f-eb80-47af-b6ee-6a61b40a6428,"2024-10-17 12:21:10.059658+00:00",1000,500.0000
3d78f16a-4f1e-4a2a-9da9-8ac60d552636,"2024-10-17 10:13:52.361016+00:00",1680,500.0000
3db240f0-fa58-490e-aefd-e9440f616569,"2024-10-17 10:14:25.646969+00:00",3000,1000.0000
3db4b103-49f2-4fa0-a0f2-a72bc6c604f6,"2024-10-22 08:01:40.567636+00:00",3000,500.0000
3db66f22-0244-4029-adaf-cc10d196acdc,"2024-10-17 05:29:53.711013+00:00",1000,500.0000
3db954c6-9037-4fd1-b83c-b4f8505e030d,"2024-10-22 09:26:26.040440+00:00",13552,2713.3333
3db954c6-9037-4fd1-b83c-b4f8505e030d,"2024-10-22 09:27:23.608328+00:00",13552,6325.6667
3db954c6-9037-4fd1-b83c-b4f8505e030d,"2024-10-22 18:36:49.713028+00:00",5421,2710.0000
3db954c6-9037-4fd1-b83c-b4f8505e030d,"2024-10-23 16:44:43.522469+00:00",5403,1445.3333
3dd32056-13c8-4d0e-9281-e406a52c9e11,"2024-10-17 10:14:25.646969+00:00",3000,1000.0000
3dd8f886-399f-49ce-bd65-56570c6838df,"2024-10-16 03:18:39.581004+00:00",10000,946.6667
3dd8f886-399f-49ce-bd65-56570c6838df,"2024-10-16 03:19:13.281288+00:00",10000,3946.6667
3dd8f886-399f-49ce-bd65-56570c6838df,"2024-10-16 06:57:35.048482+00:00",5000,893.3333
3dd8f886-399f-49ce-bd65-56570c6838df,"2024-10-16 06:58:16.557501+00:00",5000,2280.0000
3dd8f886-399f-49ce-bd65-56570c6838df,"2024-10-16 07:31:12.871165+00:00",10000,5000.0000
3dd8f886-399f-49ce-bd65-56570c6838df,"2024-10-16 10:35:37.993369+00:00",10000,1000.0000
3dd8f886-399f-49ce-bd65-56570c6838df,"2024-10-16 11:11:22.749188+00:00",10000,4000.0000
3dd8f886-399f-49ce-bd65-56570c6838df,"2024-10-17 05:20:21.656585+00:00",10000,5000.0000
3dd8f886-399f-49ce-bd65-56570c6838df,"2024-10-17 06:18:31.583205+00:00",10000,5000.0000
3dd8f886-399f-49ce-bd65-56570c6838df,"2024-10-18 04:05:04.657319+00:00",10000,2500.0000
3dd8f886-399f-49ce-bd65-56570c6838df,"2024-10-18 04:34:44.417656+00:00",10000,5000.0000
3dd8f886-399f-49ce-bd65-56570c6838df,"2024-10-19 02:52:10.031271+00:00",5000,2500.0000
3dd8f886-399f-49ce-bd65-56570c6838df,"2024-10-19 03:31:27.171542+00:00",10000,3000.0000
3dd8f886-399f-49ce-bd65-56570c6838df,"2024-10-20 04:48:12.556606+00:00",10000,4333.3333
3dd8f886-399f-49ce-bd65-56570c6838df,"2024-10-21 04:25:30.899597+00:00",10000,4333.3333
3dd8f886-399f-49ce-bd65-56570c6838df,"2024-10-23 08:16:10.790187+00:00",10000,5000.0000
3de027f0-947d-4dbc-8825-f6acd7d41004,"2024-10-16 03:18:39.581004+00:00",10000,946.6667
3de027f0-947d-4dbc-8825-f6acd7d41004,"2024-10-16 03:19:13.281288+00:00",10000,3946.6667
3de027f0-947d-4dbc-8825-f6acd7d41004,"2024-10-16 06:57:35.048482+00:00",5000,893.3333
3de027f0-947d-4dbc-8825-f6acd7d41004,"2024-10-16 06:58:16.557501+00:00",5000,2280.0000
3de027f0-947d-4dbc-8825-f6acd7d41004,"2024-10-16 07:31:12.871165+00:00",10000,5000.0000
3de027f0-947d-4dbc-8825-f6acd7d41004,"2024-10-16 10:35:37.993369+00:00",10000,1000.0000
3de027f0-947d-4dbc-8825-f6acd7d41004,"2024-10-16 11:11:22.749188+00:00",10000,4000.0000
3de027f0-947d-4dbc-8825-f6acd7d41004,"2024-10-17 05:20:21.656585+00:00",10000,5000.0000
3de027f0-947d-4dbc-8825-f6acd7d41004,"2024-10-17 06:18:31.583205+00:00",10000,5000.0000
3de027f0-947d-4dbc-8825-f6acd7d41004,"2024-10-18 04:05:04.657319+00:00",10000,2500.0000
3de027f0-947d-4dbc-8825-f6acd7d41004,"2024-10-18 04:34:44.417656+00:00",10000,5000.0000
3de027f0-947d-4dbc-8825-f6acd7d41004,"2024-10-19 02:52:10.031271+00:00",5000,2500.0000
3de027f0-947d-4dbc-8825-f6acd7d41004,"2024-10-19 03:31:27.171542+00:00",10000,3000.0000
3de027f0-947d-4dbc-8825-f6acd7d41004,"2024-10-20 04:48:12.556606+00:00",10000,4333.3333
3de027f0-947d-4dbc-8825-f6acd7d41004,"2024-10-21 04:25:30.899597+00:00",10000,4333.3333
3de027f0-947d-4dbc-8825-f6acd7d41004,"2024-10-23 08:16:10.790187+00:00",10000,5000.0000
3de2fd45-09f3-44c6-9092-09fa9d129915,"2024-10-23 11:15:12.814158+00:00",10000,3000.0000
3e23c02a-2af2-4703-ab7e-c5f1b53db163,"2024-10-17 10:14:25.646969+00:00",3000,1000.0000
3e3cc904-04d2-4b58-b7ac-7f8b904c03e9,"2024-10-17 10:14:25.646969+00:00",3000,1000.0000
3e4e56a9-9ed5-4864-9cc9-8dae4ac7675a,"2024-10-17 10:14:25.646969+00:00",3000,1000.0000
3e950fcd-5e22-4d26-aaee-671b830d763d,"2024-10-17 10:14:25.646969+00:00",3000,1000.0000
3eb47608-024e-489b-840d-0271ac23922c,"2024-10-19 05:16:05.868810+00:00",10000,3000.0000
3ec4d54f-a166-4f0b-86e6-fdeb9076a8e7,"2024-10-23 14:31:00.929959+00:00",2500,1000.0000
3ed10b0b-762a-4008-a295-78c2e85b93dc,"2024-10-22 08:01:40.567636+00:00",3000,500.0000
3ef9ea98-2a5c-4d47-b355-ddcb895323e9,"2024-10-20 14:39:48.136319+00:00",3000,500.0000
3effb911-5b88-47d8-8592-992e438edef1,"2024-10-21 01:13:49.716992+00:00",2500,1000.0000
3f01ca3e-df3a-41ed-84ac-bfbac36711f0,"2024-10-21 01:13:49.716992+00:00",2500,1000.0000
3f3053cb-9f59-4a78-a8f4-4bf8063ee041,"2024-10-19 01:37:35.665107+00:00",3000,500.0000
3f4d091e-ebaf-4e50-b69e-aaa80408accf,"2024-10-21 12:54:13.745791+00:00",3000,1000.0000
3f4d091e-ebaf-4e50-b69e-aaa80408accf,"2024-10-23 09:22:46.885148+00:00",5000,1666.6667
3f6877c0-7288-4f34-b3da-d1f3c8a053dc,"2024-10-21 15:25:27.705232+00:00",3000,500.0000
3f8d61be-5d3b-447a-bcfe-ef7d516cb507,"2024-10-23 16:44:43.522469+00:00",5403,1084.0000
3fabe8b4-6902-4e7d-bd63-94834c859380,"2024-10-17 02:54:55.060445+00:00",3000,500.0000
3ff30c75-8b1b-4ae0-afdd-ca4e1788df2e,"2024-10-17 10:14:25.646969+00:00",3000,1000.0000
3fff04e8-497c-4861-86c4-4f3ce970059e,"2024-10-21 12:54:13.745791+00:00",3000,1000.0000
3fff04e8-497c-4861-86c4-4f3ce970059e,"2024-10-23 09:22:46.885148+00:00",5000,1666.6667
404f13dc-395c-4d9f-885c-f536296b1841,"2024-10-21 12:34:02.504360+00:00",3000,500.0000
40986bab-3a4a-4051-a8fb-878b91d6f305,"2024-10-23 11:15:12.814158+00:00",10000,3000.0000
40b7c6e1-3967-4cc8-93a9-4bac09e5c0e7,"2024-10-21 10:20:46.194106+00:00",10000,500.0000
40bc29ef-a089-4b21-919b-59b52abbe740,"2024-10-17 10:14:25.646969+00:00",3000,1000.0000
40c5cc37-29b5-4b59-9e1e-d7f18783fb91,"2024-10-17 10:14:25.646969+00:00",3000,1000.0000
40dffe54-72d1-4eac-8107-8cd9f61f2fba,"2024-10-21 12:26:44.363387+00:00",10000,4000.0000
40f4c690-2a22-4619-94c9-8fc41f731e3e,"2024-10-17 10:45:02.411196+00:00",10000,5000.0000
40f4c690-2a22-4619-94c9-8fc41f731e3e,"2024-10-18 04:34:44.417656+00:00",10000,5000.0000
40f4c690-2a22-4619-94c9-8fc41f731e3e,"2024-10-19 08:44:52.111528+00:00",10000,3333.3333
40f4c690-2a22-4619-94c9-8fc41f731e3e,"2024-10-22 05:32:40.900693+00:00",10000,4333.3333
40f4c690-2a22-4619-94c9-8fc41f731e3e,"2024-10-23 08:16:10.790187+00:00",10000,3000.0000
4111ea26-a5e4-4fb5-9dd4-5e0757a0fe66,"2024-10-18 04:15:28.425121+00:00",10000,500.0000
411498f9-93cb-4a2a-ae7e-dec62b19bd3e,"2024-10-23 11:15:12.814158+00:00",10000,3000.0000
413097db-a627-44d6-855d-aa901cdc2fd6,"2024-10-21 05:37:18.599537+00:00",3000,500.0000
4155a55a-1452-4a08-92e3-77f1f90bdab0,"2024-10-23 11:15:12.814158+00:00",10000,3000.0000
416960d6-4c1b-4376-9f22-68ea5dfcd895,"2024-10-23 11:15:12.814158+00:00",10000,3000.0000
4170fc82-3bd1-414e-8e3e-292264ba8391,"2024-10-23 11:15:12.814158+00:00",10000,3000.0000
418c5785-2019-40f0-9163-5ed615935f2d,"2024-10-18 16:02:08.847089+00:00",3000,500.0000
418ef292-e167-4621-8ce5-179d545729b2,"2024-10-18 00:00:17.431687+00:00",3000,500.0000
4198aa16-a2c7-4748-bebd-c0041c0d1667,"2024-10-17 10:14:25.646969+00:00",3000,1000.0000
419f3f9c-f126-402b-a602-13143ece0b4b,"2024-10-17 10:14:25.646969+00:00",3000,1000.0000
41c333ac-e339-475f-a92b-b35f7ec06d77,"2024-10-17 10:14:25.646969+00:00",3000,1000.0000
41fd2854-2ca4-4b2d-ab3d-9ae57ac27fa5,"2024-10-18 00:54:04.332074+00:00",10000,5000.0000
41fd2854-2ca4-4b2d-ab3d-9ae57ac27fa5,"2024-10-19 00:53:04.214307+00:00",25000,7500.0000
4213a010-ddc4-4faa-9436-bb0c094a28d7,"2024-10-17 11:00:44.250443+00:00",2000,1000.0000
427bc3cd-84f2-40c5-b2b1-fb8f4cb8cd50,"2024-10-17 10:14:25.646969+00:00",3000,1000.0000
427d33dd-dbb9-4d85-8bf5-06f0fdbe0bee,"2024-10-23 15:10:59.561818+00:00",3000,500.0000
4286c7d2-b81a-43e9-8c45-6d84f31c8f0e,"2024-10-20 01:47:04.858854+00:00",1000,500.0000
42b55110-ddce-4b6c-b292-554f44a67dbf,"2024-10-21 12:04:36.686533+00:00",3000,1333.3333
42b55110-ddce-4b6c-b292-554f44a67dbf,"2024-10-21 13:26:42.995267+00:00",3000,1333.3333
42b55110-ddce-4b6c-b292-554f44a67dbf,"2024-10-23 03:10:11.902994+00:00",3000,500.0000
42b9fa44-c8fb-44ae-85d6-c6357ba11ad1,"2024-10-22 03:44:19.267895+00:00",3000,500.0000
42cad3d4-9b8d-4683-9c7d-11752ebdcd1d,"2024-10-17 12:21:10.059658+00:00",1000,500.0000
42d9951a-2e60-4f1a-b612-5f7a450296d9,"2024-10-17 10:14:25.646969+00:00",3000,1000.0000
42dddbd2-2e69-4acc-880d-d2290cbb42d4,"2024-10-17 10:14:25.646969+00:00",3000,1000.0000
42e49a5e-c679-4c5d-9f98-0202af3fe5ad,"2024-10-20 07:57:13.355199+00:00",3000,500.0000
42e49a5e-c679-4c5d-9f98-0202af3fe5ad,"2024-10-21 09:43:14.988767+00:00",10000,1750.0000
4309d4d9-d4b3-4bcb-a758-4c163c708e85,"2024-10-22 17:09:05.760338+00:00",10000,4333.3333
4314f1d6-2f2e-43f1-a23d-a526d08aa21c,"2024-10-21 12:26:44.363387+00:00",10000,4000.0000
4316cf2f-d2f2-4dbe-a73c-300752ed5856,"2024-10-18 07:31:38.245112+00:00",3000,500.0000
432be033-314f-4d49-8a3d-5e2b8647365e,"2024-10-21 15:54:17.608380+00:00",3000,500.0000
434873ac-d4fd-4bad-b0df-04fff2aa5767,"2024-10-23 11:15:12.814158+00:00",10000,3000.0000
435ec4bf-76f9-45cf-9c06-4ed37a433616,"2024-10-21 14:54:15.304041+00:00",3000,500.0000
437a0c1f-3e0c-4b46-b69d-df11286a73b7,"2024-10-22 19:01:52.708476+00:00",3000,500.0000
43821407-dadd-42ff-9cab-9adb960eb501,"2024-10-23 11:15:12.814158+00:00",10000,3000.0000
43920a2b-743d-4af5-bd8d-c5e5fd17b671,"2024-10-20 16:09:22.801687+00:00",1000,500.0000
43aa0f06-3698-4c82-9182-68a95bd99b50,"2024-10-18 09:16:23.203226+00:00",1000,500.0000
43c9e48c-9aea-4f88-a636-4e03a8f7a3b1,"2024-10-19 02:38:56.554773+00:00",5000,500.0000
44040a2c-fde7-49af-a6e8-e60a102ccea7,"2024-10-16 03:18:39.581004+00:00",10000,946.6667
44040a2c-fde7-49af-a6e8-e60a102ccea7,"2024-10-16 03:19:13.281288+00:00",10000,3946.6667
44040a2c-fde7-49af-a6e8-e60a102ccea7,"2024-10-16 06:57:35.048482+00:00",5000,893.3333
44040a2c-fde7-49af-a6e8-e60a102ccea7,"2024-10-16 06:58:16.557501+00:00",5000,2280.0000
44040a2c-fde7-49af-a6e8-e60a102ccea7,"2024-10-16 07:31:12.871165+00:00",10000,5000.0000
44040a2c-fde7-49af-a6e8-e60a102ccea7,"2024-10-16 10:35:37.993369+00:00",10000,1000.0000
44040a2c-fde7-49af-a6e8-e60a102ccea7,"2024-10-16 11:11:22.749188+00:00",10000,4000.0000
44040a2c-fde7-49af-a6e8-e60a102ccea7,"2024-10-17 05:20:21.656585+00:00",10000,5000.0000
44040a2c-fde7-49af-a6e8-e60a102ccea7,"2024-10-17 06:18:31.583205+00:00",10000,5000.0000
44040a2c-fde7-49af-a6e8-e60a102ccea7,"2024-10-18 04:05:04.657319+00:00",10000,2500.0000
44040a2c-fde7-49af-a6e8-e60a102ccea7,"2024-10-18 04:34:44.417656+00:00",10000,5000.0000
44040a2c-fde7-49af-a6e8-e60a102ccea7,"2024-10-19 02:52:10.031271+00:00",5000,2500.0000
44040a2c-fde7-49af-a6e8-e60a102ccea7,"2024-10-19 03:31:27.171542+00:00",10000,3000.0000
44040a2c-fde7-49af-a6e8-e60a102ccea7,"2024-10-20 04:48:12.556606+00:00",10000,4333.3333
44040a2c-fde7-49af-a6e8-e60a102ccea7,"2024-10-21 04:25:30.899597+00:00",10000,4333.3333
44040a2c-fde7-49af-a6e8-e60a102ccea7,"2024-10-23 08:16:10.790187+00:00",10000,5000.0000
444adde9-fbf6-4182-b419-13f1ed12bbd5,"2024-10-17 10:14:25.646969+00:00",3000,1000.0000
4456b67e-6137-47b8-8068-eabde733b022,"2024-10-23 14:31:00.929959+00:00",2500,1000.0000
44648be0-efdb-4a7d-869f-8322b9387e46,"2024-10-17 10:14:25.646969+00:00",3000,1000.0000
447037a3-a175-4241-8464-91836b0946f4,"2024-10-17 10:14:25.646969+00:00",3000,1000.0000
44828071-9044-4940-9e85-86ab555f45c5,"2024-10-21 12:54:13.745791+00:00",3000,1000.0000
44828071-9044-4940-9e85-86ab555f45c5,"2024-10-23 09:22:46.885148+00:00",5000,1666.6667
4482f834-bf43-4df0-9bc4-0ac8c64f941e,"2024-10-17 00:01:48.148919+00:00",10000,500.0000
44aa26f3-9bb9-4f1d-8f56-d874af291b7a,"2024-10-20 00:51:31.557659+00:00",5000,2401.0000
44aa26f3-9bb9-4f1d-8f56-d874af291b7a,"2024-10-23 10:44:24.015816+00:00",25000,4333.3333
44ab95e6-ef54-4b58-91ca-c406bfba1da3,"2024-10-23 13:36:54.016331+00:00",3000,500.0000
44cdf9e4-e5c1-4417-b733-bf5a978d732c,"2024-10-17 10:14:25.646969+00:00",3000,1000.0000
44d36728-15bc-4c4d-9881-3594a4b3d5cf,"2024-10-23 02:32:52.561562+00:00",3000,500.0000
44d6b9c9-de16-4d06-939c-98d1bda83fcf,"2024-10-19 01:29:24.372197+00:00",1000,500.0000
44d6eebb-6c40-4386-8d98-046d3a0160a8,"2024-10-17 10:14:25.646969+00:00",3000,1000.0000
45019eef-90ac-43ef-8974-e69f22dc3a7c,"2024-10-23 00:42:49.612564+00:00",5000,500.0000
45515971-7356-47c4-8146-a117933a8192,"2024-10-18 13:04:42.341398+00:00",10000,5000.0000
457c4ee7-a8c4-417a-9b83-b0c69489dccc,"2024-10-23 11:15:12.814158+00:00",10000,3000.0000
457ffd2a-f86f-4ed9-8812-b85906c351cf,"2024-10-16 03:18:39.581004+00:00",10000,946.6667
457ffd2a-f86f-4ed9-8812-b85906c351cf,"2024-10-16 03:19:13.281288+00:00",10000,3946.6667
457ffd2a-f86f-4ed9-8812-b85906c351cf,"2024-10-16 06:57:35.048482+00:00",5000,893.3333
457ffd2a-f86f-4ed9-8812-b85906c351cf,"2024-10-16 06:58:16.557501+00:00",5000,2280.0000
457ffd2a-f86f-4ed9-8812-b85906c351cf,"2024-10-16 07:31:12.871165+00:00",10000,5000.0000
457ffd2a-f86f-4ed9-8812-b85906c351cf,"2024-10-16 10:35:37.993369+00:00",10000,1000.0000
457ffd2a-f86f-4ed9-8812-b85906c351cf,"2024-10-16 11:11:22.749188+00:00",10000,4000.0000
457ffd2a-f86f-4ed9-8812-b85906c351cf,"2024-10-17 05:20:21.656585+00:00",10000,5000.0000
457ffd2a-f86f-4ed9-8812-b85906c351cf,"2024-10-17 06:18:31.583205+00:00",10000,5000.0000
457ffd2a-f86f-4ed9-8812-b85906c351cf,"2024-10-18 04:05:04.657319+00:00",10000,2500.0000
457ffd2a-f86f-4ed9-8812-b85906c351cf,"2024-10-18 04:34:44.417656+00:00",10000,5000.0000
457ffd2a-f86f-4ed9-8812-b85906c351cf,"2024-10-19 02:52:10.031271+00:00",5000,2500.0000
457ffd2a-f86f-4ed9-8812-b85906c351cf,"2024-10-19 03:31:27.171542+00:00",10000,3000.0000
457ffd2a-f86f-4ed9-8812-b85906c351cf,"2024-10-20 04:48:12.556606+00:00",10000,4333.3333
457ffd2a-f86f-4ed9-8812-b85906c351cf,"2024-10-21 04:25:30.899597+00:00",10000,4333.3333
457ffd2a-f86f-4ed9-8812-b85906c351cf,"2024-10-23 08:16:10.790187+00:00",10000,5000.0000
45925ec4-e072-479e-8234-b0ec2a52e01a,"2024-10-20 11:09:03.249159+00:00",3000,500.0000
45c0cb69-245b-4530-a4ec-88fe59c0cc83,"2024-10-23 12:18:55.339039+00:00",1000,500.0000
45cd31cf-0b20-4670-b279-96c3646fae42,"2024-10-18 07:31:38.245112+00:00",3000,500.0000
45cfe48a-5eec-4c6a-b970-015a4519f146,"2024-10-17 10:14:25.646969+00:00",3000,1000.0000
45d299fc-88b3-44ad-918d-dab858051c11,"2024-10-17 10:14:25.646969+00:00",3000,1000.0000
45e30048-0c87-46a8-8d35-bc361383a255,"2024-10-17 10:14:25.646969+00:00",3000,1000.0000
45e5257b-71dc-4e90-9dea-2d085507c696,"2024-10-18 07:00:11.851733+00:00",10000,5000.0000
45fd5bc6-21fe-49b2-b2ad-5cca76107984,"2024-10-21 12:26:44.363387+00:00",10000,4000.0000
46076f62-9582-4667-a6a3-bcc07a0a0f7e,"2024-10-22 03:53:52.859355+00:00",1000,500.0000
4622b085-5346-4e1d-a9f3-9d6863c798f8,"2024-10-21 10:38:36.120398+00:00",3000,500.0000
4635a257-ead1-4344-86a6-1277015b2ba4,"2024-10-22 17:09:05.760338+00:00",10000,4333.3333
46526993-815c-4053-9c2b-7cf69a766db4,"2024-10-21 12:54:13.745791+00:00",3000,1000.0000
46526993-815c-4053-9c2b-7cf69a766db4,"2024-10-23 09:22:46.885148+00:00",5000,1666.6667
46622bb4-7f28-4531-9766-ea867d58c7ea,"2024-10-23 11:01:10.718948+00:00",3000,500.0000
46666d51-f894-40cd-b628-c2e55729f5d3,"2024-10-19 08:02:18.759524+00:00",2500,500.0000
466caa48-c613-4f01-9a7f-91602b0e7771,"2024-10-23 11:15:12.814158+00:00",10000,3000.0000
4694c984-f98d-4cae-9f7d-ee50283f2dcd,"2024-10-19 05:27:48.093725+00:00",3000,500.0000
46997795-60bc-4a5d-85e8-23f899bebe21,"2024-10-17 10:14:25.646969+00:00",3000,1000.0000
46cc20a8-a166-4f20-b265-b13dcf36cfaf,"2024-10-21 01:13:49.716992+00:00",2500,1000.0000
470859ca-0bda-4c05-98e0-d3ba1fe34ef1,"2024-10-21 12:04:36.686533+00:00",3000,1333.3333
470859ca-0bda-4c05-98e0-d3ba1fe34ef1,"2024-10-21 13:26:42.995267+00:00",3000,1333.3333
470859ca-0bda-4c05-98e0-d3ba1fe34ef1,"2024-10-23 03:10:11.902994+00:00",3000,500.0000
47211b17-96b7-4d63-bbae-62934a3d478c,"2024-10-23 15:12:49.263320+00:00",10000,500.0000
472a27c3-f175-4e27-9947-619d57a4dc96,"2024-10-21 17:43:34.680388+00:00",2500,500.0000
474987b8-169f-47c9-8e9e-793cfce4150e,"2024-10-17 10:14:25.646969+00:00",3000,1000.0000
474c227e-48c8-4b21-99a5-1207a29825a2,"2024-10-17 06:37:25.383877+00:00",10000,500.0000
477f81af-1cd7-45b6-875b-0365fa8920d8,"2024-10-17 10:14:25.646969+00:00",3000,1000.0000
47aa128f-582d-4326-8b5d-4547f222bd27,"2024-10-23 14:58:59.806709+00:00",1000,500.0000
47d01a74-cbb1-4ccf-953d-ca6bb8e42eb9,"2024-10-17 00:46:38.917647+00:00",5000,500.0000
47d5ec9a-8bba-49bc-8a31-6bafd8fb4b6b,"2024-10-17 10:14:25.646969+00:00",3000,1000.0000
47dea713-1584-42c5-a0ab-34a8d205b871,"2024-10-18 03:32:56.062964+00:00",10000,500.0000
47e3b9ff-b2cd-4460-9402-f5d26b650685,"2024-10-18 03:22:00.423680+00:00",1000,500.0000
483b78a5-ed81-407d-b582-0f1a4dc40534,"2024-10-20 10:46:05.545636+00:00",10000,500.0000
48547d95-036b-4209-89ef-85335659f8c9,"2024-10-23 10:54:14.288898+00:00",1000,500.0000
486fe2c6-d5fb-4f8a-b9ab-104d5c7f8611,"2024-10-21 02:00:40.341795+00:00",5000,833.3333
487d4759-fac4-43e3-951d-1241683cb9c8,"2024-10-19 08:44:52.111528+00:00",10000,5000.0000
489a9cbb-a400-4b90-a81c-8ea38d0e8506,"2024-10-17 10:14:25.646969+00:00",3000,1000.0000
48b6d800-801d-4505-af42-b963876ba172,"2024-10-18 05:15:09.947403+00:00",3000,500.0000
48b74cd0-681b-441e-8035-bf0119a597c1,"2024-10-17 10:14:25.646969+00:00",3000,1000.0000
490e052a-4c99-46f0-82fa-b7e4add02cff,"2024-10-23 04:47:51.091484+00:00",3000,500.0000
493be783-0a50-4b4b-a4cd-521c21978695,"2024-10-20 06:41:36.789644+00:00",1000,500.0000
494c9a91-30e4-4298-8dfd-d22534efef56,"2024-10-17 16:58:53.460288+00:00",1000,500.0000
499bd982-9089-4bb3-a668-e04530162754,"2024-10-17 16:58:53.460288+00:00",1000,500.0000
4a08262d-5254-485d-bec1-cf7e8690f710,"2024-10-23 11:15:12.814158+00:00",10000,3000.0000
4a48f5af-e0f0-48f7-b052-34bf7d88b07f,"2024-10-23 15:12:49.263320+00:00",10000,500.0000
4a62bc19-25ba-4081-9e44-238c2fe745cb,"2024-10-22 18:34:54.529830+00:00",1000,500.0000
4a950ed7-4d2b-457a-8dce-e7569ee72914,"2024-10-17 15:07:38.137014+00:00",10000,5000.0000
4ab5ab2d-1126-4036-931f-4858d2d472b6,"2024-10-17 03:11:13.073487+00:00",10000,500.0000
4ac00ef5-3b2b-40ee-93e2-10ca1ad1abe1,"2024-10-23 11:15:12.814158+00:00",10000,3000.0000
4ac129e7-f8b8-49f5-b2b0-12d6a9b7182d,"2024-10-23 12:30:16.653726+00:00",10000,500.0000
4ad9480f-204e-4279-98c3-a48245b48a13,"2024-10-21 03:05:33.990412+00:00",10000,500.0000
4ae830e1-97c9-4ac4-bf8f-fa46f7c35755,"2024-10-20 00:51:31.557659+00:00",5000,2401.0000
4ae830e1-97c9-4ac4-bf8f-fa46f7c35755,"2024-10-23 10:44:24.015816+00:00",25000,4333.3333
4aeb6f6f-5a3b-44be-9080-11f976ad1583,"2024-10-17 04:00:27.764386+00:00",10000,3000.0000
4af74fe4-ea48-4616-a691-af33764fe267,"2024-10-22 05:27:52.655086+00:00",5000,500.0000
4b38f802-4d77-41d6-8e09-8264f57f2a9f,"2024-10-18 20:17:06.519519+00:00",5000,1000.0000
4b6634a7-3cdd-472a-a13b-ae2194a1c5dc,"2024-10-16 07:48:21.078244+00:00",5000,500.0000
4baf8a81-ce10-4d37-b29e-b91a0a68bdb2,"2024-10-20 13:55:38.856581+00:00",3000,500.0000
4bb8390e-2c54-4c71-b6ad-4b67973ec82d,"2024-10-22 17:09:05.760338+00:00",10000,4333.3333
4bbd18a8-98af-4bee-9941-71ece1328446,"2024-10-18 17:50:59.205835+00:00",1681,500.0000
4be48d15-74db-4607-bf39-dee9e005e1fc,"2024-10-17 10:14:25.646969+00:00",3000,1000.0000
4bf2185d-c210-4e4f-acec-5b9cec376d90,"2024-10-20 11:08:59.946999+00:00",5000,500.0000
4bfa9fa5-6cbe-4fa9-b5b7-4efbe6f0c4df,"2024-10-23 11:15:12.814158+00:00",10000,3000.0000
4c35a1e5-35a4-4b14-ac88-8f78cda21c9d,"2024-10-17 10:14:25.646969+00:00",3000,1000.0000
4c36ed9b-016c-4d61-81f5-219bc7833deb,"2024-10-17 10:14:25.646969+00:00",3000,1000.0000
4c76f12a-6df3-4ac3-9d09-c38a15d3289d,"2024-10-17 16:58:53.460288+00:00",1000,500.0000
4c8eb4e1-26e2-4058-a1a8-984bf05938f3,"2024-10-21 21:57:35.468114+00:00",3000,500.0000
4c94240c-4eaf-4ad7-ad92-6f9a0e8db059,"2024-10-17 16:58:53.460288+00:00",1000,500.0000
4ca4701f-1ef8-48c4-b28b-391b7c9f5e57,"2024-10-16 03:18:39.581004+00:00",10000,946.6667
4ca4701f-1ef8-48c4-b28b-391b7c9f5e57,"2024-10-16 03:19:13.281288+00:00",10000,3946.6667
4ca4701f-1ef8-48c4-b28b-391b7c9f5e57,"2024-10-16 06:57:35.048482+00:00",5000,893.3333
4ca4701f-1ef8-48c4-b28b-391b7c9f5e57,"2024-10-16 06:58:16.557501+00:00",5000,2280.0000
4ca4701f-1ef8-48c4-b28b-391b7c9f5e57,"2024-10-16 07:31:12.871165+00:00",10000,5000.0000
4ca4701f-1ef8-48c4-b28b-391b7c9f5e57,"2024-10-16 10:35:37.993369+00:00",10000,1000.0000
4ca4701f-1ef8-48c4-b28b-391b7c9f5e57,"2024-10-16 11:11:22.749188+00:00",10000,4000.0000
4ca4701f-1ef8-48c4-b28b-391b7c9f5e57,"2024-10-17 05:20:21.656585+00:00",10000,5000.0000
4ca4701f-1ef8-48c4-b28b-391b7c9f5e57,"2024-10-17 06:18:31.583205+00:00",10000,5000.0000
4ca4701f-1ef8-48c4-b28b-391b7c9f5e57,"2024-10-18 04:05:04.657319+00:00",10000,2500.0000
4ca4701f-1ef8-48c4-b28b-391b7c9f5e57,"2024-10-18 04:34:44.417656+00:00",10000,5000.0000
4ca4701f-1ef8-48c4-b28b-391b7c9f5e57,"2024-10-19 02:52:10.031271+00:00",5000,2500.0000
4ca4701f-1ef8-48c4-b28b-391b7c9f5e57,"2024-10-19 03:31:27.171542+00:00",10000,3000.0000
4ca4701f-1ef8-48c4-b28b-391b7c9f5e57,"2024-10-20 04:48:12.556606+00:00",10000,4333.3333
4ca4701f-1ef8-48c4-b28b-391b7c9f5e57,"2024-10-21 04:25:30.899597+00:00",10000,4333.3333
4ca4701f-1ef8-48c4-b28b-391b7c9f5e57,"2024-10-23 08:16:10.790187+00:00",10000,5000.0000
4cb3b1a4-12d5-4682-b931-a5e1ae58c51b,"2024-10-20 05:04:41.260436+00:00",2101,840.0000
4cce25fc-6bda-48a5-8698-2499beb08388,"2024-10-17 10:14:25.646969+00:00",3000,1000.0000
4ceeaaba-fccc-4742-86ca-adb38cab5697,"2024-10-18 09:11:38.251229+00:00",3000,500.0000
4d604233-9e35-4bec-acd8-47ce51cb6224,"2024-10-23 18:47:00.428909+00:00",1000,500.0000
4d637b50-ce4d-4eed-9610-671415d8562b,"2024-10-22 17:09:05.760338+00:00",10000,4333.3333
4d7ef5ad-5d54-47ef-a4f3-cd30aea7c591,"2024-10-17 13:21:18.302184+00:00",10000,2666.6667
4d900fc2-a8b7-425e-a550-107a793c3555,"2024-10-19 17:43:20.582208+00:00",3000,500.0000
4d918468-ab8b-4b29-93b5-78b7e4ba83d5,"2024-10-22 14:17:07.307889+00:00",1000,500.0000
4dbe0279-c2e9-41eb-9da6-88dc7025e145,"2024-10-23 23:38:49.888191+00:00",1000,500.0000
4de3225e-1cc0-43ad-8146-51fd8c587516,"2024-10-17 07:30:46.325955+00:00",3000,500.0000
4e440877-75b0-43d3-8b5e-8907fdac204c,"2024-10-21 08:37:24.235573+00:00",10000,3000.0000
4e478d8d-578f-4106-95ee-e18eb07ae2d4,"2024-10-21 12:54:13.745791+00:00",3000,1000.0000
4e478d8d-578f-4106-95ee-e18eb07ae2d4,"2024-10-23 09:22:46.885148+00:00",5000,1666.6667
4e54265e-b496-4232-99d5-43da10d89987,"2024-10-21 11:12:30.481919+00:00",3000,500.0000
4e582b9b-09af-46ac-98cd-d0eba395e93d,"2024-10-20 16:54:03.957958+00:00",3000,500.0000
4e648aa2-0d38-4c98-b02a-73edd683cc8e,"2024-10-22 17:09:05.760338+00:00",10000,4333.3333
4e6da456-4f25-4e66-9c3c-2af588ca2a90,"2024-10-17 12:21:10.059658+00:00",1000,500.0000
4e7bd6ab-1908-4c03-873a-8c626c85c005,"2024-10-21 05:01:45.072745+00:00",3000,500.0000
4e874db6-57f8-4a1d-9705-0b1f0aa57371,"2024-10-21 12:26:44.363387+00:00",10000,4000.0000
4e9e5646-85fe-495b-a576-97e9048d645f,"2024-10-18 13:29:42.770124+00:00",2500,1000.0000
4f23941d-131e-46d7-a71a-7caf0692c378,"2024-10-23 11:10:04.044942+00:00",2500,500.0000
4f29909c-185c-4b70-a0c1-11674da32650,"2024-10-16 12:49:19.048412+00:00",3000,500.0000
4f2c1e80-a965-4a25-8ed1-d3ef8b29b741,"2024-10-23 02:45:54.766215+00:00",5000,500.0000
4f42d846-9922-4304-bd16-a009c83518cc,"2024-10-23 00:03:22.808620+00:00",10000,500.0000
4f4e2228-c12c-4139-ba5b-27f4c73541ac,"2024-10-23 11:15:12.814158+00:00",10000,3000.0000
4f77163c-a0a2-4296-a835-979483ab7815,"2024-10-19 01:56:27.994676+00:00",1681,500.0000
4fa0b51e-d75b-4dee-9ca6-d502eed51099,"2024-10-21 11:18:04.759507+00:00",10000,500.0000
4fcde8bc-b983-4ad5-a018-785db0ad48c6,"2024-10-20 06:41:36.789644+00:00",1000,500.0000
4fd097bb-95bb-4e1d-aaf3-a51a6d7f37cd,"2024-10-23 09:41:34.033017+00:00",3000,500.0000
4fd93457-c9af-4ac4-933c-dfabc52839d3,"2024-10-17 10:14:25.646969+00:00",3000,1000.0000
5009c900-e96c-4cf1-bbb5-cfe601020e90,"2024-10-20 17:08:23.168298+00:00",5000,2166.6667
5009c900-e96c-4cf1-bbb5-cfe601020e90,"2024-10-21 12:00:43.772790+00:00",5000,2333.3333
5009c900-e96c-4cf1-bbb5-cfe601020e90,"2024-10-21 13:00:50.110738+00:00",10000,3666.6667
5009c900-e96c-4cf1-bbb5-cfe601020e90,"2024-10-23 07:38:54.223517+00:00",10000,1000.0000
5009c900-e96c-4cf1-bbb5-cfe601020e90,"2024-10-23 07:40:45.385202+00:00",10000,4000.0000
501066be-2e71-4e64-8ecb-7ebe54025f7e,"2024-10-19 00:49:15.106296+00:00",1000,500.0000
5028b079-126c-476a-b4ec-50b8443b45f8,"2024-10-17 13:17:54.089243+00:00",3000,500.0000
5028b079-126c-476a-b4ec-50b8443b45f8,"2024-10-19 08:54:34.380245+00:00",5000,1750.0000
5042a72e-73c0-426b-9b51-39ebcd5f790f,"2024-10-17 12:21:10.059658+00:00",1000,500.0000
5053c56d-7a00-439a-a0d2-8967167f3cc7,"2024-10-16 03:18:39.581004+00:00",10000,946.6667
5053c56d-7a00-439a-a0d2-8967167f3cc7,"2024-10-16 03:19:13.281288+00:00",10000,3946.6667
5053c56d-7a00-439a-a0d2-8967167f3cc7,"2024-10-16 06:57:35.048482+00:00",5000,893.3333
5053c56d-7a00-439a-a0d2-8967167f3cc7,"2024-10-16 06:58:16.557501+00:00",5000,2280.0000
5053c56d-7a00-439a-a0d2-8967167f3cc7,"2024-10-16 07:31:12.871165+00:00",10000,5000.0000
5053c56d-7a00-439a-a0d2-8967167f3cc7,"2024-10-16 10:35:37.993369+00:00",10000,1000.0000
5053c56d-7a00-439a-a0d2-8967167f3cc7,"2024-10-16 11:11:22.749188+00:00",10000,4000.0000
5053c56d-7a00-439a-a0d2-8967167f3cc7,"2024-10-17 05:20:21.656585+00:00",10000,5000.0000
5053c56d-7a00-439a-a0d2-8967167f3cc7,"2024-10-17 06:18:31.583205+00:00",10000,5000.0000
5053c56d-7a00-439a-a0d2-8967167f3cc7,"2024-10-18 04:05:04.657319+00:00",10000,2500.0000
5053c56d-7a00-439a-a0d2-8967167f3cc7,"2024-10-18 04:34:44.417656+00:00",10000,5000.0000
5053c56d-7a00-439a-a0d2-8967167f3cc7,"2024-10-19 02:52:10.031271+00:00",5000,2500.0000
5053c56d-7a00-439a-a0d2-8967167f3cc7,"2024-10-19 03:31:27.171542+00:00",10000,3000.0000
5053c56d-7a00-439a-a0d2-8967167f3cc7,"2024-10-20 04:48:12.556606+00:00",10000,4333.3333
5053c56d-7a00-439a-a0d2-8967167f3cc7,"2024-10-21 04:25:30.899597+00:00",10000,4333.3333
5053c56d-7a00-439a-a0d2-8967167f3cc7,"2024-10-23 08:16:10.790187+00:00",10000,5000.0000
505899ef-a172-4836-8c25-c6315bbc26e7,"2024-10-19 11:38:52.660661+00:00",3000,500.0000
5061d9d8-06cb-4e14-b0f6-215dc70310e6,"2024-10-17 10:14:25.646969+00:00",3000,1000.0000
50691883-967a-4b31-b9c6-66380cb684b2,"2024-10-17 10:14:25.646969+00:00",3000,1000.0000
5080cf9d-6737-4fb6-8f4c-9d3ce89d7791,"2024-10-23 15:41:29.601213+00:00",1000,500.0000
509087f4-1496-4f7a-be99-c072f883f322,"2024-10-23 11:15:12.814158+00:00",10000,3000.0000
50a1484d-bf51-49a6-8559-c0b04c2bf338,"2024-10-17 10:14:25.646969+00:00",3000,1000.0000
50abaab1-c4a6-4895-b2b9-55e5cf12b606,"2024-10-23 11:15:12.814158+00:00",10000,3000.0000
50c2727c-34c5-4145-a560-b622f87b1b05,"2024-10-19 19:24:37.542592+00:00",5000,1000.0000
50d7eff9-f6aa-4bd3-bfec-88c2e2153fee,"2024-10-23 11:15:12.814158+00:00",10000,3000.0000
50e8224f-9336-4c0d-bb8e-28ce394cd4c6,"2024-10-17 10:14:25.646969+00:00",3000,1000.0000
50ebec2c-1bd3-4f8c-a7ed-a63a9462ee84,"2024-10-17 10:14:25.646969+00:00",3000,1000.0000
5105e7f4-f86b-4188-bfb2-4c7df9c24d99,"2024-10-18 03:17:56.375325+00:00",5000,500.0000
510ac79f-b402-4586-b0f0-288dcba1dc64,"2024-10-23 10:18:35.224386+00:00",3000,500.0000
510cbc59-3d6a-468e-a8e2-da3dba97b0c7,"2024-10-23 10:54:14.288898+00:00",1000,500.0000
5127ea9f-1587-4a94-bd7e-e9800a63b328,"2024-10-20 00:51:31.557659+00:00",5000,2401.0000
5127ea9f-1587-4a94-bd7e-e9800a63b328,"2024-10-23 10:44:24.015816+00:00",25000,4333.3333
512a95fc-ae11-4620-ab91-9ac0a2bafa73,"2024-10-21 12:54:13.745791+00:00",3000,1000.0000
512a95fc-ae11-4620-ab91-9ac0a2bafa73,"2024-10-23 09:22:46.885148+00:00",5000,1666.6667
512b13c0-44c3-469b-8c58-1d171bc6bf35,"2024-10-17 20:47:54.780142+00:00",5000,500.0000
5135ca45-9068-4096-ac74-6319b625cc4f,"2024-10-17 16:58:53.460288+00:00",1000,500.0000
51386942-c560-4738-9fb4-177347f09984,"2024-10-17 11:00:44.250443+00:00",2000,1000.0000
517722da-9cea-4c23-a7cf-4cf1da559820,"2024-10-17 10:14:25.646969+00:00",3000,1000.0000
518e7ece-09e6-4168-b3bd-753035ce0fd9,"2024-10-17 10:14:25.646969+00:00",3000,1000.0000
51becb1d-f281-47ff-b869-94dc3e25c983,"2024-10-20 08:34:45.350972+00:00",1000,500.0000
51d2be0c-6056-487a-9f0b-ea60e4754244,"2024-10-19 03:50:27.170408+00:00",1000,500.0000
51d5d27f-84de-42c2-9c72-b39a42dc992f,"2024-10-19 14:13:59.192412+00:00",10000,500.0000
51dbf332-94d1-439f-88b9-c80e4695ee0b,"2024-10-21 12:04:36.686533+00:00",3000,1333.3333
51dbf332-94d1-439f-88b9-c80e4695ee0b,"2024-10-21 13:26:42.995267+00:00",3000,1333.3333
51dbf332-94d1-439f-88b9-c80e4695ee0b,"2024-10-23 03:10:11.902994+00:00",3000,500.0000
51ed2675-b5f6-463d-9d13-55fef4753705,"2024-10-23 11:37:55.334130+00:00",10000,500.0000
51ed40c5-9a4d-4871-be7a-5ad11dd0568e,"2024-10-17 03:08:00.054900+00:00",10000,5000.0000
51f011b6-effe-4fbb-bd42-df9b8a05cf14,"2024-10-19 07:22:58.056840+00:00",3000,500.0000
51f1c657-a851-402f-a616-c6d3ea17ed82,"2024-10-23 11:15:12.814158+00:00",10000,3000.0000
52020a75-6697-4ed0-8224-f3d8533be5a1,"2024-10-19 14:11:03.373575+00:00",10000,3666.6667
520bbaa3-3eb9-40f4-89c0-95e75194e9eb,"2024-10-20 22:00:45.496639+00:00",25221,840.0000
520bbaa3-3eb9-40f4-89c0-95e75194e9eb,"2024-10-21 00:26:39.589614+00:00",42036,13030.5000
5257577b-9864-489c-95e7-0761cee9154e,"2024-10-19 06:43:29.916669+00:00",3000,500.0000
5265a910-3211-4d56-904b-908e6e6d8721,"2024-10-22 13:30:40.426153+00:00",10000,500.0000
52665146-d784-4135-bce7-ae238df36c96,"2024-10-23 11:15:12.814158+00:00",10000,3000.0000
5275beca-8edd-468b-957b-55fc26ec34be,"2024-10-18 15:52:09.671835+00:00",10000,5000.0000
52847f4d-d2a0-48a8-ba58-f7fedfc25be4,"2024-10-17 10:14:25.646969+00:00",3000,1000.0000
528d9a9d-1dbc-42e8-9b39-524d0ecdb923,"2024-10-16 14:49:56.275028+00:00",1000,500.0000
52af64c6-d616-4889-a51f-d3d2884f9a1d,"2024-10-18 18:46:27.004528+00:00",50000,15000.0000
52af64c6-d616-4889-a51f-d3d2884f9a1d,"2024-10-19 04:19:58.256285+00:00",50000,23333.3333
52af64c6-d616-4889-a51f-d3d2884f9a1d,"2024-10-19 22:50:21.170149+00:00",50000,23333.3333
52c5c83f-7cf8-4b1b-9efc-eb0ce51d5f5e,"2024-10-17 05:47:59.643308+00:00",10000,3000.0000
52d1e2fe-39b9-4f5d-b1dd-722bc1364097,"2024-10-19 03:08:02.256182+00:00",5000,500.0000
52eca4bd-e7dc-40ed-ab55-7a038a392cdd,"2024-10-20 11:20:50.452460+00:00",10000,5000.0000
52fcd9c8-0abd-491a-a40d-7e64eafc8758,"2024-10-16 03:45:43.697407+00:00",50000,10000.0000
5302595a-6130-403a-8329-6eaaae8ae268,"2024-10-23 11:15:12.814158+00:00",10000,3000.0000
531575f8-fe2f-4e15-a87c-cc6eec8a6f4c,"2024-10-22 17:09:05.760338+00:00",10000,4333.3333
532bc59c-dfbc-40ba-b76f-08ebd6783025,"2024-10-17 11:18:14.686758+00:00",10000,3000.0000
532bc59c-dfbc-40ba-b76f-08ebd6783025,"2024-10-17 12:12:02.216151+00:00",25000,6500.0000
532bc59c-dfbc-40ba-b76f-08ebd6783025,"2024-10-23 14:02:42.851218+00:00",5000,2166.6667
533be0b2-b3a9-4935-9846-9138ac3dd2c2,"2024-10-23 11:15:12.814158+00:00",10000,3000.0000
535c8412-4ff7-48b8-bad1-0152bddd9ca7,"2024-10-20 07:12:04.098013+00:00",1000,500.0000
5368d7d1-d724-41ef-a712-978a03a544bd,"2024-10-21 02:57:11.392449+00:00",3000,500.0000
53744146-20e2-4a33-ba1e-05dc6dc10860,"2024-10-17 10:14:25.646969+00:00",3000,1000.0000
539d462a-8f78-4166-8e0f-b4a3cff8fc87,"2024-10-23 05:35:09.353759+00:00",1000,500.0000
53aaab9d-5677-4235-b58e-a00523f455e5,"2024-10-17 12:21:10.059658+00:00",1000,500.0000
53bfaaeb-d17d-41e5-8e1f-181144e7e00d,"2024-10-22 09:43:07.353334+00:00",3000,500.0000
5445900d-86ca-4315-9333-c7a092ee8dc5,"2024-10-21 14:40:17.006156+00:00",1000,500.0000
54711e7f-7df9-404a-8576-53c8145135ab,"2024-10-23 16:44:43.522469+00:00",5403,1084.0000
5497e81d-c4f2-4aa4-b703-63cc427f9682,"2024-10-22 08:01:40.567636+00:00",3000,500.0000
54a7973e-e1d4-450a-8f38-962c0fa5b7f0,"2024-10-17 10:14:25.646969+00:00",3000,1000.0000
550ab02f-12c0-4f05-9d7f-850e458a804e,"2024-10-17 10:14:25.646969+00:00",3000,1000.0000
551cbef0-2a4a-4b50-b294-55a57c1dcb60,"2024-10-20 05:02:49.138517+00:00",1000,500.0000
55316d02-35e8-434c-b2f2-95730af7f808,"2024-10-17 12:21:10.059658+00:00",1000,500.0000
5541d981-5a76-4ef9-9298-dc149acb81db,"2024-10-21 11:31:23.094928+00:00",5000,2166.6667
5541e67b-f1f1-41e9-b69f-b838984abaed,"2024-10-23 04:47:09.464356+00:00",3000,500.0000
555183a7-9a95-4582-b560-fc4f3164e7f3,"2024-10-17 10:14:25.646969+00:00",3000,1000.0000
556a47e5-ee23-485f-bb20-4b4cbb80c6c0,"2024-10-17 10:31:50.476208+00:00",10000,3000.0000
5589a87b-768a-44c8-9309-a93c9b1a57d0,"2024-10-22 03:58:15.832500+00:00",25000,10000.0000
558a9d5e-1b99-4b38-8be7-1c80cf5ed710,"2024-10-21 12:54:13.745791+00:00",3000,1000.0000
558a9d5e-1b99-4b38-8be7-1c80cf5ed710,"2024-10-23 09:22:46.885148+00:00",5000,1666.6667
55ba171a-563e-47d3-905a-185c46691f9c,"2024-10-23 04:42:09.936624+00:00",3000,500.0000
55ba171a-563e-47d3-905a-185c46691f9c,"2024-10-23 04:42:33.136389+00:00",3000,1333.3333
55fc2b99-e398-4a3a-bbbd-63a8bd3d9dfa,"2024-10-17 10:14:25.646969+00:00",3000,1000.0000
5604a95e-d166-4940-893f-9fe7cb0c1175,"2024-10-22 08:01:40.567636+00:00",3000,500.0000
56094c03-ff79-4273-bcfb-1a79b6db3c0c,"2024-10-23 11:15:12.814158+00:00",10000,3000.0000
5635f7d5-2050-4bbd-a460-2544f26c8231,"2024-10-17 04:55:11.967730+00:00",3000,1000.0000
5657e43d-7846-4ece-b790-ead77efb2e8b,"2024-10-21 12:30:57.899537+00:00",3000,500.0000
565f876b-9ee9-46ef-be39-367cabbbe035,"2024-10-23 11:15:12.814158+00:00",10000,3000.0000
5661f080-3d89-4aae-bbf3-0f6d2e5791ca,"2024-10-21 02:57:11.392449+00:00",3000,500.0000
568dd4a7-f10d-48b6-841e-2a07b1786832,"2024-10-23 16:44:43.522469+00:00",5403,1084.0000
56932192-45ce-40ae-9f5a-81b0beea951d,"2024-10-17 10:14:25.646969+00:00",3000,1000.0000
56c10a2e-a886-4659-9eda-884ed1465d06,"2024-10-23 07:03:55.030264+00:00",3000,500.0000
56d44dce-8473-4284-9c2c-95fe580e430b,"2024-10-17 11:56:14.706843+00:00",1000,500.0000
57111bec-e9d4-4b33-af1a-1661d3955b99,"2024-10-23 10:54:14.288898+00:00",1000,500.0000
57432b94-3b87-4461-b0e3-4a8a008b5d15,"2024-10-19 19:24:37.542592+00:00",5000,1000.0000
57586d15-dc72-4f03-bafd-a9b17acdb18d,"2024-10-22 17:09:05.760338+00:00",10000,4333.3333
57870619-3ddb-4498-a46d-9aad815bd794,"2024-10-22 08:41:36.637268+00:00",3000,500.0000
57c70b39-10b5-4a02-95da-72bf4b8215ff,"2024-10-22 07:05:08.498764+00:00",3000,500.0000
57c88ebf-cf1a-47fe-90c5-9c9cb0c60f92,"2024-10-22 03:09:57.794152+00:00",3000,500.0000
5804683a-a415-47d3-ad00-fd96c477abca,"2024-10-23 09:09:53.142236+00:00",3000,500.0000
58083225-5566-4550-abad-1bab97c6b5de,"2024-10-18 09:29:17.550237+00:00",5000,500.0000
581b565a-0498-4419-95a7-efa15970728a,"2024-10-16 03:18:39.581004+00:00",10000,946.6667
581b565a-0498-4419-95a7-efa15970728a,"2024-10-16 03:19:13.281288+00:00",10000,3946.6667
581b565a-0498-4419-95a7-efa15970728a,"2024-10-16 06:57:35.048482+00:00",5000,893.3333
581b565a-0498-4419-95a7-efa15970728a,"2024-10-16 06:58:16.557501+00:00",5000,2280.0000
581b565a-0498-4419-95a7-efa15970728a,"2024-10-16 07:31:12.871165+00:00",10000,5000.0000
581b565a-0498-4419-95a7-efa15970728a,"2024-10-16 10:35:37.993369+00:00",10000,1000.0000
581b565a-0498-4419-95a7-efa15970728a,"2024-10-16 11:11:22.749188+00:00",10000,4000.0000
581b565a-0498-4419-95a7-efa15970728a,"2024-10-17 05:20:21.656585+00:00",10000,5000.0000
581b565a-0498-4419-95a7-efa15970728a,"2024-10-17 06:18:31.583205+00:00",10000,5000.0000
581b565a-0498-4419-95a7-efa15970728a,"2024-10-18 04:05:04.657319+00:00",10000,2500.0000
581b565a-0498-4419-95a7-efa15970728a,"2024-10-18 04:34:44.417656+00:00",10000,5000.0000
581b565a-0498-4419-95a7-efa15970728a,"2024-10-19 02:52:10.031271+00:00",5000,2500.0000
581b565a-0498-4419-95a7-efa15970728a,"2024-10-19 03:31:27.171542+00:00",10000,3000.0000
581b565a-0498-4419-95a7-efa15970728a,"2024-10-20 04:48:12.556606+00:00",10000,4333.3333
581b565a-0498-4419-95a7-efa15970728a,"2024-10-21 04:25:30.899597+00:00",10000,4333.3333
581b565a-0498-4419-95a7-efa15970728a,"2024-10-23 08:16:10.790187+00:00",10000,5000.0000
5827aae2-64bb-4b9c-86a1-b893ada2ea00,"2024-10-22 17:09:05.760338+00:00",10000,4333.3333
582f5f55-fbea-4ee0-923b-112e81b5ccc0,"2024-10-18 04:34:54.688105+00:00",3000,500.0000
58564ba5-cd70-4719-8c87-941cce5c3db8,"2024-10-21 13:27:04.826516+00:00",2500,1000.0000
58b2d716-348d-4a6c-b0b5-24fb88ea9697,"2024-10-18 16:24:06.191727+00:00",10000,5000.0000
58c4b4bd-294a-4faa-8111-216b90463e18,"2024-10-17 02:41:43.624622+00:00",5000,2500.0000
592a50ad-73ff-486b-a24e-1e300ea74881,"2024-10-21 11:10:33.327961+00:00",3000,500.0000
592a50ad-73ff-486b-a24e-1e300ea74881,"2024-10-21 11:14:15.031588+00:00",5000,1750.0000
59389607-44d2-4158-b25f-4e3e02fe031a,"2024-10-21 17:33:08.905055+00:00",1000,500.0000
5997718a-c7a3-44e2-8280-1036178e853f,"2024-10-17 10:14:25.646969+00:00",3000,1000.0000
5a005a18-b730-4b09-9262-a2a19d662397,"2024-10-22 05:22:39.207483+00:00",1000,500.0000
5a056149-b85f-47a1-8fc0-0bfc6aa697bb,"2024-10-18 13:03:55.979125+00:00",10000,5000.0000
5a4129ff-6a8c-40ba-8f39-7687e4387b84,"2024-10-22 04:33:45.724406+00:00",5000,500.0000
5a6234ad-624a-4b41-8709-4eaea4a32285,"2024-10-23 03:25:43.139488+00:00",5000,500.0000
5a6c168e-4f72-4bd5-be57-b0f3a8d19c6b,"2024-10-21 10:43:38.051575+00:00",3000,500.0000
5a6e2989-5897-4401-a5f5-622bc17c17ca,"2024-10-21 12:54:13.745791+00:00",3000,1000.0000
5a6e2989-5897-4401-a5f5-622bc17c17ca,"2024-10-23 09:22:46.885148+00:00",5000,1666.6667
5a7f6b95-8500-4f9f-9fba-37b9120d6ad8,"2024-10-20 03:58:28.589866+00:00",3000,500.0000
5a8dba3a-618d-485b-bd7b-38d2acd01737,"2024-10-16 11:25:08.038384+00:00",5402,2701.0000
5a8dba3a-618d-485b-bd7b-38d2acd01737,"2024-10-17 06:09:34.974413+00:00",5404,2701.3333
5a8dba3a-618d-485b-bd7b-38d2acd01737,"2024-10-19 15:30:40.641995+00:00",5430,2715.0000
5a8dba3a-618d-485b-bd7b-38d2acd01737,"2024-10-19 17:02:40.243774+00:00",8145,3620.0000
5a8dba3a-618d-485b-bd7b-38d2acd01737,"2024-10-20 00:01:42.348855+00:00",13576,5430.0000
5a8dba3a-618d-485b-bd7b-38d2acd01737,"2024-10-20 11:57:57.809121+00:00",5431,2715.0000
5a8dba3a-618d-485b-bd7b-38d2acd01737,"2024-10-21 07:45:07.303190+00:00",13578,5431.0000
5ab3bb0c-ab77-464c-8617-f7a632bb42d8,"2024-10-19 12:33:28.249508+00:00",3000,500.0000
5ad3759c-b412-421c-a027-feaa456c5441,"2024-10-23 11:15:12.814158+00:00",10000,3000.0000
5af08d81-5988-4aa0-a4c0-f471c80c8ae0,"2024-10-16 03:18:39.581004+00:00",10000,946.6667
5af08d81-5988-4aa0-a4c0-f471c80c8ae0,"2024-10-16 03:19:13.281288+00:00",10000,3946.6667
5af08d81-5988-4aa0-a4c0-f471c80c8ae0,"2024-10-16 06:57:35.048482+00:00",5000,893.3333
5af08d81-5988-4aa0-a4c0-f471c80c8ae0,"2024-10-16 06:58:16.557501+00:00",5000,2280.0000
5af08d81-5988-4aa0-a4c0-f471c80c8ae0,"2024-10-16 07:31:12.871165+00:00",10000,5000.0000
5af08d81-5988-4aa0-a4c0-f471c80c8ae0,"2024-10-16 10:35:37.993369+00:00",10000,1000.0000
5af08d81-5988-4aa0-a4c0-f471c80c8ae0,"2024-10-16 11:11:22.749188+00:00",10000,4000.0000
5af08d81-5988-4aa0-a4c0-f471c80c8ae0,"2024-10-17 05:20:21.656585+00:00",10000,5000.0000
5af08d81-5988-4aa0-a4c0-f471c80c8ae0,"2024-10-17 06:18:31.583205+00:00",10000,5000.0000
5af08d81-5988-4aa0-a4c0-f471c80c8ae0,"2024-10-18 04:05:04.657319+00:00",10000,2500.0000
5af08d81-5988-4aa0-a4c0-f471c80c8ae0,"2024-10-18 04:34:44.417656+00:00",10000,5000.0000
5af08d81-5988-4aa0-a4c0-f471c80c8ae0,"2024-10-19 02:52:10.031271+00:00",5000,2500.0000
5af08d81-5988-4aa0-a4c0-f471c80c8ae0,"2024-10-19 03:31:27.171542+00:00",10000,3000.0000
5af08d81-5988-4aa0-a4c0-f471c80c8ae0,"2024-10-20 04:48:12.556606+00:00",10000,4333.3333
5af08d81-5988-4aa0-a4c0-f471c80c8ae0,"2024-10-21 04:25:30.899597+00:00",10000,4333.3333
5af08d81-5988-4aa0-a4c0-f471c80c8ae0,"2024-10-23 08:16:10.790187+00:00",10000,5000.0000
5af6815c-2e5d-4678-ac5c-18bcdd3f9976,"2024-10-22 01:39:57.336500+00:00",5000,500.0000
5af6b75d-bd3f-4cad-a586-78b907453f73,"2024-10-22 03:17:47.593628+00:00",3000,500.0000
5af82594-0c1d-4f2f-a67d-80bc1347009a,"2024-10-23 03:10:23.194438+00:00",5000,500.0000
5b3eb0ac-435c-4c80-b024-15ceac907dd8,"2024-10-18 00:03:22.593722+00:00",1680,840.0000
5b3eb0ac-435c-4c80-b024-15ceac907dd8,"2024-10-19 01:28:03.220473+00:00",4203,1260.0000
5b633959-9740-4094-a424-8fad4daf9f04,"2024-10-22 02:15:25.433763+00:00",10000,5000.0000
5b67d534-48cc-41f8-b225-37869679063b,"2024-10-17 10:14:25.646969+00:00",3000,1000.0000
5b68d593-f033-405a-a898-fd9bc3e9f594,"2024-10-22 07:38:42.306488+00:00",1000,500.0000
5bbf9d46-0ec6-4bf5-ba7f-2512684e82bb,"2024-10-17 05:12:03.460848+00:00",2101,690.0000
5bcaf9d3-354b-4ae3-81b6-d5b32ee20267,"2024-10-23 11:15:12.814158+00:00",10000,3000.0000
5bdc2fb8-f98f-43fa-b464-23fbccf423c2,"2024-10-23 11:15:12.814158+00:00",10000,3000.0000
5befb97b-32ed-45df-a8de-0bf14037ac7c,"2024-10-19 03:23:06.969227+00:00",5000,500.0000
5c0815fd-a507-451b-8505-a6ffb1ef4985,"2024-10-21 02:57:11.392449+00:00",3000,500.0000
5c393855-7ab2-48b5-8789-88d064f1cd6c,"2024-10-22 17:09:05.760338+00:00",10000,4333.3333
5c4e490c-e3e4-4ed6-bc70-6109d6e58207,"2024-10-17 10:14:25.646969+00:00",3000,1000.0000
5c794c5d-a534-4dd5-bacc-b53403317099,"2024-10-17 10:14:25.646969+00:00",3000,1000.0000
5c80dad8-ffcb-4f0c-851a-c8025c8fee24,"2024-10-20 05:37:09.373455+00:00",3000,500.0000
5c98235a-79de-4f55-9caf-451e5c35e993,"2024-10-17 10:14:25.646969+00:00",3000,1000.0000
5c9db6cc-7a50-48a1-a3b2-0d35004d2e00,"2024-10-21 12:26:44.363387+00:00",10000,4000.0000
5cbf44cd-5338-47c5-8aa1-f611e334b239,"2024-10-18 09:16:23.203226+00:00",1000,500.0000
5d03213c-30ef-4aab-bd42-ad3f26fb1004,"2024-10-18 04:54:41.794075+00:00",10000,5000.0000
5d0c24de-7b9e-4742-9ef7-637022860f80,"2024-10-23 16:44:43.522469+00:00",5403,1084.0000
5d1e497d-0b07-412e-9b6c-b11392a72d42,"2024-10-17 10:14:25.646969+00:00",3000,1000.0000
5d502823-1309-437e-808b-01fcadadef9d,"2024-10-18 05:37:07.544927+00:00",3000,500.0000
5d664bc9-3975-49d6-8126-4c54603f3ffa,"2024-10-19 07:32:04.007247+00:00",1000,500.0000
5d8adbd4-8204-4cc5-8c9e-d9c67af6c905,"2024-10-20 15:24:48.845104+00:00",5000,2101.0000
5db0a6fa-bec2-4484-8071-4dd5c210d341,"2024-10-17 12:21:10.059658+00:00",1000,500.0000
5db29977-4f36-4a91-b0af-9108438a2c86,"2024-10-23 11:15:12.814158+00:00",10000,3000.0000
5dc22d1a-699a-4ec6-9013-697811ddcdb3,"2024-10-18 00:18:07.608515+00:00",3000,500.0000
5dc22d1a-699a-4ec6-9013-697811ddcdb3,"2024-10-20 17:15:45.470477+00:00",5000,1750.0000
5dcb3916-2194-4b70-aed7-ad62441f64d3,"2024-10-20 12:48:06.583101+00:00",1000,500.0000
5dcbd621-cebc-4962-8c89-036fc9ee75b8,"2024-10-20 10:48:15.363155+00:00",3000,500.0000
5de14a54-293a-4e51-844f-57d62d89522d,"2024-10-22 11:13:15.138606+00:00",5000,500.0000
5e19b7ff-5b84-46d5-af5b-b4e768890291,"2024-10-22 09:02:35.823450+00:00",3000,500.0000
5e1d14c9-c586-4248-b3be-f68a5a1c2bf8,"2024-10-22 11:44:22.769977+00:00",1000,500.0000
5e297d2a-b573-4547-8ea9-878f1144d4b6,"2024-10-17 12:21:10.059658+00:00",1000,500.0000
5e40bebe-bcea-4e2f-b4ab-b57a159e0365,"2024-10-22 08:01:40.567636+00:00",3000,500.0000
5e41c518-4207-41d6-aea0-ad136881db0c,"2024-10-23 19:49:36.051625+00:00",3000,500.0000
5e41c518-4207-41d6-aea0-ad136881db0c,"2024-10-23 19:50:33.959311+00:00",3000,1333.3333
5e952ec3-5031-4cd7-b011-cdfd674efb97,"2024-10-17 13:03:49.454339+00:00",3000,500.0000
5f636e92-0b4c-407a-80f3-c14db669a4e4,"2024-10-17 12:21:10.059658+00:00",1000,500.0000
5f6412b8-7c0b-4f69-b6b9-6e2f2ae073cd,"2024-10-17 11:26:49.605257+00:00",3000,500.0000
5fa80825-241b-4cad-9f32-154c9e46d9e5,"2024-10-18 00:00:17.431687+00:00",3000,500.0000
5fddb669-0dfb-41f4-a13f-196206f8af12,"2024-10-17 10:14:25.646969+00:00",3000,1000.0000
60126a48-74e4-4d62-bff3-6d3dba465181,"2024-10-17 10:14:25.646969+00:00",3000,1000.0000
6021fe99-add1-43b9-a068-20905d3b92f5,"2024-10-22 03:52:12.242230+00:00",1000,500.0000
604dcb1e-dfa6-4a8a-aba9-81c6b934aee9,"2024-10-23 11:15:12.814158+00:00",10000,3000.0000
60503bd1-3fba-4824-bc3f-dcc12a3eb860,"2024-10-20 01:51:43.823045+00:00",3000,500.0000
607277aa-1633-489d-af14-0820500098b9,"2024-10-17 10:14:25.646969+00:00",3000,1000.0000
608f354d-7758-45d7-8a08-f13cb6588c7f,"2024-10-17 12:21:10.059658+00:00",1000,500.0000
60aa1c00-601a-4888-93eb-3bbad97ed8ca,"2024-10-18 06:26:50.140323+00:00",1000,500.0000
60ac90b4-9752-4c49-be05-6f4174bf7ea3,"2024-10-23 12:02:11.432240+00:00",3000,500.0000
60b77437-e060-48ad-a80b-05cb40cec0cb,"2024-10-20 00:51:31.557659+00:00",5000,2401.0000
60b77437-e060-48ad-a80b-05cb40cec0cb,"2024-10-23 10:44:24.015816+00:00",25000,4333.3333
60fc0048-ac05-4640-b481-984dd84c1002,"2024-10-22 00:29:10.438407+00:00",2000,500.0000
617a90cc-2b5a-43aa-8b29-174ef7227343,"2024-10-21 10:43:38.051575+00:00",3000,500.0000
618caf14-c0c3-4c4d-a673-382e1bc1e4e8,"2024-10-22 03:37:59.344965+00:00",1000,500.0000
618de790-f48b-4416-a15c-5e537610929e,"2024-10-17 10:14:25.646969+00:00",3000,1000.0000
619cd578-801b-4183-ad9a-f42ced0d6565,"2024-10-21 03:13:07.197366+00:00",1000,500.0000
61a5730a-3e13-4abe-8b88-963c5453fd8a,"2024-10-19 03:00:48.507015+00:00",10000,3000.0000
61bd33b8-f982-4cb8-a13a-e212fa0ee89b,"2024-10-18 06:22:49.731004+00:00",10000,500.0000
61dac021-368c-4d23-9e28-874099542a83,"2024-10-17 10:14:25.646969+00:00",3000,1000.0000
61dccba8-830a-4a5b-9f31-aef6c12145ef,"2024-10-20 12:17:29.768854+00:00",3000,500.0000
61ee44f0-f6e3-4d77-902f-32aedc19abea,"2024-10-17 12:21:10.059658+00:00",1000,500.0000
61f01627-71bd-4a4f-8735-6c60652cfb1d,"2024-10-17 10:14:25.646969+00:00",3000,1000.0000
6201e6f2-bf87-4712-a1a5-cb9ab692804c,"2024-10-23 11:15:12.814158+00:00",10000,3000.0000
62225804-d64c-4723-98f8-442252c522a6,"2024-10-18 18:39:39.995511+00:00",10000,920.0000
622e5ee1-0c5a-458f-b32f-3c92ef7ca68b,"2024-10-16 03:18:39.581004+00:00",10000,946.6667
622e5ee1-0c5a-458f-b32f-3c92ef7ca68b,"2024-10-16 03:19:13.281288+00:00",10000,3946.6667
622e5ee1-0c5a-458f-b32f-3c92ef7ca68b,"2024-10-16 06:57:35.048482+00:00",5000,893.3333
622e5ee1-0c5a-458f-b32f-3c92ef7ca68b,"2024-10-16 06:58:16.557501+00:00",5000,2280.0000
622e5ee1-0c5a-458f-b32f-3c92ef7ca68b,"2024-10-16 07:31:12.871165+00:00",10000,5000.0000
622e5ee1-0c5a-458f-b32f-3c92ef7ca68b,"2024-10-16 10:35:37.993369+00:00",10000,1000.0000
622e5ee1-0c5a-458f-b32f-3c92ef7ca68b,"2024-10-16 11:11:22.749188+00:00",10000,4000.0000
622e5ee1-0c5a-458f-b32f-3c92ef7ca68b,"2024-10-17 05:20:21.656585+00:00",10000,5000.0000
622e5ee1-0c5a-458f-b32f-3c92ef7ca68b,"2024-10-17 06:18:31.583205+00:00",10000,5000.0000
622e5ee1-0c5a-458f-b32f-3c92ef7ca68b,"2024-10-18 04:05:04.657319+00:00",10000,2500.0000
622e5ee1-0c5a-458f-b32f-3c92ef7ca68b,"2024-10-18 04:34:44.417656+00:00",10000,5000.0000
622e5ee1-0c5a-458f-b32f-3c92ef7ca68b,"2024-10-19 02:52:10.031271+00:00",5000,2500.0000
622e5ee1-0c5a-458f-b32f-3c92ef7ca68b,"2024-10-19 03:31:27.171542+00:00",10000,3000.0000
622e5ee1-0c5a-458f-b32f-3c92ef7ca68b,"2024-10-20 04:48:12.556606+00:00",10000,4333.3333
622e5ee1-0c5a-458f-b32f-3c92ef7ca68b,"2024-10-21 04:25:30.899597+00:00",10000,4333.3333
622e5ee1-0c5a-458f-b32f-3c92ef7ca68b,"2024-10-23 08:16:10.790187+00:00",10000,5000.0000
622f6a49-89f4-4ece-b3d6-ab76e49f74fc,"2024-10-23 04:49:30.148053+00:00",3000,500.0000
6230af63-0436-40d4-a70c-25d0c107c433,"2024-10-17 10:14:25.646969+00:00",3000,1000.0000
6247b6f2-6ba9-4b3a-b9fd-d4c51bbcdeb8,"2024-10-19 03:50:16.916482+00:00",10000,3000.0000
62784c0b-bdd5-4046-a393-59a4bcb2e263,"2024-10-20 11:50:00.839113+00:00",3000,500.0000
6282323d-9cdf-431e-9254-bee067647d85,"2024-10-17 10:14:25.646969+00:00",3000,1000.0000
628ae425-b298-48f5-abe6-a5b33a290993,"2024-10-17 02:47:15.508882+00:00",10000,5000.0000
6298cff4-86d2-458d-be3b-6e52a774753c,"2024-10-20 07:57:13.355199+00:00",3000,500.0000
6298cff4-86d2-458d-be3b-6e52a774753c,"2024-10-21 09:43:14.988767+00:00",10000,1750.0000
62c3b53a-13dd-4142-a413-7ca3f867238e,"2024-10-17 16:58:53.460288+00:00",1000,500.0000
62ced1eb-a560-4601-903b-cb49acc42605,"2024-10-18 02:59:21.034810+00:00",50000,10000.0000
62f905fb-f188-422f-b3ba-267d9de611d3,"2024-10-18 00:06:00.682006+00:00",8405,4202.0000
62fe4604-2e0e-4dbf-a57f-5f8b43d85e2d,"2024-10-17 10:14:25.646969+00:00",3000,1000.0000
63005d84-f9e8-48a5-b915-00d4c6c0b038,"2024-10-23 10:54:14.288898+00:00",1000,500.0000
6307b548-8a51-489d-8bab-93fae1909c35,"2024-10-23 18:24:24.265550+00:00",3000,500.0000
63085aeb-33d2-438a-aed2-9c8254d68781,"2024-10-16 03:18:39.581004+00:00",10000,946.6667
63085aeb-33d2-438a-aed2-9c8254d68781,"2024-10-16 03:19:13.281288+00:00",10000,3946.6667
63085aeb-33d2-438a-aed2-9c8254d68781,"2024-10-16 06:57:35.048482+00:00",5000,893.3333
63085aeb-33d2-438a-aed2-9c8254d68781,"2024-10-16 06:58:16.557501+00:00",5000,2280.0000
63085aeb-33d2-438a-aed2-9c8254d68781,"2024-10-16 07:31:12.871165+00:00",10000,5000.0000
63085aeb-33d2-438a-aed2-9c8254d68781,"2024-10-16 10:35:37.993369+00:00",10000,1000.0000
63085aeb-33d2-438a-aed2-9c8254d68781,"2024-10-16 11:11:22.749188+00:00",10000,4000.0000
63085aeb-33d2-438a-aed2-9c8254d68781,"2024-10-17 05:20:21.656585+00:00",10000,5000.0000
63085aeb-33d2-438a-aed2-9c8254d68781,"2024-10-17 06:18:31.583205+00:00",10000,5000.0000
63085aeb-33d2-438a-aed2-9c8254d68781,"2024-10-18 04:05:04.657319+00:00",10000,2500.0000
63085aeb-33d2-438a-aed2-9c8254d68781,"2024-10-18 04:34:44.417656+00:00",10000,5000.0000
63085aeb-33d2-438a-aed2-9c8254d68781,"2024-10-19 02:52:10.031271+00:00",5000,2500.0000
63085aeb-33d2-438a-aed2-9c8254d68781,"2024-10-19 03:31:27.171542+00:00",10000,3000.0000
63085aeb-33d2-438a-aed2-9c8254d68781,"2024-10-20 04:48:12.556606+00:00",10000,4333.3333
63085aeb-33d2-438a-aed2-9c8254d68781,"2024-10-21 04:25:30.899597+00:00",10000,4333.3333
63085aeb-33d2-438a-aed2-9c8254d68781,"2024-10-23 08:16:10.790187+00:00",10000,5000.0000
6327783c-3d36-4a8b-9da6-5ad0b241b029,"2024-10-23 11:15:12.814158+00:00",10000,3000.0000
6397ec72-fa3a-4783-8af2-873284634bf7,"2024-10-18 05:11:08.031962+00:00",4202,840.0000
63c041c4-75fe-4255-a03c-aba689c7d3d4,"2024-10-17 10:14:25.646969+00:00",3000,1000.0000
63db56b7-88d4-45d4-9c35-d121d70ebf70,"2024-10-17 10:14:25.646969+00:00",3000,1000.0000
6403cc7d-bd92-4f57-b9fb-c6a1b26bcf94,"2024-10-19 07:40:59.675264+00:00",3000,500.0000
641c7859-f8c8-49d1-8b97-3471eb9cae3e,"2024-10-20 00:17:43.825544+00:00",8407,2101.0000
643f735a-b32a-4a94-8d32-c0ec0aceb898,"2024-10-17 12:21:10.059658+00:00",1000,500.0000
6489ccc5-8fc8-4c99-b01f-4e416f55730e,"2024-10-17 12:21:10.059658+00:00",1000,500.0000
64f6ccfe-1593-43f7-98f4-fe11e235899f,"2024-10-23 11:15:12.814158+00:00",10000,3000.0000
64fae5f3-92d7-48a4-af25-4e14d62facbe,"2024-10-23 11:15:12.814158+00:00",10000,3000.0000
650b8878-b1f1-42ed-a652-a8b7aa23b240,"2024-10-21 12:54:13.745791+00:00",3000,1000.0000
650b8878-b1f1-42ed-a652-a8b7aa23b240,"2024-10-23 09:22:46.885148+00:00",5000,1666.6667
6512a846-8434-4a1c-8866-241e79c9e7b8,"2024-10-17 10:14:25.646969+00:00",3000,1000.0000
652bbe66-0867-40de-817e-db4c35bc9c65,"2024-10-22 00:45:55.144638+00:00",1681,840.0000
6541ae48-455a-46ab-8f41-cccff445bd66,"2024-10-17 15:10:35.452315+00:00",3000,500.0000
6541ae48-455a-46ab-8f41-cccff445bd66,"2024-10-18 06:15:10.293559+00:00",25000,1750.0000
6541ae48-455a-46ab-8f41-cccff445bd66,"2024-10-19 05:53:15.198695+00:00",25000,9500.0000
65537f40-55b6-40fa-b8d9-0ae08762dff5,"2024-10-18 00:09:25.016349+00:00",10000,500.0000
65585517-56d7-4e27-9f1f-b10d39e50c48,"2024-10-21 12:04:36.686533+00:00",3000,1333.3333
65585517-56d7-4e27-9f1f-b10d39e50c48,"2024-10-21 13:26:42.995267+00:00",3000,1333.3333
65585517-56d7-4e27-9f1f-b10d39e50c48,"2024-10-23 03:10:11.902994+00:00",3000,500.0000
6558ebb4-604c-413d-81d4-864bea6aa811,"2024-10-21 01:13:49.716992+00:00",2500,1000.0000
6566fd6a-31a2-4e4b-a76c-f2d323b94669,"2024-10-23 11:15:12.814158+00:00",10000,3000.0000
656a6a92-f792-4da5-9843-28a7280bfb30,"2024-10-20 00:51:31.557659+00:00",5000,2401.0000
656a6a92-f792-4da5-9843-28a7280bfb30,"2024-10-23 10:44:24.015816+00:00",25000,4333.3333
65812534-5429-4294-a8f8-e16ad5a662c9,"2024-10-17 10:14:25.646969+00:00",3000,1000.0000
659b2fb7-820d-4443-a56f-dbfb6e547e4f,"2024-10-23 09:09:24.445430+00:00",3000,500.0000
65a5328c-b5a6-4227-a319-042889bd1179,"2024-10-23 11:15:12.814158+00:00",10000,3000.0000
65a71d19-aef2-4f59-8773-a8d78bbc7a5d,"2024-10-17 10:14:25.646969+00:00",3000,1000.0000
65c6431d-77e4-4022-bee3-c62ce3b3a60f,"2024-10-23 01:30:07.828782+00:00",10000,500.0000
65c78a9c-b146-4e57-8e94-00db265743de,"2024-10-22 10:50:27.138031+00:00",5000,500.0000
65dfd46d-773b-474c-8b25-49342a7327ab,"2024-10-23 10:54:14.288898+00:00",1000,500.0000
65e72581-a27b-49eb-a869-9e720ebffb20,"2024-10-18 03:16:07.163286+00:00",1000,500.0000
660a6077-1083-47ea-937e-1d6d66ce6101,"2024-10-20 11:57:57.809121+00:00",5431,2715.0000
660a6077-1083-47ea-937e-1d6d66ce6101,"2024-10-21 07:45:07.303190+00:00",13578,5431.0000
6612c117-04de-414b-a0c4-e67de0707c22,"2024-10-20 11:07:57.827476+00:00",5000,500.0000
6612c117-04de-414b-a0c4-e67de0707c22,"2024-10-21 06:42:29.582728+00:00",10000,2750.0000
661d0840-ef01-4519-9acf-7423207dfa92,"2024-10-17 16:26:41.179238+00:00",3000,500.0000
662a270c-9d4c-4d40-8d02-35cffdd1c843,"2024-10-21 06:24:35.958406+00:00",4203,840.0000
662cec56-a395-4c3b-bd33-1c2297c624f1,"2024-10-21 02:57:11.392449+00:00",3000,500.0000
664c37e9-c2d7-4f22-a10c-d41246650f73,"2024-10-17 10:14:25.646969+00:00",3000,1000.0000
667ce188-fbaa-47a6-bdb7-02bd6ec92006,"2024-10-17 10:14:25.646969+00:00",3000,1000.0000
66dcde66-675f-44e0-b193-ecab5a498cf1,"2024-10-21 12:54:13.745791+00:00",3000,1000.0000
66dcde66-675f-44e0-b193-ecab5a498cf1,"2024-10-23 09:22:46.885148+00:00",5000,1666.6667
66dff43b-c45f-421b-b6d0-7b787f8658d4,"2024-10-16 03:18:39.581004+00:00",10000,946.6667
66dff43b-c45f-421b-b6d0-7b787f8658d4,"2024-10-16 03:19:13.281288+00:00",10000,3946.6667
66dff43b-c45f-421b-b6d0-7b787f8658d4,"2024-10-16 06:57:35.048482+00:00",5000,893.3333
66dff43b-c45f-421b-b6d0-7b787f8658d4,"2024-10-16 06:58:16.557501+00:00",5000,2280.0000
66dff43b-c45f-421b-b6d0-7b787f8658d4,"2024-10-16 07:31:12.871165+00:00",10000,5000.0000
66dff43b-c45f-421b-b6d0-7b787f8658d4,"2024-10-16 10:35:37.993369+00:00",10000,1000.0000
66dff43b-c45f-421b-b6d0-7b787f8658d4,"2024-10-16 11:11:22.749188+00:00",10000,4000.0000
66dff43b-c45f-421b-b6d0-7b787f8658d4,"2024-10-17 05:20:21.656585+00:00",10000,5000.0000
66dff43b-c45f-421b-b6d0-7b787f8658d4,"2024-10-17 06:18:31.583205+00:00",10000,5000.0000
66dff43b-c45f-421b-b6d0-7b787f8658d4,"2024-10-18 04:05:04.657319+00:00",10000,2500.0000
66dff43b-c45f-421b-b6d0-7b787f8658d4,"2024-10-18 04:34:44.417656+00:00",10000,5000.0000
66dff43b-c45f-421b-b6d0-7b787f8658d4,"2024-10-19 02:52:10.031271+00:00",5000,2500.0000
66dff43b-c45f-421b-b6d0-7b787f8658d4,"2024-10-19 03:31:27.171542+00:00",10000,3000.0000
66dff43b-c45f-421b-b6d0-7b787f8658d4,"2024-10-20 04:48:12.556606+00:00",10000,4333.3333
66dff43b-c45f-421b-b6d0-7b787f8658d4,"2024-10-21 04:25:30.899597+00:00",10000,4333.3333
66dff43b-c45f-421b-b6d0-7b787f8658d4,"2024-10-23 08:16:10.790187+00:00",10000,5000.0000
66e6a0c4-8acf-4b67-9c7d-13bb143f89d1,"2024-10-17 10:14:25.646969+00:00",3000,1000.0000
6702d33c-9bcc-42bc-bb59-5a4b65a87069,"2024-10-22 07:45:16.809098+00:00",10000,500.0000
670d44f1-c875-464f-8aa1-615747992083,"2024-10-17 03:11:13.073487+00:00",10000,500.0000
671cea1b-eb39-42ee-8868-7ea07555792f,"2024-10-18 08:09:38.104907+00:00",1000,500.0000
672539b2-644b-4f0b-8bf5-11a5c0f44a39,"2024-10-17 16:58:53.460288+00:00",1000,500.0000
673880d8-e4c3-49ad-99eb-b4c4c2cb8362,"2024-10-17 10:14:25.646969+00:00",3000,1000.0000
674a34d3-f316-4c2c-a7f7-f50fd39353f3,"2024-10-19 01:07:15.438407+00:00",10000,500.0000
6768edfa-1b7d-48da-b192-c37206aed2a8,"2024-10-17 10:14:25.646969+00:00",3000,1000.0000
676dbe54-999f-4161-ad2b-53dff54825e3,"2024-10-17 12:21:10.059658+00:00",1000,500.0000
67702881-67a1-4ea2-8d04-0943b1cdcf9b,"2024-10-21 15:44:16.451203+00:00",1000,500.0000
6795e053-00e3-46af-84ae-2f1693e6d170,"2024-10-19 11:54:41.788789+00:00",3000,500.0000
6795e053-00e3-46af-84ae-2f1693e6d170,"2024-10-21 11:58:10.137403+00:00",5000,2166.6667
679f9f30-285d-48d7-9cbf-5faf12d45acd,"2024-10-17 10:14:25.646969+00:00",3000,1000.0000
683d1ee8-1885-4c84-92dc-bbe0703b131a,"2024-10-16 03:18:39.581004+00:00",10000,946.6667
683d1ee8-1885-4c84-92dc-bbe0703b131a,"2024-10-16 03:19:13.281288+00:00",10000,3946.6667
683d1ee8-1885-4c84-92dc-bbe0703b131a,"2024-10-16 06:57:35.048482+00:00",5000,893.3333
683d1ee8-1885-4c84-92dc-bbe0703b131a,"2024-10-16 06:58:16.557501+00:00",5000,2280.0000
683d1ee8-1885-4c84-92dc-bbe0703b131a,"2024-10-16 07:31:12.871165+00:00",10000,5000.0000
683d1ee8-1885-4c84-92dc-bbe0703b131a,"2024-10-16 10:35:37.993369+00:00",10000,1000.0000
683d1ee8-1885-4c84-92dc-bbe0703b131a,"2024-10-16 11:11:22.749188+00:00",10000,4000.0000
683d1ee8-1885-4c84-92dc-bbe0703b131a,"2024-10-17 05:20:21.656585+00:00",10000,5000.0000
683d1ee8-1885-4c84-92dc-bbe0703b131a,"2024-10-17 06:18:31.583205+00:00",10000,5000.0000
683d1ee8-1885-4c84-92dc-bbe0703b131a,"2024-10-18 04:05:04.657319+00:00",10000,2500.0000
683d1ee8-1885-4c84-92dc-bbe0703b131a,"2024-10-18 04:34:44.417656+00:00",10000,5000.0000
683d1ee8-1885-4c84-92dc-bbe0703b131a,"2024-10-19 02:52:10.031271+00:00",5000,2500.0000
683d1ee8-1885-4c84-92dc-bbe0703b131a,"2024-10-19 03:31:27.171542+00:00",10000,3000.0000
683d1ee8-1885-4c84-92dc-bbe0703b131a,"2024-10-20 04:48:12.556606+00:00",10000,4333.3333
683d1ee8-1885-4c84-92dc-bbe0703b131a,"2024-10-21 04:25:30.899597+00:00",10000,4333.3333
683d1ee8-1885-4c84-92dc-bbe0703b131a,"2024-10-23 08:16:10.790187+00:00",10000,5000.0000
6841cb35-e62a-4874-b656-b57532b3fd9a,"2024-10-17 12:21:10.059658+00:00",1000,500.0000
6843eeae-c353-46f7-986c-68f0cf860a0e,"2024-10-20 00:51:31.557659+00:00",5000,2401.0000
6843eeae-c353-46f7-986c-68f0cf860a0e,"2024-10-23 10:44:24.015816+00:00",25000,4333.3333
687a2c19-0c70-459c-9902-9da2e6af2921,"2024-10-23 11:15:12.814158+00:00",10000,3000.0000
6889bc66-06b2-49a8-b84e-27920fea6ec1,"2024-10-17 10:14:25.646969+00:00",3000,1000.0000
68a95ddb-0b0b-48cd-969f-6efa9c58af47,"2024-10-22 00:40:22.630306+00:00",10000,500.0000
68b171c7-a6c7-4304-b2a7-6e68a775c610,"2024-10-23 10:54:14.288898+00:00",1000,500.0000
68ce08cb-eb32-40ba-aba0-cfaed642522f,"2024-10-19 02:10:30.119501+00:00",5000,500.0000
68ce08cb-eb32-40ba-aba0-cfaed642522f,"2024-10-20 01:50:23.192395+00:00",10000,2750.0000
6902c40f-c08a-4360-ae2b-e3b75beb17aa,"2024-10-23 11:15:12.814158+00:00",10000,3000.0000
6981fafc-0de1-49c3-a8cb-61814c587d7c,"2024-10-18 09:16:23.203226+00:00",1000,500.0000
69aafa4e-2a8a-435e-a89e-aa9e02f93931,"2024-10-18 02:05:00.345591+00:00",10000,5000.0000
69bcab1b-ca31-4597-8f3c-8721a61eab92,"2024-10-19 02:12:36.134367+00:00",3000,500.0000
69db9877-fc7c-4bd7-8bbb-3f921a624bc7,"2024-10-23 11:15:12.814158+00:00",10000,3000.0000
69dce778-5c2c-4487-af6d-fb10a6774c14,"2024-10-23 11:15:12.814158+00:00",10000,3000.0000
69f361a9-4e7f-4e74-bd88-00254662f7be,"2024-10-19 06:56:52.002845+00:00",1000,500.0000
6a57c5f1-f6eb-47a9-aed9-fcdad0bb308c,"2024-10-22 15:45:05.957284+00:00",10000,3000.0000
6a5abf01-73da-4db7-9e69-6a49bab3d017,"2024-10-21 12:04:36.686533+00:00",3000,1333.3333
6a5abf01-73da-4db7-9e69-6a49bab3d017,"2024-10-21 13:26:42.995267+00:00",3000,1333.3333
6a5abf01-73da-4db7-9e69-6a49bab3d017,"2024-10-23 03:10:11.902994+00:00",3000,500.0000
6a5c5de4-f569-44cb-bc95-d06a65cbb7bb,"2024-10-21 08:12:40.983471+00:00",3000,1000.0000
6a856cf7-1b8f-4732-84bd-33c02424127a,"2024-10-20 10:06:13.008481+00:00",1000,500.0000
6a8a36f5-a802-4199-8910-610c2810bfaa,"2024-10-17 03:43:55.163960+00:00",10000,5000.0000
6aa98e40-c249-44b4-ada8-848b67cdffc6,"2024-10-17 16:58:53.460288+00:00",1000,500.0000
6ae0fbac-b3df-4c84-b97c-820fa0cbc3b9,"2024-10-17 16:58:53.460288+00:00",1000,500.0000
6aeffbfb-6128-439e-863e-43bd61f660f2,"2024-10-17 20:47:54.780142+00:00",5000,500.0000
6af08deb-52cd-488a-9667-0ec2f3a91461,"2024-10-19 19:24:37.542592+00:00",5000,1000.0000
6b0c6e14-d826-469b-bd96-ec051a93704e,"2024-10-16 03:18:39.581004+00:00",10000,946.6667
6b0c6e14-d826-469b-bd96-ec051a93704e,"2024-10-16 03:19:13.281288+00:00",10000,3946.6667
6b0c6e14-d826-469b-bd96-ec051a93704e,"2024-10-16 06:57:35.048482+00:00",5000,893.3333
6b0c6e14-d826-469b-bd96-ec051a93704e,"2024-10-16 06:58:16.557501+00:00",5000,2280.0000
6b0c6e14-d826-469b-bd96-ec051a93704e,"2024-10-16 07:31:12.871165+00:00",10000,5000.0000
6b0c6e14-d826-469b-bd96-ec051a93704e,"2024-10-16 10:35:37.993369+00:00",10000,1000.0000
6b0c6e14-d826-469b-bd96-ec051a93704e,"2024-10-16 11:11:22.749188+00:00",10000,4000.0000
6b0c6e14-d826-469b-bd96-ec051a93704e,"2024-10-17 05:20:21.656585+00:00",10000,5000.0000
6b0c6e14-d826-469b-bd96-ec051a93704e,"2024-10-17 06:18:31.583205+00:00",10000,5000.0000
6b0c6e14-d826-469b-bd96-ec051a93704e,"2024-10-18 04:05:04.657319+00:00",10000,2500.0000
6b0c6e14-d826-469b-bd96-ec051a93704e,"2024-10-18 04:34:44.417656+00:00",10000,5000.0000
6b0c6e14-d826-469b-bd96-ec051a93704e,"2024-10-19 02:52:10.031271+00:00",5000,2500.0000
6b0c6e14-d826-469b-bd96-ec051a93704e,"2024-10-19 03:31:27.171542+00:00",10000,3000.0000
6b0c6e14-d826-469b-bd96-ec051a93704e,"2024-10-20 04:48:12.556606+00:00",10000,4333.3333
6b0c6e14-d826-469b-bd96-ec051a93704e,"2024-10-21 04:25:30.899597+00:00",10000,4333.3333
6b0c6e14-d826-469b-bd96-ec051a93704e,"2024-10-23 08:16:10.790187+00:00",10000,5000.0000
6b37ec62-b246-4868-8f26-36605e7d8190,"2024-10-20 00:51:31.557659+00:00",5000,2401.0000
6b37ec62-b246-4868-8f26-36605e7d8190,"2024-10-23 10:44:24.015816+00:00",25000,4333.3333
6b6a85ad-c6b0-49dd-8f5e-441d64c1924a,"2024-10-21 05:45:46.917503+00:00",10000,5000.0000
6b8bca48-63d5-465b-b724-a86baa1333cf,"2024-10-22 13:29:33.426237+00:00",10000,500.0000
6ba4769d-4867-4b9a-b9fd-20681dd1bbc7,"2024-10-17 16:58:53.460288+00:00",1000,500.0000
6bb5c06d-63e2-44c8-8fcb-7379b4343130,"2024-10-18 09:16:23.203226+00:00",1000,500.0000
6bc5a864-04d4-48d0-b26a-bfad15feca0b,"2024-10-20 08:54:35.213216+00:00",1000,500.0000
6bc7b903-f47c-4b74-b484-429ba4fd04d6,"2024-10-17 10:14:25.646969+00:00",3000,1000.0000
6bd22dab-4fcc-4932-8a31-549b2861a79f,"2024-10-17 10:14:25.646969+00:00",3000,1000.0000
6bec18bb-2b95-4b79-beba-1c59e45d8e6b,"2024-10-19 07:27:03.590285+00:00",5000,500.0000
6bf28523-6b4c-4c57-a9b8-e83e64cc5254,"2024-10-20 06:09:17.446395+00:00",3000,500.0000
6c1f5dc2-bddb-4311-a8d3-5f779a0a2ab9,"2024-10-21 08:58:02.525509+00:00",3000,500.0000
6c37fec2-2099-42f1-b943-26b1f0493a3b,"2024-10-17 10:14:25.646969+00:00",3000,1000.0000
6c47a7d4-5f32-4ade-aba7-7d2995022648,"2024-10-23 08:04:35.310688+00:00",1000,500.0000
6c54fc9a-24a9-43d6-b3dd-efaa56e0a56d,"2024-10-22 17:09:05.760338+00:00",10000,4333.3333
6c5b6fb0-5837-4ede-8f67-6d114823b39c,"2024-10-19 01:06:41.843516+00:00",10000,3000.0000
6c8c9d47-975b-4260-9acf-d97c9a4e9386,"2024-10-17 10:14:25.646969+00:00",3000,1000.0000
6c966cee-6d33-42aa-8a76-198726b4d251,"2024-10-21 14:35:32.574706+00:00",10000,3000.0000
6cba01d2-9a3e-41e4-a067-83ccc233015f,"2024-10-20 00:27:14.806314+00:00",10000,500.0000
6cbfa351-4dc0-48c4-958c-841f3febe274,"2024-10-22 17:09:05.760338+00:00",10000,4333.3333
6cc430b5-a2c8-457c-bb45-49fdc1e52387,"2024-10-20 12:17:54.483180+00:00",2101,500.0000
6cd7baf3-c308-44e0-80fc-c86889007592,"2024-10-18 10:07:23.474258+00:00",1000,500.0000
6cda3fa1-9611-4e99-81c1-dc1631bae084,"2024-10-17 10:14:25.646969+00:00",3000,1000.0000
6d0ea4ab-6f48-4488-b5aa-b2847074268f,"2024-10-17 10:14:25.646969+00:00",3000,1000.0000
6d1e6c37-9917-4bd2-b325-881e95e15a7e,"2024-10-23 11:32:45.335992+00:00",1000,500.0000
6d1e944a-0ac0-4cea-8a0e-07afb293d287,"2024-10-17 00:02:26.645167+00:00",10000,500.0000
6d215673-cbea-41e2-86ea-abb7a2ccb4f3,"2024-10-23 11:15:12.814158+00:00",10000,3000.0000
6d235f7a-db29-4504-bb21-babe1341f42b,"2024-10-22 04:19:43.313097+00:00",10000,3000.0000
6d2a74d1-a26a-456f-824c-340dceff549a,"2024-10-19 05:00:59.788832+00:00",3000,500.0000
6d560e6c-f403-493d-bccd-2c60b69363a6,"2024-10-21 18:43:27.700259+00:00",25000,3000.0000
6d597a23-8568-4275-8308-edeffd6ec65a,"2024-10-21 06:53:49.303671+00:00",1000,500.0000
6d785faa-fe3e-4f40-aead-4537f9472538,"2024-10-18 02:02:12.234894+00:00",5000,500.0000
6da00477-3c1a-455e-8ddb-aec86ece2e36,"2024-10-16 03:18:39.581004+00:00",10000,946.6667
6da00477-3c1a-455e-8ddb-aec86ece2e36,"2024-10-16 03:19:13.281288+00:00",10000,3946.6667
6da00477-3c1a-455e-8ddb-aec86ece2e36,"2024-10-16 06:57:35.048482+00:00",5000,893.3333
6da00477-3c1a-455e-8ddb-aec86ece2e36,"2024-10-16 06:58:16.557501+00:00",5000,2280.0000
6da00477-3c1a-455e-8ddb-aec86ece2e36,"2024-10-16 07:31:12.871165+00:00",10000,5000.0000
6da00477-3c1a-455e-8ddb-aec86ece2e36,"2024-10-16 10:35:37.993369+00:00",10000,1000.0000
6da00477-3c1a-455e-8ddb-aec86ece2e36,"2024-10-16 11:11:22.749188+00:00",10000,4000.0000
6da00477-3c1a-455e-8ddb-aec86ece2e36,"2024-10-17 05:20:21.656585+00:00",10000,5000.0000
6da00477-3c1a-455e-8ddb-aec86ece2e36,"2024-10-17 06:18:31.583205+00:00",10000,5000.0000
6da00477-3c1a-455e-8ddb-aec86ece2e36,"2024-10-18 04:05:04.657319+00:00",10000,2500.0000
6da00477-3c1a-455e-8ddb-aec86ece2e36,"2024-10-18 04:34:44.417656+00:00",10000,5000.0000
6da00477-3c1a-455e-8ddb-aec86ece2e36,"2024-10-19 02:52:10.031271+00:00",5000,2500.0000
6da00477-3c1a-455e-8ddb-aec86ece2e36,"2024-10-19 03:31:27.171542+00:00",10000,3000.0000
6da00477-3c1a-455e-8ddb-aec86ece2e36,"2024-10-20 04:48:12.556606+00:00",10000,4333.3333
6da00477-3c1a-455e-8ddb-aec86ece2e36,"2024-10-21 04:25:30.899597+00:00",10000,4333.3333
6da00477-3c1a-455e-8ddb-aec86ece2e36,"2024-10-23 08:16:10.790187+00:00",10000,5000.0000
6dc2d8c8-3878-400e-9158-3577f29198d0,"2024-10-23 11:15:12.814158+00:00",10000,3000.0000
6dd21d8b-1fe8-4ebb-b4ed-4483ea4c98af,"2024-10-17 10:14:25.646969+00:00",3000,1000.0000
6defd2fa-e826-45a9-827b-f0126a9fdd21,"2024-10-20 06:52:14.102581+00:00",3000,500.0000
6df14324-7a23-475e-9a58-5bc77d740b0c,"2024-10-17 10:02:00.357219+00:00",4202,840.0000
6dfbabb8-c79c-42ee-b349-904c918fe882,"2024-10-16 07:50:05.537547+00:00",1000,500.0000
6dfdc04b-7062-4130-96b6-8037e9daacd1,"2024-10-23 11:15:12.814158+00:00",10000,3000.0000
6e3ac7d1-7613-4231-b730-377ffc464535,"2024-10-21 04:19:46.005426+00:00",8407,1681.0000
6e4a4cf6-6ec3-47f0-bb44-142ccd17310d,"2024-10-17 10:14:25.646969+00:00",3000,1000.0000
6e5b5fcd-0d92-438f-9b1c-4485b6537870,"2024-10-17 01:08:03.174897+00:00",1000,500.0000
6e6ab4a8-fc79-4ae2-bf77-9161e194ef53,"2024-10-18 04:54:41.794075+00:00",10000,5000.0000
6e7b3f8d-8165-4fd7-8afc-9da3031b13bb,"2024-10-16 03:18:39.581004+00:00",10000,946.6667
6e7b3f8d-8165-4fd7-8afc-9da3031b13bb,"2024-10-16 03:19:13.281288+00:00",10000,3946.6667
6e7b3f8d-8165-4fd7-8afc-9da3031b13bb,"2024-10-16 06:57:35.048482+00:00",5000,893.3333
6e7b3f8d-8165-4fd7-8afc-9da3031b13bb,"2024-10-16 06:58:16.557501+00:00",5000,2280.0000
6e7b3f8d-8165-4fd7-8afc-9da3031b13bb,"2024-10-16 07:31:12.871165+00:00",10000,5000.0000
6e7b3f8d-8165-4fd7-8afc-9da3031b13bb,"2024-10-16 10:35:37.993369+00:00",10000,1000.0000
6e7b3f8d-8165-4fd7-8afc-9da3031b13bb,"2024-10-16 11:11:22.749188+00:00",10000,4000.0000
6e7b3f8d-8165-4fd7-8afc-9da3031b13bb,"2024-10-17 05:20:21.656585+00:00",10000,5000.0000
6e7b3f8d-8165-4fd7-8afc-9da3031b13bb,"2024-10-17 06:18:31.583205+00:00",10000,5000.0000
6e7b3f8d-8165-4fd7-8afc-9da3031b13bb,"2024-10-18 04:05:04.657319+00:00",10000,2500.0000
6e7b3f8d-8165-4fd7-8afc-9da3031b13bb,"2024-10-18 04:34:44.417656+00:00",10000,5000.0000
6e7b3f8d-8165-4fd7-8afc-9da3031b13bb,"2024-10-19 02:52:10.031271+00:00",5000,2500.0000
6e7b3f8d-8165-4fd7-8afc-9da3031b13bb,"2024-10-19 03:31:27.171542+00:00",10000,3000.0000
6e7b3f8d-8165-4fd7-8afc-9da3031b13bb,"2024-10-20 04:48:12.556606+00:00",10000,4333.3333
6e7b3f8d-8165-4fd7-8afc-9da3031b13bb,"2024-10-21 04:25:30.899597+00:00",10000,4333.3333
6e7b3f8d-8165-4fd7-8afc-9da3031b13bb,"2024-10-23 08:16:10.790187+00:00",10000,5000.0000
6e8d5e73-0a74-4d67-8fd0-8f38c0bb524a,"2024-10-17 12:21:10.059658+00:00",1000,500.0000
6ed1fc45-4609-431c-874a-dc9f274600fb,"2024-10-22 17:09:05.760338+00:00",10000,4333.3333
6edc4faa-11ec-4449-abf7-4083fd37678b,"2024-10-23 11:15:12.814158+00:00",10000,3000.0000
6f00511b-bab8-473c-a6d6-7106defe356f,"2024-10-19 19:30:46.751184+00:00",3000,1333.3333
6f00511b-bab8-473c-a6d6-7106defe356f,"2024-10-19 19:33:57.405146+00:00",3000,1333.3333
6f00511b-bab8-473c-a6d6-7106defe356f,"2024-10-22 16:49:52.449155+00:00",3000,1333.3333
6f00511b-bab8-473c-a6d6-7106defe356f,"2024-10-23 03:53:42.805465+00:00",3000,500.0000
6f00511b-bab8-473c-a6d6-7106defe356f,"2024-10-23 04:39:28.723228+00:00",3000,1333.3333
6f021baa-2df3-4ec6-8b43-9833e3d24d14,"2024-10-22 17:09:05.760338+00:00",10000,4333.3333
6f307976-1615-4adf-93ce-fd8eb8057c83,"2024-10-18 02:51:02.962861+00:00",3000,500.0000
6f33bfa1-bc0e-4943-8567-16ef9396b2c8,"2024-10-23 10:54:14.288898+00:00",1000,500.0000
6f7145f1-6831-4bfe-a766-eed4aaaa9392,"2024-10-19 09:27:09.860393+00:00",3000,1000.0000
6f95e339-8fa2-4288-aa78-8d05e3acbc07,"2024-10-23 11:15:12.814158+00:00",10000,3000.0000
6fa5d015-2093-4db2-be17-de868b3de363,"2024-10-23 11:32:39.422081+00:00",1000,500.0000
6fed39d9-9d2b-4da4-b0a3-0e7c6b7954ab,"2024-10-17 14:05:34.094325+00:00",3000,1000.0000
6fef98d7-7edc-4c4c-af92-a75d1f99e03c,"2024-10-19 01:37:35.665107+00:00",3000,500.0000
6ffcfadb-a503-4706-8740-73bbd982003a,"2024-10-17 10:14:25.646969+00:00",3000,1000.0000
6ffff528-9005-4b9d-b83c-6ce7c96b3906,"2024-10-23 20:56:15.145024+00:00",3000,500.0000
703943ff-4623-4ac9-b2f4-03b996e4e37c,"2024-10-18 07:14:25.203500+00:00",10000,5000.0000
70521668-c067-4b6e-ac56-989eeccd3d1d,"2024-10-22 17:09:05.760338+00:00",10000,4333.3333
70660d39-8a37-437f-a9c8-5d7e5bdb8946,"2024-10-23 04:43:48.561834+00:00",3000,500.0000
706f1b9e-d1d9-435c-ba0d-7d42a16aacea,"2024-10-16 10:26:48.811125+00:00",1000,500.0000
70a1fff1-0cf3-487a-954e-7ae54cdfc417,"2024-10-16 11:25:08.038384+00:00",5402,2701.0000
70a1fff1-0cf3-487a-954e-7ae54cdfc417,"2024-10-17 06:09:34.974413+00:00",5404,2701.3333
70a1fff1-0cf3-487a-954e-7ae54cdfc417,"2024-10-18 16:37:05.091597+00:00",5413,2706.0000
70a1fff1-0cf3-487a-954e-7ae54cdfc417,"2024-10-19 15:30:40.641995+00:00",5430,2715.0000
70a1fff1-0cf3-487a-954e-7ae54cdfc417,"2024-10-19 17:02:40.243774+00:00",8145,3620.0000
70a1fff1-0cf3-487a-954e-7ae54cdfc417,"2024-10-20 00:01:42.348855+00:00",13576,3620.0000
70a1fff1-0cf3-487a-954e-7ae54cdfc417,"2024-10-20 10:32:17.167682+00:00",13578,4525.6667
70a1fff1-0cf3-487a-954e-7ae54cdfc417,"2024-10-20 11:57:57.809121+00:00",5431,2715.0000
70a1fff1-0cf3-487a-954e-7ae54cdfc417,"2024-10-21 00:01:17.777830+00:00",13578,3620.3333
70a1fff1-0cf3-487a-954e-7ae54cdfc417,"2024-10-21 07:45:07.303190+00:00",13578,5431.0000
712726ec-1eaa-42e8-a07b-bf0eeed7d176,"2024-10-21 12:54:13.745791+00:00",3000,1000.0000
712726ec-1eaa-42e8-a07b-bf0eeed7d176,"2024-10-23 09:22:46.885148+00:00",5000,1666.6667
714cf5d7-3d0f-4d59-9606-1cf7a74b9903,"2024-10-23 11:15:12.814158+00:00",10000,3000.0000
7155ec56-59ac-4eec-a7c8-14fe294e9c16,"2024-10-20 02:23:24.846159+00:00",5000,500.0000
717f6d26-6904-4815-8da5-7a3d37af69e5,"2024-10-23 11:15:12.814158+00:00",10000,3000.0000
718004f4-134e-445e-916d-9aabf94f912b,"2024-10-20 09:04:42.064904+00:00",2500,1000.0000
718826ea-2d90-4288-9ed3-0970828848d3,"2024-10-19 01:29:24.372197+00:00",1000,500.0000
718fb6d1-3a1d-416a-bed8-4c6342b5825d,"2024-10-23 11:15:12.814158+00:00",10000,3000.0000
71a3adf2-247e-45e9-af44-4c966fe24f55,"2024-10-21 13:27:04.826516+00:00",2500,1000.0000
71bc953a-4b60-4180-ae21-fb8b23bf7d39,"2024-10-17 10:14:25.646969+00:00",3000,1000.0000
71bf4317-23a9-4632-b519-6c2db96b7d7d,"2024-10-21 10:43:38.051575+00:00",3000,500.0000
71c8e2cf-0079-4002-a6e5-81b0fe91b16d,"2024-10-20 11:21:23.976028+00:00",10000,5000.0000
71d6ab12-4395-4643-9ca6-ee2f3cbdedb3,"2024-10-17 12:21:10.059658+00:00",1000,500.0000
71dd2f45-08a9-4326-bb6b-bcfa14ff359e,"2024-10-23 04:23:57.342296+00:00",10000,500.0000
71dd4d0b-f975-40e0-b568-0f7373c0f240,"2024-10-23 15:24:45.217803+00:00",3000,500.0000
71fee7d2-f5f1-466d-9813-89a64aada913,"2024-10-17 16:58:53.460288+00:00",1000,500.0000
7206f17d-6fa8-4b05-9813-9c8d2d4c1832,"2024-10-17 10:14:25.646969+00:00",3000,1000.0000
7243efc7-a0c3-4312-8859-2e2590322ce4,"2024-10-17 02:47:19.517826+00:00",1000,500.0000
7244245d-79d5-4622-be7c-00dfca63e321,"2024-10-17 10:14:25.646969+00:00",3000,1000.0000
72593cf5-6147-4b52-86f6-af0272d0ebcd,"2024-10-23 10:24:09.972670+00:00",5000,500.0000
72c6d4ee-bd91-4343-a18f-77939732f15c,"2024-10-19 02:07:42.915782+00:00",3000,500.0000
72c96a0d-bc34-49c7-8e3f-07ebfd594fc3,"2024-10-21 02:00:40.341795+00:00",5000,500.0000
72cd1ea2-6d4f-4c88-b35e-45bc9c81b1f8,"2024-10-19 07:14:25.347169+00:00",3000,500.0000
72cf0de1-97f9-4787-bf13-e1604618f4ad,"2024-10-17 16:58:53.460288+00:00",1000,500.0000
72d15f72-a4f5-462f-b86b-b80386881727,"2024-10-23 11:15:12.814158+00:00",10000,3000.0000
72dbc527-76fc-445c-a145-99fe3229b3e7,"2024-10-17 00:55:35.396327+00:00",3000,500.0000
72e4b721-cfce-4033-a6f6-30606b1c159d,"2024-10-22 06:41:55.697879+00:00",10000,500.0000
72ee24e5-1d80-4abe-a915-8797a5f4ea9e,"2024-10-22 00:30:34.315767+00:00",10000,3000.0000
72f56d65-e0b9-4b6f-bc2a-018c3130da22,"2024-10-21 08:40:08.796057+00:00",2500,1000.0000
732899bb-419e-4c0a-a6b0-8b11185cd06f,"2024-10-21 10:43:38.051575+00:00",3000,500.0000
7333387a-0464-4945-9516-4d294d65acaa,"2024-10-20 08:52:06.560484+00:00",3000,500.0000
7335ace9-8c56-48ec-9f6c-0d7fc8cc55a4,"2024-10-22 11:01:22.696594+00:00",3000,500.0000
7380397a-f1bc-4e59-92cd-f07d373d7cab,"2024-10-21 09:51:59.524299+00:00",10000,500.0000
7399459f-d6a8-4efd-81a2-16c1734036c7,"2024-10-22 17:26:34.455802+00:00",3000,500.0000
73a3432d-48b5-41b9-beea-b96286fefcbc,"2024-10-21 13:44:58.404122+00:00",5000,500.0000
73a78ab6-06ba-47c3-8516-abac8dd785a7,"2024-10-23 07:28:29.089369+00:00",3000,500.0000
73d61da3-807f-4e00-81ce-fddf297bfc5b,"2024-10-22 08:01:40.567636+00:00",3000,500.0000
73ebb3ea-9024-4f4a-a820-b6c47f8f027a,"2024-10-19 02:29:24.195198+00:00",5000,500.0000
73f0d768-9d36-4f2e-8b74-18cc5d0c7799,"2024-10-19 05:30:29.783604+00:00",3000,500.0000
73f9c53f-2218-427b-a01e-c7e8ad5f511a,"2024-10-23 11:15:12.814158+00:00",10000,3000.0000
7424337c-ac45-4557-a7b4-f506846b25fd,"2024-10-22 17:09:05.760338+00:00",10000,4333.3333
74318371-aa54-41ab-b36a-399bbc18559e,"2024-10-17 13:20:40.687039+00:00",3000,500.0000
74318371-aa54-41ab-b36a-399bbc18559e,"2024-10-18 09:24:11.869314+00:00",3000,1333.3333
74318371-aa54-41ab-b36a-399bbc18559e,"2024-10-22 13:24:44.967061+00:00",5000,1666.6667
74b0ba32-7704-47b3-9add-9007467e858f,"2024-10-17 10:14:25.646969+00:00",3000,1000.0000
74c9aa41-f170-4b88-bfcc-ba2616aeb013,"2024-10-20 00:51:31.557659+00:00",5000,2401.0000
74c9aa41-f170-4b88-bfcc-ba2616aeb013,"2024-10-23 10:44:24.015816+00:00",25000,4333.3333
74cdd600-fa77-4530-ab4c-948bdf1037c8,"2024-10-20 15:20:55.143798+00:00",3000,500.0000
74dbe19c-420f-4429-bbd2-0d1fcdeca3da,"2024-10-17 12:21:10.059658+00:00",1000,500.0000
750a14f9-e01a-44bf-ac35-df63132c21f5,"2024-10-18 04:04:28.677044+00:00",5000,500.0000
756b89bd-f7e6-4b15-bddd-85c4cc6b5726,"2024-10-21 15:25:42.183125+00:00",25000,5000.0000
75beeecc-2d5e-4cea-9463-7dc8273665a3,"2024-10-18 02:02:03.393999+00:00",10000,1000.0000
75ec1f51-3d7c-4392-b24a-282acd2c3ba8,"2024-10-17 10:14:25.646969+00:00",3000,1000.0000
75fbfc7c-dd2a-4453-bad9-61d5fc487a26,"2024-10-18 12:59:28.823889+00:00",3000,500.0000
75fc22f0-1b95-4b80-ad30-4b7f6e16bcb2,"2024-10-23 11:15:12.814158+00:00",10000,3000.0000
76175bc8-04e8-4ab0-8e74-4f71685bb4a5,"2024-10-17 12:21:10.059658+00:00",1000,500.0000
762409be-7fbe-463e-b2cd-734d459ed49b,"2024-10-20 09:04:42.064904+00:00",2500,1000.0000
7626e0d6-a8b5-4123-8187-dfd3e423b085,"2024-10-21 04:08:35.802550+00:00",2101,840.0000
7679cd20-d1e2-4f3b-ad73-44ddb42dd5b6,"2024-10-17 10:14:25.646969+00:00",3000,1000.0000
7696f2b6-dfd6-4e77-b6f5-1f53064e5150,"2024-10-23 10:54:14.288898+00:00",1000,500.0000
76a55f70-4e91-415e-9fad-ad8938baedfb,"2024-10-18 12:57:43.832190+00:00",3000,500.0000
76d9b438-67d6-4033-900c-5b8a0eb1ad69,"2024-10-21 03:05:33.990412+00:00",10000,500.0000
76ec12d0-b083-4ed8-9ff5-885a02fbe88f,"2024-10-20 00:51:31.557659+00:00",5000,2401.0000
76ec12d0-b083-4ed8-9ff5-885a02fbe88f,"2024-10-23 10:44:24.015816+00:00",25000,4333.3333
7706ae0b-4a6d-428d-9873-6f91e2129ecd,"2024-10-22 03:52:12.242230+00:00",1000,500.0000
771d09d3-34cd-46bc-becc-9606d7c32d85,"2024-10-23 13:55:16.710796+00:00",5000,500.0000
77362e54-0b53-45e7-ba10-58ceb1f52805,"2024-10-19 18:47:27.427997+00:00",25000,5000.0000
773b25f1-139e-4b9a-99de-4fa881ae4c44,"2024-10-23 11:15:12.814158+00:00",10000,3000.0000
773cb6c6-c251-4779-8e15-617daf3e7c35,"2024-10-21 12:26:44.363387+00:00",10000,4000.0000
77534add-a409-49ee-be88-3e557a20e648,"2024-10-16 03:18:39.581004+00:00",10000,946.6667
77534add-a409-49ee-be88-3e557a20e648,"2024-10-16 03:19:13.281288+00:00",10000,3946.6667
77534add-a409-49ee-be88-3e557a20e648,"2024-10-16 06:57:35.048482+00:00",5000,893.3333
77534add-a409-49ee-be88-3e557a20e648,"2024-10-16 06:58:16.557501+00:00",5000,2280.0000
77534add-a409-49ee-be88-3e557a20e648,"2024-10-16 07:31:12.871165+00:00",10000,5000.0000
77534add-a409-49ee-be88-3e557a20e648,"2024-10-16 10:35:37.993369+00:00",10000,1000.0000
77534add-a409-49ee-be88-3e557a20e648,"2024-10-16 11:11:22.749188+00:00",10000,4000.0000
77534add-a409-49ee-be88-3e557a20e648,"2024-10-17 05:20:21.656585+00:00",10000,5000.0000
77534add-a409-49ee-be88-3e557a20e648,"2024-10-17 06:18:31.583205+00:00",10000,5000.0000
77534add-a409-49ee-be88-3e557a20e648,"2024-10-18 04:05:04.657319+00:00",10000,2500.0000
77534add-a409-49ee-be88-3e557a20e648,"2024-10-18 04:34:44.417656+00:00",10000,5000.0000
77534add-a409-49ee-be88-3e557a20e648,"2024-10-19 02:52:10.031271+00:00",5000,2500.0000
77534add-a409-49ee-be88-3e557a20e648,"2024-10-19 03:31:27.171542+00:00",10000,3000.0000
77534add-a409-49ee-be88-3e557a20e648,"2024-10-20 04:48:12.556606+00:00",10000,4333.3333
77534add-a409-49ee-be88-3e557a20e648,"2024-10-21 04:25:30.899597+00:00",10000,4333.3333
77534add-a409-49ee-be88-3e557a20e648,"2024-10-23 08:16:10.790187+00:00",10000,5000.0000
775ff010-b29f-4b77-9bcc-5a63b565109e,"2024-10-20 20:33:24.840921+00:00",2500,500.0000
776281b0-4619-42f6-beec-7273c3a24af4,"2024-10-21 13:44:58.404122+00:00",5000,500.0000
7764050a-d0f3-47ac-9e6d-9f336f3539c6,"2024-10-17 12:21:10.059658+00:00",1000,500.0000
77b78450-37c9-4eec-bc4f-93b7f517206b,"2024-10-21 02:57:11.392449+00:00",3000,500.0000
77c09d57-52f1-490e-932f-999f9bd02a58,"2024-10-22 14:55:41.841834+00:00",10000,500.0000
77db8fcb-734a-4345-992c-07b2463b79c0,"2024-10-20 12:46:12.014056+00:00",2000,500.0000
77fc67d3-fae1-498d-bb9c-bdf0677773b2,"2024-10-23 16:44:43.522469+00:00",5403,723.0000
780dfb4a-9792-4911-9603-ee9212c4262f,"2024-10-18 04:29:50.272218+00:00",5000,500.0000
781413e8-2736-49a9-9cd4-b41c91ebe993,"2024-10-20 11:26:04.602230+00:00",10000,5000.0000
781413e8-2736-49a9-9cd4-b41c91ebe993,"2024-10-20 12:24:02.504159+00:00",10000,5000.0000
781d28f0-4c96-4b41-8726-b1c3d44e5ad6,"2024-10-21 12:04:36.686533+00:00",3000,1333.3333
781d28f0-4c96-4b41-8726-b1c3d44e5ad6,"2024-10-21 13:26:42.995267+00:00",3000,1333.3333
781d28f0-4c96-4b41-8726-b1c3d44e5ad6,"2024-10-23 03:10:11.902994+00:00",3000,500.0000
7844f967-8ed6-4934-b814-ccc735971574,"2024-10-19 02:37:10.466472+00:00",1000,500.0000
784d2186-bf9e-4c03-8550-cb48336ac450,"2024-10-20 00:51:31.557659+00:00",5000,2401.0000
784d2186-bf9e-4c03-8550-cb48336ac450,"2024-10-23 10:44:24.015816+00:00",25000,4333.3333
78547087-d3e6-4c8b-828b-f06a41b630aa,"2024-10-23 11:15:12.814158+00:00",10000,3000.0000
7874e1d1-0cad-4b44-9421-fcd3b4f04d6e,"2024-10-17 10:14:25.646969+00:00",3000,1000.0000
7899c30a-8860-41cd-82a4-527ac19501f0,"2024-10-17 13:20:40.687039+00:00",3000,500.0000
7899c30a-8860-41cd-82a4-527ac19501f0,"2024-10-18 09:24:11.869314+00:00",3000,1333.3333
7899c30a-8860-41cd-82a4-527ac19501f0,"2024-10-22 13:24:44.967061+00:00",5000,1666.6667
78b52516-3e19-47c1-a5d8-f2577b6f9036,"2024-10-18 13:30:15.360016+00:00",2500,500.0000
78d0700b-2e38-47b9-b7e2-a4e1b1ea20d9,"2024-10-23 11:15:12.814158+00:00",10000,3000.0000
78e20093-c37c-4162-bd17-fef5e6d4682a,"2024-10-17 10:14:25.646969+00:00",3000,1000.0000
78f20a4d-a23d-485c-8aec-f972a94d5058,"2024-10-18 03:28:08.331332+00:00",3000,500.0000
78f8e8e9-87da-45ad-9098-b1ce5a0861d7,"2024-10-19 07:38:18.997438+00:00",10000,5000.0000
790145a8-00ae-4544-babe-46c7cf86d429,"2024-10-23 03:37:16.023962+00:00",10000,1750.0000
790145a8-00ae-4544-babe-46c7cf86d429,"2024-10-23 03:48:52.238375+00:00",10000,4500.0000
792ccfa5-c017-4016-a01f-a26bf7fb04f9,"2024-10-17 10:14:25.646969+00:00",3000,1000.0000
793ee2dd-5e01-4aa4-91dc-e1868563576b,"2024-10-17 16:58:53.460288+00:00",1000,500.0000
79430b59-2815-4b48-b3e6-4400dc147808,"2024-10-19 11:38:52.660661+00:00",3000,500.0000
79443d66-04fa-4c0e-a8ef-4e6b4cd1ce11,"2024-10-17 10:14:25.646969+00:00",3000,1000.0000
79639701-0a0f-4238-b715-eed67fda5583,"2024-10-17 10:14:25.646969+00:00",3000,1000.0000
79af1220-58ab-4191-8c20-62d239e2ece3,"2024-10-23 10:54:14.288898+00:00",1000,500.0000
79b0f5dd-d856-4397-ac7a-352bdc93f02d,"2024-10-17 11:00:44.250443+00:00",2000,1000.0000
79c997d9-04ee-4949-8fdb-7c84c5329f70,"2024-10-22 15:51:44.666009+00:00",3000,500.0000
79f1a8ca-32a2-4f78-9013-b34cd2b71559,"2024-10-18 13:24:14.620443+00:00",3000,1000.0000
79f46088-a27a-4003-bd0e-815dd940e0ae,"2024-10-21 12:54:13.745791+00:00",3000,1000.0000
79f46088-a27a-4003-bd0e-815dd940e0ae,"2024-10-23 09:22:46.885148+00:00",5000,1666.6667
79f870a9-6531-46ab-8130-c533b3c8c3c3,"2024-10-23 11:15:12.814158+00:00",10000,3000.0000
79fe97f3-dee8-41ca-b55b-d237433505d6,"2024-10-21 12:54:13.745791+00:00",3000,1000.0000
79fe97f3-dee8-41ca-b55b-d237433505d6,"2024-10-23 09:22:46.885148+00:00",5000,1666.6667
7a0567e9-7d24-4a74-90c2-72e17c37d6a9,"2024-10-23 11:15:12.814158+00:00",10000,3000.0000
7a135893-efbd-4a71-9acb-07554d00504f,"2024-10-20 02:04:51.035226+00:00",3000,500.0000
7a4a5d8d-d4cf-4721-a984-c2bc15ad0bb8,"2024-10-21 17:33:08.905055+00:00",1000,500.0000
7a4b218c-5ae5-4fe7-b8de-3df9c0a70867,"2024-10-17 10:14:25.646969+00:00",3000,1000.0000
7a52b3a9-a49b-400f-b1de-0b166e93aebf,"2024-10-23 02:07:29.479182+00:00",5000,500.0000
7a87514b-9a2e-4196-a28e-f76f1e4eeb88,"2024-10-23 09:54:23.272796+00:00",10000,4000.0000
7aa7954d-3c38-4797-a963-1014122a03ea,"2024-10-20 06:35:55.807162+00:00",1681,840.0000
7aaf3f97-6df9-4a4f-abcb-64003d25e40a,"2024-10-22 01:40:48.972659+00:00",3000,500.0000
7ab930d6-8319-4c82-994c-8cd6d057c6b8,"2024-10-19 01:46:16.435150+00:00",10000,500.0000
7aba7727-2f90-4ed0-ae0a-0ece1aa8f374,"2024-10-17 01:27:56.549963+00:00",3000,500.0000
7ac15b3d-d9ba-4a30-b97a-cf886dc02414,"2024-10-20 04:27:58.885129+00:00",5000,500.0000
7af1020e-e07e-479e-bf41-654f5f85294b,"2024-10-21 03:09:36.526587+00:00",5000,500.0000
7b19c739-61fc-4bd7-9aec-8318a47f6c61,"2024-10-20 04:27:10.827384+00:00",5000,500.0000
7b1ed165-5797-4345-9a28-85045f959aa1,"2024-10-18 10:27:56.369850+00:00",10000,3000.0000
7b2a053a-e3b2-4e4d-be51-10633a224b88,"2024-10-23 11:15:12.814158+00:00",10000,3000.0000
7b30a1c2-750d-4e03-b609-857fc9da6c95,"2024-10-22 08:01:40.567636+00:00",3000,500.0000
7b49e7fa-358c-46eb-aa3d-3627e6ccccf2,"2024-10-17 10:14:25.646969+00:00",3000,1000.0000
7b4a728a-f5d1-4e0a-acc2-4efeeff36459,"2024-10-22 04:19:43.313097+00:00",10000,3000.0000
7b4c293b-0f93-4251-b2d1-3e342ed47f84,"2024-10-17 10:14:25.646969+00:00",3000,1000.0000
7b508c7b-8267-462e-8eb1-7257bc7c845b,"2024-10-20 05:15:24.800330+00:00",3000,500.0000
7b55c4b2-1953-41e3-acce-73d6e6dc597b,"2024-10-20 01:24:15.228913+00:00",3000,500.0000
7b593725-4379-42d2-a6a4-d49ad34886bd,"2024-10-17 00:36:08.871287+00:00",3000,500.0000
7b608921-2e61-4f8e-8b70-0792ab0ac966,"2024-10-17 10:14:25.646969+00:00",3000,1000.0000
7b9145ae-e6c7-49be-b939-cc5cb8d204d7,"2024-10-23 11:15:12.814158+00:00",10000,3000.0000
7ba134ca-b368-42a7-82dd-6e48566181f0,"2024-10-20 14:15:07.706841+00:00",10000,500.0000
7baa0a84-b0f0-4fbe-812d-63ce7a317288,"2024-10-21 12:26:44.363387+00:00",10000,4000.0000
7bb231cb-fc98-48b7-b51e-004b250cf899,"2024-10-19 05:07:09.052378+00:00",25000,5000.0000
7bc75d72-f31a-4fc8-a442-7b5bc9ffdd5d,"2024-10-22 04:10:34.221153+00:00",10000,5000.0000
7bd0dd33-250f-4a5f-820c-effb29a21a2e,"2024-10-19 08:42:27.452630+00:00",1000,500.0000
7bd29642-2d50-4423-8df6-2b6dced381f0,"2024-10-17 10:14:25.646969+00:00",3000,1000.0000
7bf9e4b5-366b-4dfa-a553-96a679f88205,"2024-10-17 10:14:25.646969+00:00",3000,1000.0000
7c1ed68a-21d6-4770-bea0-18ab44e4d955,"2024-10-21 05:01:07.878118+00:00",3000,500.0000
7c1ed68a-21d6-4770-bea0-18ab44e4d955,"2024-10-22 06:00:57.433104+00:00",10000,1750.0000
7c1ed68a-21d6-4770-bea0-18ab44e4d955,"2024-10-23 02:12:42.257657+00:00",10000,4500.0000
7c40336a-007b-467c-bb6d-78bcb7246802,"2024-10-17 04:45:48.331002+00:00",10000,3000.0000
7c4472a8-79c5-4bc6-8661-03e9b7be74d7,"2024-10-23 11:15:12.814158+00:00",10000,3000.0000
7c51e64e-b060-4e85-9e3b-9654c347ae6e,"2024-10-23 11:15:12.814158+00:00",10000,3000.0000
7caa0ffc-b4a9-4f38-ac46-37280c378421,"2024-10-20 00:51:31.557659+00:00",5000,2401.0000
7caa0ffc-b4a9-4f38-ac46-37280c378421,"2024-10-23 10:44:24.015816+00:00",25000,4333.3333
7cbba05b-5953-4367-abec-64c35f464557,"2024-10-22 11:32:01.674591+00:00",1000,500.0000
7cbba05b-5953-4367-abec-64c35f464557,"2024-10-22 18:34:59.585029+00:00",3000,833.3333
7d7eb0f7-ec23-4ee8-b01b-a81611252130,"2024-10-16 11:25:08.038384+00:00",5402,2701.0000
7d7eb0f7-ec23-4ee8-b01b-a81611252130,"2024-10-17 06:09:34.974413+00:00",5404,2701.3333
7d7eb0f7-ec23-4ee8-b01b-a81611252130,"2024-10-18 16:37:05.091597+00:00",5413,2706.0000
7d7eb0f7-ec23-4ee8-b01b-a81611252130,"2024-10-19 15:30:40.641995+00:00",5430,2715.0000
7d7eb0f7-ec23-4ee8-b01b-a81611252130,"2024-10-19 17:02:40.243774+00:00",8145,2896.0000
7d7eb0f7-ec23-4ee8-b01b-a81611252130,"2024-10-20 00:01:42.348855+00:00",13576,3801.0000
7d7eb0f7-ec23-4ee8-b01b-a81611252130,"2024-10-20 11:57:57.809121+00:00",5431,2715.0000
7d7eb0f7-ec23-4ee8-b01b-a81611252130,"2024-10-21 07:45:07.303190+00:00",13578,5431.0000
7da2d8d1-37e1-46f4-9f53-bf772ab155db,"2024-10-22 17:09:05.760338+00:00",10000,4333.3333
7da354ac-df76-4166-a072-faa078cc143f,"2024-10-18 18:54:36.362748+00:00",1000,500.0000
7db96ce7-445a-4dd8-916b-f14ce911c153,"2024-10-22 17:09:05.760338+00:00",10000,4333.3333
7e0491e3-fd86-4094-8035-6de83ffee111,"2024-10-19 08:54:57.457338+00:00",5000,1000.0000
7e0a2ba3-e394-4f8f-b8a6-b75ea2153b32,"2024-10-23 02:32:52.561562+00:00",3000,500.0000
7e129c94-acc7-464b-b9d2-22f688da9553,"2024-10-17 16:58:53.460288+00:00",1000,500.0000
7e141a0d-e14d-43e2-98af-15bc3f5d760f,"2024-10-19 05:16:10.590583+00:00",3000,500.0000
7e294752-fe68-4998-b86c-fb4a0b17172c,"2024-10-23 07:11:45.180228+00:00",3000,500.0000
7e3c39a5-39d5-4cda-b97f-2e493c797f4c,"2024-10-22 02:33:18.242363+00:00",1000,500.0000
7e3cb640-fe4e-4a8a-bf95-4ee3ad7cf5e2,"2024-10-17 10:14:25.646969+00:00",3000,1000.0000
7e40b8ab-5d9b-48b4-a297-d9fd44895fa4,"2024-10-17 00:30:43.785787+00:00",3000,500.0000
7e7e16c5-9072-4038-9256-8dd437a870fb,"2024-10-21 12:04:36.686533+00:00",3000,1333.3333
7e7e16c5-9072-4038-9256-8dd437a870fb,"2024-10-21 13:26:42.995267+00:00",3000,1333.3333
7e7e16c5-9072-4038-9256-8dd437a870fb,"2024-10-23 03:10:11.902994+00:00",3000,500.0000
7e8d5797-1500-4c18-8e88-6f3db82cd564,"2024-10-16 03:18:39.581004+00:00",10000,946.6667
7e8d5797-1500-4c18-8e88-6f3db82cd564,"2024-10-16 03:19:13.281288+00:00",10000,3946.6667
7e8d5797-1500-4c18-8e88-6f3db82cd564,"2024-10-16 06:57:35.048482+00:00",5000,893.3333
7e8d5797-1500-4c18-8e88-6f3db82cd564,"2024-10-16 06:58:16.557501+00:00",5000,2280.0000
7e8d5797-1500-4c18-8e88-6f3db82cd564,"2024-10-16 07:31:12.871165+00:00",10000,5000.0000
7e8d5797-1500-4c18-8e88-6f3db82cd564,"2024-10-16 10:35:37.993369+00:00",10000,1000.0000
7e8d5797-1500-4c18-8e88-6f3db82cd564,"2024-10-16 11:11:22.749188+00:00",10000,4000.0000
7e8d5797-1500-4c18-8e88-6f3db82cd564,"2024-10-17 05:20:21.656585+00:00",10000,5000.0000
7e8d5797-1500-4c18-8e88-6f3db82cd564,"2024-10-17 06:18:31.583205+00:00",10000,5000.0000
7e8d5797-1500-4c18-8e88-6f3db82cd564,"2024-10-18 04:05:04.657319+00:00",10000,2500.0000
7e8d5797-1500-4c18-8e88-6f3db82cd564,"2024-10-18 04:34:44.417656+00:00",10000,5000.0000
7e8d5797-1500-4c18-8e88-6f3db82cd564,"2024-10-19 02:52:10.031271+00:00",5000,2500.0000
7e8d5797-1500-4c18-8e88-6f3db82cd564,"2024-10-19 03:31:27.171542+00:00",10000,3000.0000
7e8d5797-1500-4c18-8e88-6f3db82cd564,"2024-10-20 04:48:12.556606+00:00",10000,4333.3333
7e8d5797-1500-4c18-8e88-6f3db82cd564,"2024-10-21 04:25:30.899597+00:00",10000,4333.3333
7e8d5797-1500-4c18-8e88-6f3db82cd564,"2024-10-23 08:16:10.790187+00:00",10000,5000.0000
7e9dd521-e96c-49ba-8afb-9ebc15960c57,"2024-10-22 02:24:55.498253+00:00",1681,840.0000
7e9dd521-e96c-49ba-8afb-9ebc15960c57,"2024-10-23 00:45:42.757077+00:00",8408,1120.3333
7e9dd521-e96c-49ba-8afb-9ebc15960c57,"2024-10-23 00:48:15.080385+00:00",10000,4484.0000
7ed0baab-eee2-4315-aeb5-23d19d4407f6,"2024-10-21 02:57:11.392449+00:00",3000,500.0000
7ed9329d-adf3-4e72-8505-51196fd86b45,"2024-10-21 10:43:38.051575+00:00",3000,500.0000
7ef729b9-5669-4f7e-b77b-3e99ed7974e9,"2024-10-18 02:59:21.034810+00:00",50000,10000.0000
7f079f57-c3ce-41e0-b363-d822383fbd83,"2024-10-17 10:14:25.646969+00:00",3000,1000.0000
7f08e7bd-6335-49e6-8bfe-19f215df65f9,"2024-10-17 10:14:25.646969+00:00",3000,1000.0000
7f258ebc-98f7-4179-8f83-88114a4bd24c,"2024-10-17 00:02:02.869552+00:00",4202,840.0000
7f258ebc-98f7-4179-8f83-88114a4bd24c,"2024-10-19 01:11:16.486204+00:00",42033,1960.6667
7f316363-0712-4841-8bd9-dea1f27c76d8,"2024-10-21 01:13:49.716992+00:00",2500,1000.0000
7f60b595-45d3-4235-bc46-08b1e82c4cd8,"2024-10-22 02:42:35.537692+00:00",1000,500.0000
7f7056ea-020e-40da-bada-3e5f00b1dcf3,"2024-10-23 11:15:12.814158+00:00",10000,3000.0000
7fa3f168-05bd-4eb1-b273-06bf0f6017dd,"2024-10-21 02:57:11.392449+00:00",3000,500.0000
7fba8125-485f-46a2-8ee6-0db8c59eeb9a,"2024-10-17 10:14:25.646969+00:00",3000,1000.0000
7fd92282-bb1a-4a04-be88-ad0c5ff12aad,"2024-10-19 01:37:59.190518+00:00",25000,3000.0000
80412be6-6cb0-4197-aa18-4ff99947a609,"2024-10-23 15:42:57.485774+00:00",3000,500.0000
8065985f-9344-4560-a016-aeb36347f0bb,"2024-10-19 19:30:46.751184+00:00",3000,1333.3333
8065985f-9344-4560-a016-aeb36347f0bb,"2024-10-19 19:33:57.405146+00:00",3000,1333.3333
80720b9e-9fc8-4044-a921-2e7ea4358c8d,"2024-10-20 02:07:11.494118+00:00",3000,500.0000
8090d4fa-4e93-48a0-af91-b4edcbb49067,"2024-10-20 17:08:23.168298+00:00",5000,2166.6667
8090d4fa-4e93-48a0-af91-b4edcbb49067,"2024-10-21 12:00:43.772790+00:00",5000,2333.3333
8090d4fa-4e93-48a0-af91-b4edcbb49067,"2024-10-21 13:00:50.110738+00:00",10000,3666.6667
8090d4fa-4e93-48a0-af91-b4edcbb49067,"2024-10-23 07:38:54.223517+00:00",10000,1000.0000
8090d4fa-4e93-48a0-af91-b4edcbb49067,"2024-10-23 07:40:45.385202+00:00",10000,4000.0000
8091011f-e99b-466e-896b-03bb2c333371,"2024-10-17 10:14:25.646969+00:00",3000,1000.0000
80b99225-d377-47bb-95b4-633c4c64f606,"2024-10-17 10:14:25.646969+00:00",3000,1000.0000
80fabe3d-5c64-48d4-aa47-c823ba5aec72,"2024-10-17 10:14:25.646969+00:00",3000,1000.0000
811f2f66-fd98-4d02-8499-ac75fc33604e,"2024-10-18 12:59:28.823889+00:00",3000,500.0000
8123f5d8-6725-4480-abe1-c2f5db8d8a9d,"2024-10-17 10:14:25.646969+00:00",3000,1000.0000
8146665b-d420-45ae-b112-de9a66117aa3,"2024-10-17 12:21:10.059658+00:00",1000,500.0000
8147eb58-eb6a-462a-903b-b4e2eb007dac,"2024-10-21 12:54:13.745791+00:00",3000,1000.0000
8147eb58-eb6a-462a-903b-b4e2eb007dac,"2024-10-23 09:22:46.885148+00:00",5000,1666.6667
815209bd-ebc6-44b8-ae06-1287cee03e23,"2024-10-23 11:15:12.814158+00:00",10000,3000.0000
81552bb0-76ad-40c4-b765-a1359e201b39,"2024-10-20 07:18:34.905882+00:00",5000,500.0000
81616ea7-a4d8-419b-bf82-bae4a59da991,"2024-10-17 10:14:25.646969+00:00",3000,1000.0000
81824a1e-5454-4df3-9bdf-fbff0a72a150,"2024-10-17 00:30:57.635196+00:00",3000,500.0000
8184be41-2166-4af5-8185-34c2ccde4c96,"2024-10-17 10:14:25.646969+00:00",3000,1000.0000
8191240b-cc8a-4704-8c2a-85a08351cc8e,"2024-10-17 10:02:20.215155+00:00",3000,500.0000
8191240b-cc8a-4704-8c2a-85a08351cc8e,"2024-10-19 05:00:59.788832+00:00",3000,1333.3333
81a97277-52ec-4e04-bcd1-55a2482bec72,"2024-10-17 16:58:53.460288+00:00",1000,500.0000
81d16920-954e-45e0-ac4e-628d4d457262,"2024-10-17 10:30:11.574758+00:00",3000,500.0000
81d574c3-410b-497b-95b8-9854b59dfcb2,"2024-10-17 01:47:26.114432+00:00",5000,500.0000
81e23285-d2bb-4218-90f1-58927b6f6472,"2024-10-22 11:13:36.066127+00:00",3000,500.0000
81e7e9fa-46b9-4c47-81a7-0ce03db0dda5,"2024-10-21 12:54:13.745791+00:00",3000,1000.0000
81e7e9fa-46b9-4c47-81a7-0ce03db0dda5,"2024-10-23 09:22:46.885148+00:00",5000,1666.6667
820fa189-5faa-4b71-9dae-62d625ab465e,"2024-10-21 12:54:13.745791+00:00",3000,1000.0000
820fa189-5faa-4b71-9dae-62d625ab465e,"2024-10-23 09:22:46.885148+00:00",5000,1666.6667
82c5f37d-f7eb-458a-8c09-9ab53bf67c01,"2024-10-17 10:14:25.646969+00:00",3000,1000.0000
82dff7ff-7304-4fae-ad8b-2126c68fb63a,"2024-10-23 08:44:29.924380+00:00",10000,4000.0000
830d3306-e34a-483f-a89a-1425db61d828,"2024-10-18 11:05:18.039810+00:00",10000,5000.0000
83237b15-2ae6-4099-ba42-a5fce878220d,"2024-10-19 05:27:03.349084+00:00",3000,500.0000
833755d2-c4d5-47d8-8872-4322ad6d42f3,"2024-10-17 02:25:44.282442+00:00",10000,500.0000
834304d8-2268-41d2-9f18-31ebc54bf363,"2024-10-17 10:14:25.646969+00:00",3000,1000.0000
8346e17b-d5e1-4ee0-95f0-927db51ebd19,"2024-10-21 00:14:18.668569+00:00",10000,500.0000
8351763c-9744-4278-a71b-9233497c78b8,"2024-10-23 11:15:12.814158+00:00",10000,3000.0000
83998d57-995f-4e3f-96e6-77dd070b6803,"2024-10-16 03:18:39.581004+00:00",10000,946.6667
83998d57-995f-4e3f-96e6-77dd070b6803,"2024-10-16 03:19:13.281288+00:00",10000,3946.6667
83998d57-995f-4e3f-96e6-77dd070b6803,"2024-10-16 06:57:35.048482+00:00",5000,893.3333
83998d57-995f-4e3f-96e6-77dd070b6803,"2024-10-16 06:58:16.557501+00:00",5000,2280.0000
83998d57-995f-4e3f-96e6-77dd070b6803,"2024-10-16 07:31:12.871165+00:00",10000,5000.0000
83998d57-995f-4e3f-96e6-77dd070b6803,"2024-10-16 10:35:37.993369+00:00",10000,1000.0000
83998d57-995f-4e3f-96e6-77dd070b6803,"2024-10-16 11:11:22.749188+00:00",10000,4000.0000
83998d57-995f-4e3f-96e6-77dd070b6803,"2024-10-17 05:20:21.656585+00:00",10000,5000.0000
83998d57-995f-4e3f-96e6-77dd070b6803,"2024-10-17 06:18:31.583205+00:00",10000,5000.0000
83998d57-995f-4e3f-96e6-77dd070b6803,"2024-10-18 04:05:04.657319+00:00",10000,2500.0000
83998d57-995f-4e3f-96e6-77dd070b6803,"2024-10-18 04:34:44.417656+00:00",10000,5000.0000
83998d57-995f-4e3f-96e6-77dd070b6803,"2024-10-19 02:52:10.031271+00:00",5000,2500.0000
83998d57-995f-4e3f-96e6-77dd070b6803,"2024-10-19 03:31:27.171542+00:00",10000,3000.0000
83998d57-995f-4e3f-96e6-77dd070b6803,"2024-10-20 04:48:12.556606+00:00",10000,4333.3333
83998d57-995f-4e3f-96e6-77dd070b6803,"2024-10-21 04:25:30.899597+00:00",10000,4333.3333
83998d57-995f-4e3f-96e6-77dd070b6803,"2024-10-23 08:16:10.790187+00:00",10000,5000.0000
83b25c0b-3f7b-469d-a430-e4bf4b825e45,"2024-10-17 10:14:25.646969+00:00",3000,1000.0000
83b4d644-ba75-4ac8-9589-3b1cc1fa461e,"2024-10-20 00:51:31.557659+00:00",5000,2401.0000
83b4d644-ba75-4ac8-9589-3b1cc1fa461e,"2024-10-23 10:44:24.015816+00:00",25000,4333.3333
83ca3666-78e5-436e-847c-05672580536c,"2024-10-17 10:14:25.646969+00:00",3000,1000.0000
83d60d0f-bee2-42fc-b540-d152db5699ea,"2024-10-17 10:14:25.646969+00:00",3000,1000.0000
83e1bc9a-53cf-4969-b33f-523806a2b8be,"2024-10-18 02:33:54.215524+00:00",3000,500.0000
83e1bc9a-53cf-4969-b33f-523806a2b8be,"2024-10-19 01:01:17.778369+00:00",10000,1750.0000
83f15b9a-9b95-4551-852f-75e7cc009dcb,"2024-10-19 08:44:52.111528+00:00",10000,5000.0000
840d2d4a-6e39-4ae6-89e2-e8aa1cc4b036,"2024-10-21 02:57:11.392449+00:00",3000,500.0000
8427ba09-b52c-4799-b107-a8cfc8d40104,"2024-10-17 10:14:25.646969+00:00",3000,1000.0000
843656a3-1727-4fa6-bfde-d9e7ef60ed74,"2024-10-17 16:58:53.460288+00:00",1000,500.0000
84a64296-0302-4040-8613-245e8f38f6a3,"2024-10-21 02:00:40.341795+00:00",5000,500.0000
84da110d-3885-452d-a747-762e98ed1f39,"2024-10-20 13:26:45.825606+00:00",5000,500.0000
84df40c9-09f7-411b-9fe5-70083cbd92e7,"2024-10-18 09:11:38.251229+00:00",3000,500.0000
84fc8817-0b37-4e4c-832a-e210f4e37f8d,"2024-10-16 05:45:52.691494+00:00",1000,500.0000
854de16a-c121-4185-a4ca-b8f17d7d60d0,"2024-10-22 17:09:05.760338+00:00",10000,4333.3333
855568ca-712b-492f-89cb-c0c99dd9dd13,"2024-10-22 04:55:39.913869+00:00",1000,500.0000
855e37af-1b8f-4ee5-bf24-d2eca5e90902,"2024-10-23 15:44:08.502683+00:00",3000,500.0000
85790041-4092-4059-bffd-e1580c9c3d3a,"2024-10-23 01:02:20.275095+00:00",10000,500.0000
858449de-0b96-499a-b11c-ebf183e1b0e9,"2024-10-18 12:59:28.823889+00:00",3000,500.0000
8593d911-2759-49b6-844d-aa64f1a24824,"2024-10-17 10:14:25.646969+00:00",3000,1000.0000
859d8dd3-8864-4d35-8864-8dfffebd9f5c,"2024-10-19 08:42:27.452630+00:00",1000,500.0000
85b8f32c-36d0-4eec-a152-9202b8babb84,"2024-10-19 01:31:43.547530+00:00",2500,1000.0000
85cb56bc-ee0f-4362-90a4-500cbfaf18be,"2024-10-20 22:00:45.496639+00:00",25221,840.0000
85cb56bc-ee0f-4362-90a4-500cbfaf18be,"2024-10-21 00:26:39.589614+00:00",42036,13030.5000
85f28401-63ab-46e5-9302-d1b345451013,"2024-10-18 02:59:21.034810+00:00",50000,10000.0000
86043aba-2e92-44e0-829e-5beba7e2e919,"2024-10-17 10:14:25.646969+00:00",3000,1000.0000
8676511e-54df-44c8-aef9-803ce11dea62,"2024-10-16 03:18:39.581004+00:00",10000,946.6667
8676511e-54df-44c8-aef9-803ce11dea62,"2024-10-16 03:19:13.281288+00:00",10000,3946.6667
8676511e-54df-44c8-aef9-803ce11dea62,"2024-10-16 06:57:35.048482+00:00",5000,893.3333
8676511e-54df-44c8-aef9-803ce11dea62,"2024-10-16 06:58:16.557501+00:00",5000,2280.0000
8676511e-54df-44c8-aef9-803ce11dea62,"2024-10-16 07:31:12.871165+00:00",10000,5000.0000
8676511e-54df-44c8-aef9-803ce11dea62,"2024-10-16 10:35:37.993369+00:00",10000,1000.0000
8676511e-54df-44c8-aef9-803ce11dea62,"2024-10-16 11:11:22.749188+00:00",10000,4000.0000
8676511e-54df-44c8-aef9-803ce11dea62,"2024-10-17 05:20:21.656585+00:00",10000,5000.0000
8676511e-54df-44c8-aef9-803ce11dea62,"2024-10-17 06:18:31.583205+00:00",10000,5000.0000
8676511e-54df-44c8-aef9-803ce11dea62,"2024-10-18 04:05:04.657319+00:00",10000,2500.0000
8676511e-54df-44c8-aef9-803ce11dea62,"2024-10-18 04:34:44.417656+00:00",10000,5000.0000
8676511e-54df-44c8-aef9-803ce11dea62,"2024-10-19 02:52:10.031271+00:00",5000,2500.0000
8676511e-54df-44c8-aef9-803ce11dea62,"2024-10-19 03:31:27.171542+00:00",10000,3000.0000
8676511e-54df-44c8-aef9-803ce11dea62,"2024-10-20 04:48:12.556606+00:00",10000,4333.3333
8676511e-54df-44c8-aef9-803ce11dea62,"2024-10-21 04:25:30.899597+00:00",10000,4333.3333
8676511e-54df-44c8-aef9-803ce11dea62,"2024-10-23 08:16:10.790187+00:00",10000,5000.0000
867ffa85-3e81-4bfb-b49a-a641c8912454,"2024-10-22 08:42:00.846768+00:00",2500,500.0000
86903d5f-172c-43c1-8b50-cfc298a6978f,"2024-10-19 19:24:37.542592+00:00",5000,1000.0000
86db6261-ff5a-463a-8ebb-807d716a017b,"2024-10-16 03:18:39.581004+00:00",10000,946.6667
86db6261-ff5a-463a-8ebb-807d716a017b,"2024-10-16 03:19:13.281288+00:00",10000,3946.6667
86db6261-ff5a-463a-8ebb-807d716a017b,"2024-10-16 06:57:35.048482+00:00",5000,893.3333
86db6261-ff5a-463a-8ebb-807d716a017b,"2024-10-16 06:58:16.557501+00:00",5000,2280.0000
86db6261-ff5a-463a-8ebb-807d716a017b,"2024-10-16 07:31:12.871165+00:00",10000,5000.0000
86db6261-ff5a-463a-8ebb-807d716a017b,"2024-10-16 10:35:37.993369+00:00",10000,1000.0000
86db6261-ff5a-463a-8ebb-807d716a017b,"2024-10-16 11:11:22.749188+00:00",10000,4000.0000
86db6261-ff5a-463a-8ebb-807d716a017b,"2024-10-17 05:20:21.656585+00:00",10000,5000.0000
86db6261-ff5a-463a-8ebb-807d716a017b,"2024-10-17 06:18:31.583205+00:00",10000,5000.0000
86db6261-ff5a-463a-8ebb-807d716a017b,"2024-10-18 04:05:04.657319+00:00",10000,2500.0000
86db6261-ff5a-463a-8ebb-807d716a017b,"2024-10-18 04:34:44.417656+00:00",10000,5000.0000
86db6261-ff5a-463a-8ebb-807d716a017b,"2024-10-19 02:52:10.031271+00:00",5000,2500.0000
86db6261-ff5a-463a-8ebb-807d716a017b,"2024-10-19 03:31:27.171542+00:00",10000,3000.0000
86db6261-ff5a-463a-8ebb-807d716a017b,"2024-10-20 04:48:12.556606+00:00",10000,4333.3333
86db6261-ff5a-463a-8ebb-807d716a017b,"2024-10-21 04:25:30.899597+00:00",10000,4333.3333
86db6261-ff5a-463a-8ebb-807d716a017b,"2024-10-23 08:16:10.790187+00:00",10000,5000.0000
86ea416d-5f5f-4c78-9a6c-3e53a8130000,"2024-10-18 09:16:23.203226+00:00",1000,500.0000
86f5a48e-59a6-4525-a4d4-911db1551948,"2024-10-17 16:58:53.460288+00:00",1000,500.0000
8702a01e-272d-4707-a086-c072d94dc610,"2024-10-23 15:40:26.461869+00:00",1000,500.0000
87130203-96d7-46e7-9895-551f19444f1b,"2024-10-17 19:13:47.556003+00:00",2500,500.0000
87130203-96d7-46e7-9895-551f19444f1b,"2024-10-18 07:25:53.083584+00:00",5000,1333.3333
8739aa83-af26-42fc-9ee6-8ef5d41d70cf,"2024-10-17 10:14:25.646969+00:00",3000,1000.0000
873de237-f5da-40b6-9785-58e1afb4bc4d,"2024-10-19 19:24:37.542592+00:00",5000,1000.0000
8774b582-7749-46ce-8ca7-f64ffda40678,"2024-10-19 10:59:00.741536+00:00",10000,5000.0000
878980cb-7174-45f3-8aa4-0d5b8a17f24d,"2024-10-23 09:26:16.339882+00:00",5000,500.0000
87972d98-7543-4bb2-a01d-ff865c6e16b0,"2024-10-21 12:54:13.745791+00:00",3000,1000.0000
87972d98-7543-4bb2-a01d-ff865c6e16b0,"2024-10-23 09:22:46.885148+00:00",5000,1666.6667
87a5679c-9f27-48c8-bea2-8232a03a26c7,"2024-10-20 17:15:09.875392+00:00",1000,500.0000
87c8284a-9a24-4501-a84d-4b3a56433341,"2024-10-17 13:20:40.687039+00:00",3000,500.0000
87c8284a-9a24-4501-a84d-4b3a56433341,"2024-10-18 09:24:11.869314+00:00",3000,1333.3333
87c8284a-9a24-4501-a84d-4b3a56433341,"2024-10-22 13:24:44.967061+00:00",5000,1666.6667
87dcda53-8862-4ad8-b4bc-b08cb0f0ded4,"2024-10-23 11:15:12.814158+00:00",10000,3000.0000
87e39059-03c2-4421-a1e2-6ffa9cef82c0,"2024-10-23 15:41:29.601213+00:00",1000,500.0000
88089560-49fe-4d5a-8d4b-f77d824174ea,"2024-10-23 08:44:29.924380+00:00",10000,4000.0000
880d2d0f-4f2b-49b6-b759-05791050d992,"2024-10-17 10:14:25.646969+00:00",3000,1000.0000
882b38c5-6b40-494e-b56e-4e689424c352,"2024-10-17 10:14:25.646969+00:00",3000,1000.0000
88327b49-02e1-4557-841d-1aac05273fbf,"2024-10-17 12:21:10.059658+00:00",1000,500.0000
884912b1-d120-4f6f-b185-122af48702c3,"2024-10-17 10:14:25.646969+00:00",3000,1000.0000
8849a5e2-6eb2-4653-8b15-051c033eb83d,"2024-10-21 12:54:13.745791+00:00",3000,1000.0000
8849a5e2-6eb2-4653-8b15-051c033eb83d,"2024-10-23 09:22:46.885148+00:00",5000,1666.6667
888c4964-f373-48ea-a4ae-739aa3251624,"2024-10-17 08:41:42.784819+00:00",1000,500.0000
88bee30f-7e0a-405a-aee0-0845d07824c6,"2024-10-19 09:35:14.847394+00:00",1000,500.0000
88dd6172-4894-46d7-a144-c452ddee138c,"2024-10-17 11:04:11.769977+00:00",1000,500.0000
89045981-2c1c-4d0e-b25e-a2316bd1065d,"2024-10-17 00:30:43.785787+00:00",3000,500.0000
8905d35e-f3fe-4b1f-9b07-c89f54f38289,"2024-10-23 06:04:40.553059+00:00",5000,500.0000
8911cbc8-39ad-4d87-bdac-78a6a9829b08,"2024-10-21 05:07:10.925949+00:00",1000,500.0000
893d8c05-0b74-4f76-894b-f23c27c7252e,"2024-10-17 07:35:54.435477+00:00",10000,5000.0000
8955927d-5a1e-4005-a186-869023854694,"2024-10-22 17:09:05.760338+00:00",10000,4333.3333
895b291a-4e28-48d2-b16d-490c696bcc9c,"2024-10-23 11:15:12.814158+00:00",10000,3000.0000
89733561-e65c-4224-b6a7-2b17c7c1c0ea,"2024-10-22 16:10:43.259022+00:00",3000,500.0000
89e0ad07-dfc3-478e-8778-203005604407,"2024-10-21 11:35:24.865916+00:00",10000,5000.0000
89ea74ad-98b4-467a-9f31-e7e3434985ce,"2024-10-20 00:51:31.557659+00:00",5000,2401.0000
89ea74ad-98b4-467a-9f31-e7e3434985ce,"2024-10-23 10:44:24.015816+00:00",25000,4333.3333
8a26ac3a-310b-433d-a7d9-fc083654b95c,"2024-10-18 09:04:52.992567+00:00",3000,500.0000
8a60c7bb-95dd-4eba-b5c5-8592aebb5460,"2024-10-18 16:03:09.528654+00:00",3000,840.0000
8a817c2f-3b84-490d-a5ba-96e410efb8dd,"2024-10-22 17:09:05.760338+00:00",10000,4333.3333
8a8c8554-41da-4e04-8809-c074af1f5c85,"2024-10-23 04:06:07.282162+00:00",10000,5000.0000
8a941078-0c10-47d5-8b1d-9c19d84fffca,"2024-10-23 10:31:17.406991+00:00",5000,500.0000
8a98409a-46a1-4e4a-aaa3-33eaab5bbe5d,"2024-10-22 02:59:28.257598+00:00",7500,2500.0000
8a9a0c89-3c1d-4241-a841-d621ab5a0d8b,"2024-10-17 10:02:20.215155+00:00",3000,500.0000
8aa68157-c7ef-455b-8e8d-d8aecc47ba97,"2024-10-21 12:04:36.686533+00:00",3000,1333.3333
8aa68157-c7ef-455b-8e8d-d8aecc47ba97,"2024-10-21 13:26:42.995267+00:00",3000,1333.3333
8aa68157-c7ef-455b-8e8d-d8aecc47ba97,"2024-10-23 03:10:11.902994+00:00",3000,500.0000
8ab29055-abc1-45f3-b504-af8a46309f42,"2024-10-22 17:09:05.760338+00:00",10000,4333.3333
8ab705ad-a286-4005-abf9-4c9da5913812,"2024-10-23 02:44:14.990967+00:00",1000,500.0000
8ac4ce2f-b5b4-4c33-abb2-271e6cd9bb5d,"2024-10-22 16:37:16.255884+00:00",1681,500.0000
8ad69bd3-650b-4ca6-b07a-275021362432,"2024-10-23 12:23:50.153976+00:00",3000,500.0000
8ae23d02-72b9-4919-af86-1ea521068395,"2024-10-23 11:15:12.814158+00:00",10000,3000.0000
8aec8090-e528-43f7-84ae-de9507964f7d,"2024-10-21 02:21:49.245946+00:00",3000,500.0000
8aec8090-e528-43f7-84ae-de9507964f7d,"2024-10-22 02:11:06.145063+00:00",5000,1750.0000
8af19e35-5364-4be4-872b-7d30dbc8c92f,"2024-10-17 10:14:25.646969+00:00",3000,1000.0000
8b05604f-e06b-413a-a108-4b063476e0a2,"2024-10-20 00:51:31.557659+00:00",5000,2401.0000
8b05604f-e06b-413a-a108-4b063476e0a2,"2024-10-23 10:44:24.015816+00:00",25000,4333.3333
8b47bae2-83ab-40a7-88f9-635f0216c7fa,"2024-10-19 19:24:37.542592+00:00",5000,1000.0000
8b5ba523-e6a2-4f8b-badb-6f5c90d9e9ab,"2024-10-20 17:08:23.168298+00:00",5000,2166.6667
8b5ba523-e6a2-4f8b-badb-6f5c90d9e9ab,"2024-10-21 12:00:43.772790+00:00",5000,2333.3333
8b5ba523-e6a2-4f8b-badb-6f5c90d9e9ab,"2024-10-21 13:00:50.110738+00:00",10000,3666.6667
8b5ba523-e6a2-4f8b-badb-6f5c90d9e9ab,"2024-10-23 07:38:54.223517+00:00",10000,1000.0000
8b5ba523-e6a2-4f8b-badb-6f5c90d9e9ab,"2024-10-23 07:40:45.385202+00:00",10000,4000.0000
8b7d20bb-87f3-4879-8204-8d0de93946f8,"2024-10-20 02:54:19.709996+00:00",1000,500.0000
8b889883-2f33-421f-8b5c-6a63ca20a32b,"2024-10-19 02:19:38.413677+00:00",10000,3000.0000
8ba94e04-d653-4faf-bfdb-b399a6f8aa1c,"2024-10-21 12:54:13.745791+00:00",3000,1000.0000
8ba94e04-d653-4faf-bfdb-b399a6f8aa1c,"2024-10-23 09:22:46.885148+00:00",5000,1666.6667
8bd9efce-eb49-47b0-8b60-0d66d3729ed4,"2024-10-17 16:08:04.584833+00:00",10000,500.0000
8bfdc854-f524-47f5-b5b5-1389ca6aab8a,"2024-10-21 10:43:38.051575+00:00",3000,500.0000
8c236c3e-242f-4af6-ac29-62a23d5c6eaa,"2024-10-18 07:31:38.245112+00:00",3000,500.0000
8c648dd6-5493-4d3f-b91f-90a18210d55a,"2024-10-17 01:07:21.964620+00:00",3000,500.0000
8c8cbd51-2afc-4a63-9b31-f71edcaba9df,"2024-10-22 04:03:11.301533+00:00",5000,500.0000
8cb87ac3-a30e-460b-9681-f8a1ddb12197,"2024-10-22 17:28:40.399659+00:00",3000,500.0000
8cb87ac3-a30e-460b-9681-f8a1ddb12197,"2024-10-23 18:24:35.943272+00:00",3000,1333.3333
8cf26161-75a8-4a8c-851e-b5fee076add6,"2024-10-18 09:16:23.203226+00:00",1000,500.0000
8cfab6f1-1567-4e2a-b655-f5967be44c14,"2024-10-23 11:15:12.814158+00:00",10000,3000.0000
8d2ea954-cf49-4f4e-8632-ac425b5d5f4a,"2024-10-17 12:21:10.059658+00:00",1000,500.0000
8d2f0134-08f3-430d-9ac0-cfd07d7868c6,"2024-10-17 10:14:25.646969+00:00",3000,1000.0000
8daafe47-76ef-4b77-8576-d0e8dac6ea4c,"2024-10-23 15:12:49.263320+00:00",10000,500.0000
8db96d8f-91c6-477a-bb7d-37d1f09a0585,"2024-10-19 10:18:34.263733+00:00",3000,500.0000
8df41392-599f-4704-8067-4ed6fd5e3144,"2024-10-19 03:00:48.507015+00:00",10000,3000.0000
8e35ff8e-71cb-476d-806b-062e2760bd2e,"2024-10-18 02:59:21.034810+00:00",50000,10000.0000
8e3d6023-74b6-4deb-90af-da99390e8f64,"2024-10-22 01:48:41.552939+00:00",5000,500.0000
8e6bc3e4-6c53-4fb5-8761-a6bbfc3a4796,"2024-10-19 07:27:03.590285+00:00",5000,500.0000
8ecaa6a3-ab22-4cab-98b8-8c4713259034,"2024-10-20 15:50:44.623455+00:00",5000,2101.0000
8edaade1-81ad-4cf8-83c4-f09824c4144c,"2024-10-17 10:14:25.646969+00:00",3000,1000.0000
8f094090-06d0-4f6d-946f-588cc41c617d,"2024-10-19 01:29:24.372197+00:00",1000,500.0000
8f4cd7e9-8e6b-416c-b7bd-9255b28b3b97,"2024-10-18 11:05:18.039810+00:00",10000,5000.0000
8f8d93d6-f157-4135-82a6-f26b82e44cef,"2024-10-17 10:14:25.646969+00:00",3000,1000.0000
8fa57547-cce6-4d60-b21b-8f973bb7d537,"2024-10-19 08:52:36.169737+00:00",10000,500.0000
8fac61ae-8414-460a-b0ff-0b8d2ffa633a,"2024-10-22 10:53:25.317392+00:00",1000,500.0000
8fb2f594-3cbe-463e-ba16-e2509cabc43d,"2024-10-22 02:24:55.498253+00:00",1681,840.0000
8fb2f594-3cbe-463e-ba16-e2509cabc43d,"2024-10-23 00:45:42.757077+00:00",8408,1120.3333
8fb2f594-3cbe-463e-ba16-e2509cabc43d,"2024-10-23 00:48:15.080385+00:00",10000,4484.0000
8fcf0ee9-e9f4-485f-945f-22763e109505,"2024-10-23 11:15:12.814158+00:00",10000,3000.0000
8fda999a-1c87-481c-9079-0bee1a18b166,"2024-10-23 11:15:12.814158+00:00",10000,3000.0000
8fdaac6a-16df-4677-b22d-84f894a2edb8,"2024-10-17 16:58:53.460288+00:00",1000,500.0000
8febfa2f-cdb4-446c-9734-1b6eac744f41,"2024-10-23 11:15:12.814158+00:00",10000,3000.0000
90017aee-bb91-47f7-9004-65e73c48b48b,"2024-10-23 11:15:12.814158+00:00",10000,3000.0000
90139b94-cdfd-4fb3-b1a9-cadff18ef11b,"2024-10-23 12:53:28.451901+00:00",5000,500.0000
901afc37-60e9-4d92-b16e-3cef71c9f770,"2024-10-21 12:34:02.504360+00:00",3000,500.0000
9034ddf6-5567-4c3b-9793-551fbc9ce4ed,"2024-10-17 10:14:25.646969+00:00",3000,1000.0000
90587454-803a-40ad-a808-d2bef63f9423,"2024-10-21 12:26:44.363387+00:00",10000,4000.0000
90688c33-91b3-41b7-98aa-4c65c1a9964a,"2024-10-16 03:18:39.581004+00:00",10000,946.6667
90688c33-91b3-41b7-98aa-4c65c1a9964a,"2024-10-16 03:19:13.281288+00:00",10000,3946.6667
90688c33-91b3-41b7-98aa-4c65c1a9964a,"2024-10-16 06:57:35.048482+00:00",5000,893.3333
90688c33-91b3-41b7-98aa-4c65c1a9964a,"2024-10-16 06:58:16.557501+00:00",5000,2280.0000
90688c33-91b3-41b7-98aa-4c65c1a9964a,"2024-10-16 07:31:12.871165+00:00",10000,5000.0000
90688c33-91b3-41b7-98aa-4c65c1a9964a,"2024-10-16 10:35:37.993369+00:00",10000,1000.0000
90688c33-91b3-41b7-98aa-4c65c1a9964a,"2024-10-16 11:11:22.749188+00:00",10000,4000.0000
90688c33-91b3-41b7-98aa-4c65c1a9964a,"2024-10-17 05:20:21.656585+00:00",10000,5000.0000
90688c33-91b3-41b7-98aa-4c65c1a9964a,"2024-10-17 06:18:31.583205+00:00",10000,5000.0000
90688c33-91b3-41b7-98aa-4c65c1a9964a,"2024-10-18 04:05:04.657319+00:00",10000,2500.0000
90688c33-91b3-41b7-98aa-4c65c1a9964a,"2024-10-18 04:34:44.417656+00:00",10000,5000.0000
90688c33-91b3-41b7-98aa-4c65c1a9964a,"2024-10-19 02:52:10.031271+00:00",5000,2500.0000
90688c33-91b3-41b7-98aa-4c65c1a9964a,"2024-10-19 03:31:27.171542+00:00",10000,3000.0000
90688c33-91b3-41b7-98aa-4c65c1a9964a,"2024-10-20 04:48:12.556606+00:00",10000,4333.3333
90688c33-91b3-41b7-98aa-4c65c1a9964a,"2024-10-21 04:25:30.899597+00:00",10000,4333.3333
90688c33-91b3-41b7-98aa-4c65c1a9964a,"2024-10-23 08:16:10.790187+00:00",10000,5000.0000
909b8975-b63e-448f-9771-2c07ac7da590,"2024-10-21 08:47:13.438490+00:00",1000,500.0000
90bdf434-3959-4fb5-9f6d-3502fde4a4fb,"2024-10-17 00:04:33.360940+00:00",3000,500.0000
90c65d02-4569-449b-a13e-2feb45396a99,"2024-10-22 04:55:39.913869+00:00",1000,500.0000
90d7deb2-98d3-4231-906d-63dbee6fa343,"2024-10-17 16:58:53.460288+00:00",1000,500.0000
90de79d3-5763-479c-9847-8b666c10fde3,"2024-10-18 00:12:51.110360+00:00",10000,3000.0000
90f06eb1-1d41-482e-870a-2d065b0c124e,"2024-10-21 11:21:54.811370+00:00",3000,500.0000
90f253cf-b48f-4f3e-af97-9cf0ba980c83,"2024-10-17 10:14:25.646969+00:00",3000,1000.0000
9112263d-ba85-4100-892b-ab1cad0a7922,"2024-10-20 11:54:50.556317+00:00",5000,500.0000
9112951f-5955-4e93-b191-77dfe3473e03,"2024-10-17 10:14:25.646969+00:00",3000,1000.0000
912cbeac-3f8a-4a58-bb59-680ad5b081be,"2024-10-22 13:21:00.461186+00:00",3000,500.0000
914bcd6d-beae-40c1-86b9-886d8f10ec06,"2024-10-20 08:50:35.860674+00:00",10000,5000.0000
916baab3-4bed-4967-82ff-d8455504bba7,"2024-10-17 10:14:25.646969+00:00",3000,1000.0000
91793703-1c7f-447e-acc4-389069c606c3,"2024-10-20 06:44:58.955012+00:00",3000,500.0000
919b8a39-4e49-46f9-9e9c-de0507da7e7c,"2024-10-21 15:11:44.154760+00:00",3000,500.0000
91bf7e5d-3eeb-46f9-81dc-f42aec2f4a34,"2024-10-22 02:33:18.242363+00:00",1000,500.0000
91ce46ea-d930-4b16-b703-29fca52e4aeb,"2024-10-22 09:26:26.040440+00:00",13552,2713.3333
91ce46ea-d930-4b16-b703-29fca52e4aeb,"2024-10-22 09:27:23.608328+00:00",13552,6325.6667
91d0b5d8-25b0-460a-ab8a-d46e4b8a03ee,"2024-10-17 10:14:25.646969+00:00",3000,1000.0000
91db38c8-fa2b-4132-9ea5-6f5e8383ad20,"2024-10-21 12:26:44.363387+00:00",10000,4000.0000
91e0bcb4-ee54-4008-8227-4fd99a38c56d,"2024-10-20 04:18:48.095143+00:00",3000,500.0000
91e10596-ce84-4c85-a345-ca3ffa165296,"2024-10-19 06:43:29.916669+00:00",3000,500.0000
91e5986c-a90a-4019-8cf3-85fac0578a67,"2024-10-21 10:43:38.051575+00:00",3000,500.0000
91f67320-d23a-43fd-964e-dc1f52330914,"2024-10-21 12:26:44.363387+00:00",10000,4000.0000
920e3eab-0d09-4f12-a276-eac6473f910f,"2024-10-20 07:23:54.910160+00:00",3000,500.0000
922464ef-7408-4c58-8423-6b1c6135fe21,"2024-10-18 12:58:20.946307+00:00",1000,500.0000
9226aecc-b144-4d4e-9a09-fc2113444187,"2024-10-16 03:18:39.581004+00:00",10000,946.6667
9226aecc-b144-4d4e-9a09-fc2113444187,"2024-10-16 03:19:13.281288+00:00",10000,3946.6667
9226aecc-b144-4d4e-9a09-fc2113444187,"2024-10-16 06:57:35.048482+00:00",5000,893.3333
9226aecc-b144-4d4e-9a09-fc2113444187,"2024-10-16 06:58:16.557501+00:00",5000,2280.0000
9226aecc-b144-4d4e-9a09-fc2113444187,"2024-10-16 07:31:12.871165+00:00",10000,5000.0000
9226aecc-b144-4d4e-9a09-fc2113444187,"2024-10-16 10:35:37.993369+00:00",10000,1000.0000
9226aecc-b144-4d4e-9a09-fc2113444187,"2024-10-16 11:11:22.749188+00:00",10000,4000.0000
9226aecc-b144-4d4e-9a09-fc2113444187,"2024-10-17 05:20:21.656585+00:00",10000,5000.0000
9226aecc-b144-4d4e-9a09-fc2113444187,"2024-10-17 06:18:31.583205+00:00",10000,5000.0000
9226aecc-b144-4d4e-9a09-fc2113444187,"2024-10-18 04:05:04.657319+00:00",10000,2500.0000
9226aecc-b144-4d4e-9a09-fc2113444187,"2024-10-18 04:34:44.417656+00:00",10000,5000.0000
9226aecc-b144-4d4e-9a09-fc2113444187,"2024-10-19 02:52:10.031271+00:00",5000,2500.0000
9226aecc-b144-4d4e-9a09-fc2113444187,"2024-10-19 03:31:27.171542+00:00",10000,3000.0000
9226aecc-b144-4d4e-9a09-fc2113444187,"2024-10-20 04:48:12.556606+00:00",10000,4333.3333
9226aecc-b144-4d4e-9a09-fc2113444187,"2024-10-21 04:25:30.899597+00:00",10000,4333.3333
9226aecc-b144-4d4e-9a09-fc2113444187,"2024-10-23 08:16:10.790187+00:00",10000,5000.0000
9234d63a-5b02-4ccc-a2ad-8535387f83ee,"2024-10-17 10:14:25.646969+00:00",3000,1000.0000
9241c94b-5622-45b4-b534-8d7c836a0697,"2024-10-17 10:14:25.646969+00:00",3000,1000.0000
924bd96e-7125-46d1-a275-6dd141bda85e,"2024-10-23 11:15:12.814158+00:00",10000,3000.0000
924fbc29-e83f-4163-8ba4-4a0316d14558,"2024-10-17 10:14:25.646969+00:00",3000,1000.0000
925bd71d-ad43-4196-8685-fbbd2d0b875d,"2024-10-18 04:17:12.058051+00:00",1000,500.0000
92603ee4-1580-45fa-911a-dad669ba800a,"2024-10-19 00:41:47.429642+00:00",8406,2801.3333
92e44e9e-78df-4adf-8791-0ccd5b8ccaaa,"2024-10-19 11:13:02.827750+00:00",1681,840.0000
931740c3-f01d-4e6e-b039-a6a2d006f9aa,"2024-10-23 11:15:12.814158+00:00",10000,3000.0000
9341dbee-9119-4831-a868-408de858b246,"2024-10-22 05:09:58.629974+00:00",5000,500.0000
9355ce2f-f293-49e8-8aba-fff5120130d4,"2024-10-17 16:58:53.460288+00:00",1000,500.0000
936ea35c-cd1e-4670-ada3-2a76245a5f8e,"2024-10-20 09:56:59.396777+00:00",1000,500.0000
93782dff-0726-4b34-8daf-7da727a77931,"2024-10-21 12:54:13.745791+00:00",3000,1000.0000
93782dff-0726-4b34-8daf-7da727a77931,"2024-10-23 09:22:46.885148+00:00",5000,1666.6667
9398c442-6e96-4e0e-9968-2236b05ede1a,"2024-10-21 13:27:04.826516+00:00",2500,1000.0000
93a212d8-59dd-4263-bfb4-9513c224a664,"2024-10-17 10:14:25.646969+00:00",3000,1000.0000
93a4aa9a-82b9-413c-9263-5e5cffe10c7b,"2024-10-23 11:15:12.814158+00:00",10000,3000.0000
93dc31a2-bec6-46c3-aa13-e5d4b13637b5,"2024-10-17 00:40:12.996157+00:00",1000,500.0000
93dc31a2-bec6-46c3-aa13-e5d4b13637b5,"2024-10-18 14:54:30.232548+00:00",3000,750.0000
93f682fd-c225-4f47-8516-8be8b3c2afeb,"2024-10-17 10:14:25.646969+00:00",3000,1000.0000
9407253a-8229-4a84-bbe2-b6bc5e2bb249,"2024-10-20 13:44:59.024300+00:00",3000,500.0000
94550275-0d70-4a00-85a9-4b770abcec1a,"2024-10-21 10:43:38.051575+00:00",3000,500.0000
94803879-6461-4694-8e39-cf9fc7567796,"2024-10-17 00:03:21.212396+00:00",1681,840.0000
94a3056a-23dc-469e-83da-f0559775073e,"2024-10-23 16:44:43.522469+00:00",5403,1084.0000
94a4be1e-c28d-4458-9153-9b080be77711,"2024-10-22 04:34:46.293511+00:00",10000,5000.0000
94bb9e93-b5c0-4447-9c30-781c314afdd8,"2024-10-18 09:16:23.203226+00:00",1000,500.0000
94cb3b9e-d41b-4ccf-ab15-4256c2871afb,"2024-10-23 16:44:43.522469+00:00",5403,723.0000
94e274c9-2d8c-4321-8e08-edba791b705b,"2024-10-20 00:10:20.851305+00:00",3000,500.0000
94eb63c0-5624-430e-a3f6-ed9ba23edc80,"2024-10-18 05:08:37.588351+00:00",10000,5000.0000
953bfdf8-8dc2-434a-b129-a82293b788f6,"2024-10-17 10:14:25.646969+00:00",3000,1000.0000
95780d28-1d4d-458d-89fb-c1bef1be4f16,"2024-10-20 02:07:14.325964+00:00",10000,500.0000
9579793a-57a3-48a2-ab88-f45f4bf90889,"2024-10-23 11:15:12.814158+00:00",10000,3000.0000
957febb6-61e8-406a-b1fd-28353336b9a1,"2024-10-17 01:13:44.326389+00:00",10000,500.0000
959cff5a-63df-4d1d-95f2-83bb75475435,"2024-10-16 03:18:39.581004+00:00",10000,946.6667
959cff5a-63df-4d1d-95f2-83bb75475435,"2024-10-16 03:19:13.281288+00:00",10000,3946.6667
959cff5a-63df-4d1d-95f2-83bb75475435,"2024-10-16 06:57:35.048482+00:00",5000,893.3333
959cff5a-63df-4d1d-95f2-83bb75475435,"2024-10-16 06:58:16.557501+00:00",5000,2280.0000
959cff5a-63df-4d1d-95f2-83bb75475435,"2024-10-16 07:31:12.871165+00:00",10000,5000.0000
959cff5a-63df-4d1d-95f2-83bb75475435,"2024-10-16 10:35:37.993369+00:00",10000,1000.0000
959cff5a-63df-4d1d-95f2-83bb75475435,"2024-10-16 11:11:22.749188+00:00",10000,4000.0000
959cff5a-63df-4d1d-95f2-83bb75475435,"2024-10-17 05:20:21.656585+00:00",10000,5000.0000
959cff5a-63df-4d1d-95f2-83bb75475435,"2024-10-17 06:18:31.583205+00:00",10000,5000.0000
959cff5a-63df-4d1d-95f2-83bb75475435,"2024-10-18 04:05:04.657319+00:00",10000,2500.0000
959cff5a-63df-4d1d-95f2-83bb75475435,"2024-10-18 04:34:44.417656+00:00",10000,5000.0000
959cff5a-63df-4d1d-95f2-83bb75475435,"2024-10-19 02:52:10.031271+00:00",5000,2500.0000
959cff5a-63df-4d1d-95f2-83bb75475435,"2024-10-19 03:31:27.171542+00:00",10000,3000.0000
959cff5a-63df-4d1d-95f2-83bb75475435,"2024-10-20 04:48:12.556606+00:00",10000,4333.3333
959cff5a-63df-4d1d-95f2-83bb75475435,"2024-10-21 04:25:30.899597+00:00",10000,4333.3333
959cff5a-63df-4d1d-95f2-83bb75475435,"2024-10-23 08:16:10.790187+00:00",10000,5000.0000
95b7fead-a31c-4e86-8173-60511adb0a89,"2024-10-21 02:56:34.481665+00:00",10000,5000.0000
95cd5465-cea2-4ca3-84f1-8d7b5c31f3af,"2024-10-23 10:54:14.288898+00:00",1000,500.0000
95fd8f7a-3e31-44f2-b8af-3308722a945c,"2024-10-20 03:12:37.092602+00:00",5000,2500.0000
9612b4f5-a5ca-4173-babc-0d700af96301,"2024-10-23 02:14:44.460326+00:00",3000,500.0000
96237c18-60d4-4924-b3f0-975a78bb7aba,"2024-10-22 03:33:53.909598+00:00",1000,500.0000
963d598d-36d3-4e3b-86e0-f7ce17f0bafa,"2024-10-18 04:18:47.664800+00:00",10000,500.0000
964ea428-a7c4-4a38-baa3-a52516b7ab7f,"2024-10-21 13:27:04.826516+00:00",2500,1000.0000
9652d5ee-2f54-4cd3-a874-74f01dacac47,"2024-10-21 04:04:23.839668+00:00",3000,500.0000
96551d26-dfdb-4c7e-b6af-cbd83e32d0d4,"2024-10-23 11:15:12.814158+00:00",10000,3000.0000
96573d3e-4e35-456d-a49a-406083f53ca0,"2024-10-17 03:49:22.088278+00:00",3000,500.0000
967662cd-7b2e-4db6-8bb4-fda815f68efc,"2024-10-18 18:39:39.995511+00:00",10000,920.0000
96772fb5-cf18-4786-ac27-0cf81323fe15,"2024-10-16 18:17:03.878847+00:00",3000,500.0000
967a623c-239d-41bc-b534-4fc30efcb5a0,"2024-10-17 20:28:41.683300+00:00",3000,500.0000
9689ee74-c632-4070-be16-1db066a2d73e,"2024-10-17 10:14:25.646969+00:00",3000,1000.0000
96a5e7cc-98b2-4438-a207-2b5c6f7135d4,"2024-10-22 02:31:38.482316+00:00",10000,3000.0000
96ad2025-a4a7-4125-bced-949cb3ef6184,"2024-10-21 14:01:38.674639+00:00",1000,500.0000
96b694ad-16e1-40b9-83ba-185af5b312f3,"2024-10-23 10:54:14.288898+00:00",1000,500.0000
96c2134a-bdc2-496a-8dc2-e3e6c117b41e,"2024-10-20 00:51:31.557659+00:00",5000,2401.0000
96c2134a-bdc2-496a-8dc2-e3e6c117b41e,"2024-10-23 10:44:24.015816+00:00",25000,4333.3333
96dcca9d-c09c-44b1-8662-2e789550ec40,"2024-10-21 13:44:58.404122+00:00",5000,500.0000
96dd95d0-695d-4859-ae73-8e33ae11e4db,"2024-10-23 01:53:52.182237+00:00",10000,500.0000
96eca446-b90b-4a91-94de-34c1e834608f,"2024-10-20 00:51:31.557659+00:00",5000,2401.0000
96eca446-b90b-4a91-94de-34c1e834608f,"2024-10-23 10:44:24.015816+00:00",25000,4333.3333
96ed7f76-a4ed-46f6-b1c8-9d01d92f39e1,"2024-10-22 10:53:25.084148+00:00",10000,500.0000
9712dd22-c038-482e-8975-957c8f5bca52,"2024-10-21 12:54:13.745791+00:00",3000,1000.0000
9712dd22-c038-482e-8975-957c8f5bca52,"2024-10-23 09:22:46.885148+00:00",5000,1666.6667
9713a06f-e615-47bc-afb1-982e9173ebb4,"2024-10-23 09:07:04.693073+00:00",3000,500.0000
97150f96-cbc8-4411-a54f-bfe8316fe383,"2024-10-19 05:35:15.277514+00:00",1000,500.0000
97150f96-cbc8-4411-a54f-bfe8316fe383,"2024-10-19 05:36:20.682299+00:00",2500,750.0000
971c356f-55ed-4c1c-934d-6faf28b54b19,"2024-10-17 10:14:25.646969+00:00",3000,1000.0000
973f56d9-1949-41c7-a4cb-84b76d506ebe,"2024-10-21 12:54:13.745791+00:00",3000,1000.0000
973f56d9-1949-41c7-a4cb-84b76d506ebe,"2024-10-23 09:22:46.885148+00:00",5000,1666.6667
9752fdc2-ae44-4090-8e57-9b14d7af3000,"2024-10-20 11:20:50.452460+00:00",10000,5000.0000
976082ab-9e95-4093-a0f9-c98867a75b70,"2024-10-17 10:21:41.415897+00:00",3000,500.0000
9767cd9b-4666-4650-aa3a-08884092d3b6,"2024-10-17 10:14:25.646969+00:00",3000,1000.0000
97765e2e-f3ca-4db2-90b4-aa40f16adaa4,"2024-10-21 02:18:01.112502+00:00",8407,4203.0000
978c6ade-67e7-4a72-bdc5-0cd583cea781,"2024-10-17 10:14:25.646969+00:00",3000,1000.0000
97919d52-f43a-47bb-a669-459e4e700b4b,"2024-10-21 12:26:44.363387+00:00",10000,4000.0000
97934009-88b1-4eb5-bddd-1c32ea5d3a5f,"2024-10-16 03:18:39.581004+00:00",10000,946.6667
97934009-88b1-4eb5-bddd-1c32ea5d3a5f,"2024-10-16 03:19:13.281288+00:00",10000,3946.6667
97934009-88b1-4eb5-bddd-1c32ea5d3a5f,"2024-10-16 06:57:35.048482+00:00",5000,893.3333
97934009-88b1-4eb5-bddd-1c32ea5d3a5f,"2024-10-16 06:58:16.557501+00:00",5000,2280.0000
97934009-88b1-4eb5-bddd-1c32ea5d3a5f,"2024-10-16 07:31:12.871165+00:00",10000,5000.0000
97934009-88b1-4eb5-bddd-1c32ea5d3a5f,"2024-10-16 10:35:37.993369+00:00",10000,1000.0000
97934009-88b1-4eb5-bddd-1c32ea5d3a5f,"2024-10-16 11:11:22.749188+00:00",10000,4000.0000
97934009-88b1-4eb5-bddd-1c32ea5d3a5f,"2024-10-17 05:20:21.656585+00:00",10000,5000.0000
97934009-88b1-4eb5-bddd-1c32ea5d3a5f,"2024-10-17 06:18:31.583205+00:00",10000,5000.0000
97934009-88b1-4eb5-bddd-1c32ea5d3a5f,"2024-10-18 04:05:04.657319+00:00",10000,2500.0000
97934009-88b1-4eb5-bddd-1c32ea5d3a5f,"2024-10-18 04:34:44.417656+00:00",10000,5000.0000
97934009-88b1-4eb5-bddd-1c32ea5d3a5f,"2024-10-19 02:52:10.031271+00:00",5000,2500.0000
97934009-88b1-4eb5-bddd-1c32ea5d3a5f,"2024-10-19 03:31:27.171542+00:00",10000,3000.0000
97934009-88b1-4eb5-bddd-1c32ea5d3a5f,"2024-10-20 04:48:12.556606+00:00",10000,4333.3333
97934009-88b1-4eb5-bddd-1c32ea5d3a5f,"2024-10-21 04:25:30.899597+00:00",10000,4333.3333
97934009-88b1-4eb5-bddd-1c32ea5d3a5f,"2024-10-23 08:16:10.790187+00:00",10000,5000.0000
97993d29-d41c-4345-a705-c7a37de8d393,"2024-10-18 13:29:42.770124+00:00",2500,1000.0000
97a00f8f-a6de-4819-87ca-6e73587b6c5c,"2024-10-22 01:20:50.388158+00:00",10000,5000.0000
97c465a2-e78f-4101-808c-002dd467183b,"2024-10-23 11:15:12.814158+00:00",10000,3000.0000
97e4f5b5-1d2b-4b98-a036-0bbe523f8eb9,"2024-10-17 09:36:09.746633+00:00",5000,500.0000
97f9fac4-ba4e-465d-b5d2-f79caa7a3bcf,"2024-10-18 02:59:21.034810+00:00",50000,10000.0000
98069855-d8db-499e-be08-1b65fab66095,"2024-10-22 02:14:43.077632+00:00",3000,500.0000
98121747-c744-452a-8063-178f154f3e2f,"2024-10-17 10:14:25.646969+00:00",3000,1000.0000
982b7b14-b1a5-4b9f-9b7e-9121d22af097,"2024-10-21 02:53:52.899976+00:00",5000,500.0000
983b449c-381a-43a4-b1bb-5b6fe07fd648,"2024-10-17 10:14:25.646969+00:00",3000,1000.0000
9852c31a-aba3-4d7a-9857-bf6c033926bd,"2024-10-20 00:51:31.557659+00:00",5000,2401.0000
9852c31a-aba3-4d7a-9857-bf6c033926bd,"2024-10-23 10:44:24.015816+00:00",25000,4333.3333
985b382b-1cb9-4f33-b971-8222dec1de46,"2024-10-23 11:15:12.814158+00:00",10000,3000.0000
9888931b-42a9-403b-b6c8-6e557606ef73,"2024-10-17 16:58:53.460288+00:00",1000,500.0000
989405ed-1783-4773-b9b6-af3952c0007f,"2024-10-17 10:14:25.646969+00:00",3000,1000.0000
98b1370e-33b2-4f36-89d2-8d8e3d413a06,"2024-10-19 07:09:03.572664+00:00",1000,500.0000
98be5d7b-ad75-4d6b-a217-3febee7f8c28,"2024-10-19 05:18:48.278705+00:00",5000,500.0000
98cbdf8c-10cf-4d02-bd82-2ab8102d80ed,"2024-10-21 12:04:36.686533+00:00",3000,1333.3333
98cbdf8c-10cf-4d02-bd82-2ab8102d80ed,"2024-10-21 13:26:42.995267+00:00",3000,1333.3333
98cbdf8c-10cf-4d02-bd82-2ab8102d80ed,"2024-10-23 03:10:11.902994+00:00",3000,500.0000
98d89c1f-5e8c-4b16-951d-9426575cf5ab,"2024-10-22 17:09:05.760338+00:00",10000,4333.3333
9919a3e6-acc6-46c4-9961-dc1c60b78045,"2024-10-19 05:18:08.075599+00:00",3000,500.0000
99203350-0af6-41ec-ae2f-d953f516b960,"2024-10-20 00:51:31.557659+00:00",5000,2401.0000
99203350-0af6-41ec-ae2f-d953f516b960,"2024-10-23 10:44:24.015816+00:00",25000,4333.3333
995b0fdf-9ac5-4c86-8ff9-574afffbcc59,"2024-10-21 15:54:22.561928+00:00",3000,500.0000
995e8c17-e0f2-47ec-aa5f-848d599d3bba,"2024-10-22 04:49:54.175835+00:00",10000,5000.0000
995f8e7e-3e77-4adc-8d58-c30f1eb93114,"2024-10-16 03:18:39.581004+00:00",10000,946.6667
995f8e7e-3e77-4adc-8d58-c30f1eb93114,"2024-10-16 03:19:13.281288+00:00",10000,3946.6667
995f8e7e-3e77-4adc-8d58-c30f1eb93114,"2024-10-16 06:57:35.048482+00:00",5000,893.3333
995f8e7e-3e77-4adc-8d58-c30f1eb93114,"2024-10-16 06:58:16.557501+00:00",5000,2280.0000
995f8e7e-3e77-4adc-8d58-c30f1eb93114,"2024-10-16 07:31:12.871165+00:00",10000,5000.0000
995f8e7e-3e77-4adc-8d58-c30f1eb93114,"2024-10-16 10:35:37.993369+00:00",10000,1000.0000
995f8e7e-3e77-4adc-8d58-c30f1eb93114,"2024-10-16 11:11:22.749188+00:00",10000,4000.0000
995f8e7e-3e77-4adc-8d58-c30f1eb93114,"2024-10-17 05:20:21.656585+00:00",10000,5000.0000
995f8e7e-3e77-4adc-8d58-c30f1eb93114,"2024-10-17 06:18:31.583205+00:00",10000,5000.0000
995f8e7e-3e77-4adc-8d58-c30f1eb93114,"2024-10-18 04:05:04.657319+00:00",10000,2500.0000
995f8e7e-3e77-4adc-8d58-c30f1eb93114,"2024-10-18 04:34:44.417656+00:00",10000,5000.0000
995f8e7e-3e77-4adc-8d58-c30f1eb93114,"2024-10-19 02:52:10.031271+00:00",5000,2500.0000
995f8e7e-3e77-4adc-8d58-c30f1eb93114,"2024-10-19 03:31:27.171542+00:00",10000,3000.0000
995f8e7e-3e77-4adc-8d58-c30f1eb93114,"2024-10-20 04:48:12.556606+00:00",10000,4333.3333
995f8e7e-3e77-4adc-8d58-c30f1eb93114,"2024-10-21 04:25:30.899597+00:00",10000,4333.3333
995f8e7e-3e77-4adc-8d58-c30f1eb93114,"2024-10-23 08:16:10.790187+00:00",10000,5000.0000
997388f2-7e21-46c9-9f63-9f148ab5e6e4,"2024-10-20 17:08:23.168298+00:00",5000,2166.6667
997388f2-7e21-46c9-9f63-9f148ab5e6e4,"2024-10-21 12:00:43.772790+00:00",5000,2333.3333
997388f2-7e21-46c9-9f63-9f148ab5e6e4,"2024-10-21 13:00:50.110738+00:00",10000,3666.6667
997388f2-7e21-46c9-9f63-9f148ab5e6e4,"2024-10-23 07:38:54.223517+00:00",10000,1000.0000
997388f2-7e21-46c9-9f63-9f148ab5e6e4,"2024-10-23 07:40:45.385202+00:00",10000,4000.0000
997be00d-cee5-468d-a4bc-91b932756fc2,"2024-10-20 15:24:48.845104+00:00",5000,2101.0000
99b28143-4288-4c7c-b4ab-18a04b44aae0,"2024-10-20 05:00:58.991855+00:00",3000,500.0000
9a0382a0-b247-467c-83fc-b03bf312ec77,"2024-10-17 10:14:25.646969+00:00",3000,1000.0000
9a294b00-158d-4976-84b2-43c10fb79734,"2024-10-18 02:59:21.034810+00:00",50000,23333.3333
9a29e0e7-ff6f-4ce0-a88b-fdf63e89b495,"2024-10-17 12:21:10.059658+00:00",1000,500.0000
9a2b927c-21e1-49fb-8488-55eb6d70e574,"2024-10-19 02:20:33.756083+00:00",1000,500.0000
9a37c1b8-c024-4569-bf65-f61ef81040ad,"2024-10-17 09:05:31.404624+00:00",10000,5000.0000
9a3b4203-2f3c-42b1-bc40-6d2af7eb5e32,"2024-10-17 12:57:26.733479+00:00",2101,840.0000
9a3b4203-2f3c-42b1-bc40-6d2af7eb5e32,"2024-10-21 15:25:31.922408+00:00",4203,1540.6667
9a85d73e-b335-41f0-bc26-03b0edf14382,"2024-10-22 17:30:25.211913+00:00",5000,500.0000
9aaa2b56-b97d-4821-a01c-23163c00c119,"2024-10-19 09:37:41.554090+00:00",3000,500.0000
9ac03d25-cf29-4839-b32c-9a916f7444be,"2024-10-17 10:14:25.646969+00:00",3000,1000.0000
9ac447f4-d384-4633-8f6c-49e341affa07,"2024-10-20 11:57:57.809121+00:00",5431,2715.0000
9ac447f4-d384-4633-8f6c-49e341affa07,"2024-10-21 07:45:07.303190+00:00",13578,2715.0000
9ae0b311-8e73-466b-953a-5b1dba71d836,"2024-10-18 01:35:47.057313+00:00",3000,500.0000
9af559e9-b6c8-44ee-ad5d-26e6929fc1cd,"2024-10-19 05:00:59.788832+00:00",3000,500.0000
9b22fe85-cf94-4027-90af-2296f2ad134d,"2024-10-17 13:38:08.254267+00:00",3000,500.0000
9b2c86da-d708-4427-9d26-a54f94a40149,"2024-10-18 11:10:14.582274+00:00",1000,500.0000
9b5438e7-5b3f-457a-83c6-9d5661bdfc0b,"2024-10-23 11:15:12.814158+00:00",10000,3000.0000
9b5f698b-5a85-479d-b0fc-9e1218927827,"2024-10-17 16:58:53.460288+00:00",1000,500.0000
9b62a96f-b857-4fe7-a83d-9cde72877ae6,"2024-10-21 12:54:13.745791+00:00",3000,1000.0000
9b62a96f-b857-4fe7-a83d-9cde72877ae6,"2024-10-23 09:22:46.885148+00:00",5000,1666.6667
9b6ef69a-89d0-46f4-9330-8c3f5af73b3c,"2024-10-17 00:25:54.201423+00:00",8404,4202.0000
9b9127fc-e4a7-4278-8da2-10ca1ad1abe1,"2024-10-23 11:15:12.814158+00:00",10000,3000.0000
9babce7d-7088-4a0c-ba87-b20a855eb842,"2024-10-18 04:12:33.942981+00:00",5000,500.0000
9bad92eb-750d-4844-8052-dbd5d37e1a44,"2024-10-21 02:57:11.392449+00:00",3000,500.0000
9bb79837-999d-4ade-b532-c60cf44d5f30,"2024-10-20 03:17:49.758263+00:00",2500,1000.0000
9bf2f4c8-e8c7-4c07-ab26-8edf3381f289,"2024-10-17 10:14:25.646969+00:00",3000,1000.0000
9c2e200b-4f08-4390-9964-0f6627c33431,"2024-10-23 05:01:57.369365+00:00",10000,3000.0000
9c357fcf-3f66-48d7-9a79-ffbb4f53bd62,"2024-10-20 11:21:23.976028+00:00",10000,5000.0000
9c35e41d-e2e1-40d2-97d8-aac9ab63997b,"2024-10-19 21:39:07.475626+00:00",3000,1000.0000
9c3a7e10-c60d-4f9c-b9d2-0b742eea1d2b,"2024-10-17 10:14:25.646969+00:00",3000,1000.0000
9c5a6fec-6ba2-4d92-901a-c9e591c078e6,"2024-10-19 09:40:21.652675+00:00",3000,500.0000
9c62554e-2911-40c5-aca6-ef875b899b34,"2024-10-17 10:14:25.646969+00:00",3000,1000.0000
9c910a54-072f-43f8-a781-28414fabbd33,"2024-10-22 08:01:40.567636+00:00",3000,500.0000
9c93f743-177e-48a1-8028-d10392812caa,"2024-10-17 10:14:25.646969+00:00",3000,1000.0000
9cb53f9d-bee5-43c1-97f1-0f5c9756a9fc,"2024-10-23 11:00:24.639053+00:00",2500,1000.0000
9cc4bfe1-9715-4f4a-908e-e6dda339af53,"2024-10-21 03:40:23.570768+00:00",3000,500.0000
9ccab01c-e837-4243-9558-f01bda083813,"2024-10-23 11:15:12.814158+00:00",10000,3000.0000
9cd8b0fb-3080-4efb-8794-66536d771534,"2024-10-17 10:14:25.646969+00:00",3000,1000.0000
9cf4d862-2ec2-455f-84b9-87bb2af9bd3a,"2024-10-19 16:23:34.135942+00:00",1000,500.0000
9d004e3b-4888-4164-960b-6d5785058b76,"2024-10-22 16:51:49.829436+00:00",1000,500.0000
9d1a28d7-a7e1-4e04-99cb-95928bba90e0,"2024-10-21 04:59:18.828358+00:00",3000,500.0000
9d22e547-5122-435a-ab88-8310dd55c4b2,"2024-10-23 11:15:12.814158+00:00",10000,3000.0000
9d635b69-0f9a-4d0d-b791-0760df4b16b2,"2024-10-17 10:14:25.646969+00:00",3000,1000.0000
9d6727c8-4f44-48db-a7db-76095e647d81,"2024-10-17 10:14:25.646969+00:00",3000,1000.0000
9d74cd26-b3cf-4a7c-a178-f944f1ba9450,"2024-10-16 03:18:39.581004+00:00",10000,946.6667
9d74cd26-b3cf-4a7c-a178-f944f1ba9450,"2024-10-16 03:19:13.281288+00:00",10000,3946.6667
9d74cd26-b3cf-4a7c-a178-f944f1ba9450,"2024-10-16 06:57:35.048482+00:00",5000,893.3333
9d74cd26-b3cf-4a7c-a178-f944f1ba9450,"2024-10-16 06:58:16.557501+00:00",5000,2280.0000
9d74cd26-b3cf-4a7c-a178-f944f1ba9450,"2024-10-16 07:31:12.871165+00:00",10000,5000.0000
9d74cd26-b3cf-4a7c-a178-f944f1ba9450,"2024-10-16 10:35:37.993369+00:00",10000,1000.0000
9d74cd26-b3cf-4a7c-a178-f944f1ba9450,"2024-10-16 11:11:22.749188+00:00",10000,4000.0000
9d74cd26-b3cf-4a7c-a178-f944f1ba9450,"2024-10-17 05:20:21.656585+00:00",10000,5000.0000
9d74cd26-b3cf-4a7c-a178-f944f1ba9450,"2024-10-17 06:18:31.583205+00:00",10000,5000.0000
9d74cd26-b3cf-4a7c-a178-f944f1ba9450,"2024-10-18 04:05:04.657319+00:00",10000,2500.0000
9d74cd26-b3cf-4a7c-a178-f944f1ba9450,"2024-10-18 04:34:44.417656+00:00",10000,5000.0000
9d74cd26-b3cf-4a7c-a178-f944f1ba9450,"2024-10-19 02:52:10.031271+00:00",5000,2500.0000
9d74cd26-b3cf-4a7c-a178-f944f1ba9450,"2024-10-19 03:31:27.171542+00:00",10000,3000.0000
9d74cd26-b3cf-4a7c-a178-f944f1ba9450,"2024-10-20 04:48:12.556606+00:00",10000,4333.3333
9d74cd26-b3cf-4a7c-a178-f944f1ba9450,"2024-10-21 04:25:30.899597+00:00",10000,4333.3333
9d74cd26-b3cf-4a7c-a178-f944f1ba9450,"2024-10-23 08:16:10.790187+00:00",10000,5000.0000
9d7883be-db27-4046-9b2f-c6c9bd90a70f,"2024-10-23 05:00:30.095479+00:00",10000,5000.0000
9d87a4bc-f1f8-4c0a-bfa0-a697258ae84f,"2024-10-18 09:11:38.251229+00:00",3000,500.0000
9d8a5f33-2191-42cf-b8a4-270137d1acd3,"2024-10-19 15:24:28.879942+00:00",1000,500.0000
9d9d258d-9a4d-42fb-ae30-ec3b38a87ebc,"2024-10-17 10:14:25.646969+00:00",3000,1000.0000
9da654c2-5750-43d6-82d6-4a2a5ed58708,"2024-10-23 17:23:35.634615+00:00",3000,500.0000
9daa8183-1ac9-4921-852b-0ae281503a90,"2024-10-17 10:14:25.646969+00:00",3000,1000.0000
9dc920da-a2ae-460c-ab58-b17ca62d7ff5,"2024-10-20 06:53:23.060305+00:00",3000,500.0000
9dd1f164-4216-4a8c-90d3-9ed4c920614e,"2024-10-22 08:01:40.567636+00:00",3000,500.0000
9ddc8351-b15c-44a4-b1a0-fddcf5fc07c1,"2024-10-21 12:26:44.363387+00:00",10000,4000.0000
9de52b21-3626-4c85-a536-7147000dfbb5,"2024-10-23 13:00:27.813496+00:00",1000,500.0000
9e023509-d098-43a7-94e4-1b8e35075b1b,"2024-10-21 12:54:13.745791+00:00",3000,1000.0000
9e023509-d098-43a7-94e4-1b8e35075b1b,"2024-10-23 09:22:46.885148+00:00",5000,1666.6667
9e0585b6-4cea-4259-8ebe-3f088e9dc47b,"2024-10-22 03:41:15.127159+00:00",3000,500.0000
9e4f6ada-e136-4fa5-aad7-d784a811d2b7,"2024-10-22 09:00:24.773523+00:00",3000,500.0000
9e5304b4-9488-4274-a197-b209bfcfc984,"2024-10-20 02:48:17.702576+00:00",3000,500.0000
9e592120-c1e0-4fdd-b111-7f773ff5dcff,"2024-10-20 01:05:51.216536+00:00",10000,500.0000
9e957458-a97c-4569-b921-d2c8e13df8ae,"2024-10-23 11:15:12.814158+00:00",10000,3000.0000
9e9d9228-2678-480d-8f35-ef9bdb87bce2,"2024-10-21 18:26:32.734171+00:00",10000,3000.0000
9eaa2696-627c-4670-91bf-976ff84f9c38,"2024-10-22 17:09:05.760338+00:00",10000,4333.3333
9ec5f214-63c0-423d-8f89-804639358365,"2024-10-22 17:58:50.079108+00:00",5000,500.0000
9ec986df-72af-444d-9350-7d0e0d39df61,"2024-10-23 11:15:12.814158+00:00",10000,3000.0000
9ed52664-9e3b-426f-adfb-008957534269,"2024-10-22 11:44:22.769977+00:00",1000,500.0000
9eda075b-ef17-4425-9bdc-713a6dd5b6fb,"2024-10-17 13:29:09.248744+00:00",5000,500.0000
9edebd95-ad30-4a4b-9902-914ae3082dfb,"2024-10-17 10:14:25.646969+00:00",3000,1000.0000
9ee4c7cc-3914-4f44-b72d-1d818f6cb2ed,"2024-10-23 14:31:00.929959+00:00",2500,1000.0000
9efa2c20-4272-47d0-813e-450869288098,"2024-10-17 16:58:53.460288+00:00",1000,500.0000
9f243fc4-240d-48b7-bac8-434002081bee,"2024-10-21 07:04:33.957813+00:00",1000,500.0000
9f243fc4-240d-48b7-bac8-434002081bee,"2024-10-22 03:39:00.830494+00:00",5000,750.0000
9f38c884-e75b-4586-a531-12e80064dc54,"2024-10-20 00:51:31.557659+00:00",5000,2401.0000
9f38c884-e75b-4586-a531-12e80064dc54,"2024-10-23 10:44:24.015816+00:00",25000,4333.3333
9f3e0c7f-cca0-4a52-8d19-8f84e2dd7fc9,"2024-10-23 15:42:24.113475+00:00",5000,2500.0000
9f976d02-0394-403b-b2be-2fdd894d0438,"2024-10-20 09:03:12.951333+00:00",1681,500.0000
9f9792ad-6a40-4aaf-8348-afe6628e8ab0,"2024-10-23 11:15:12.814158+00:00",10000,3000.0000
9fa89f53-c7e0-4500-a21c-1ebef7349b87,"2024-10-23 09:57:53.675398+00:00",10000,1000.0000
9fab5c83-57d0-4ccf-9be6-b9a4cfe1a72a,"2024-10-19 02:47:48.846751+00:00",10000,4000.0000
9fc0db93-7408-4b62-961b-450ea6fe4484,"2024-10-23 11:15:12.814158+00:00",10000,3000.0000
9fd98519-12cb-492e-b1c6-bccdd0297bd6,"2024-10-17 04:42:14.354186+00:00",10000,4622.5000
9ff792a0-5c25-4589-82ff-45ea4179ecd4,"2024-10-17 10:14:25.646969+00:00",3000,1000.0000
a00f7c64-7d09-4006-b70a-b03a8e1371f5,"2024-10-22 17:09:05.760338+00:00",10000,4333.3333
a01048aa-bcea-4df5-970b-3cd7ab0291a8,"2024-10-16 03:18:39.581004+00:00",10000,946.6667
a01048aa-bcea-4df5-970b-3cd7ab0291a8,"2024-10-16 03:19:13.281288+00:00",10000,3946.6667
a01048aa-bcea-4df5-970b-3cd7ab0291a8,"2024-10-16 06:57:35.048482+00:00",5000,893.3333
a01048aa-bcea-4df5-970b-3cd7ab0291a8,"2024-10-16 06:58:16.557501+00:00",5000,2280.0000
a01048aa-bcea-4df5-970b-3cd7ab0291a8,"2024-10-16 07:31:12.871165+00:00",10000,5000.0000
a01048aa-bcea-4df5-970b-3cd7ab0291a8,"2024-10-16 10:35:37.993369+00:00",10000,1000.0000
a01048aa-bcea-4df5-970b-3cd7ab0291a8,"2024-10-16 11:11:22.749188+00:00",10000,4000.0000
a01048aa-bcea-4df5-970b-3cd7ab0291a8,"2024-10-17 05:20:21.656585+00:00",10000,5000.0000
a01048aa-bcea-4df5-970b-3cd7ab0291a8,"2024-10-17 06:18:31.583205+00:00",10000,5000.0000
a01048aa-bcea-4df5-970b-3cd7ab0291a8,"2024-10-18 04:05:04.657319+00:00",10000,2500.0000
a01048aa-bcea-4df5-970b-3cd7ab0291a8,"2024-10-18 04:34:44.417656+00:00",10000,5000.0000
a01048aa-bcea-4df5-970b-3cd7ab0291a8,"2024-10-19 02:52:10.031271+00:00",5000,2500.0000
a01048aa-bcea-4df5-970b-3cd7ab0291a8,"2024-10-19 03:31:27.171542+00:00",10000,3000.0000
a01048aa-bcea-4df5-970b-3cd7ab0291a8,"2024-10-20 04:48:12.556606+00:00",10000,4333.3333
a01048aa-bcea-4df5-970b-3cd7ab0291a8,"2024-10-21 04:25:30.899597+00:00",10000,4333.3333
a01048aa-bcea-4df5-970b-3cd7ab0291a8,"2024-10-23 08:16:10.790187+00:00",10000,5000.0000
a018e413-cc8f-4152-ba61-b83887cd10ed,"2024-10-21 10:43:38.051575+00:00",3000,500.0000
a01907e5-224d-4478-aa64-2234da2b343a,"2024-10-19 07:08:19.671589+00:00",10000,500.0000
a051c490-98db-4739-9a34-c370fb98bd5a,"2024-10-23 11:15:12.814158+00:00",10000,3000.0000
a0598b60-cbf6-4ce4-aabd-8f452c9cd0d2,"2024-10-17 07:41:43.811255+00:00",5000,500.0000
a0598b60-cbf6-4ce4-aabd-8f452c9cd0d2,"2024-10-17 13:21:35.296431+00:00",4202,2000.0000
a07fd63c-6be9-44a1-b50c-f749dbf5e70a,"2024-10-19 06:11:51.913757+00:00",3000,500.0000
a0c4c320-aaa8-4b12-81a2-9077f756c1f6,"2024-10-20 17:08:23.168298+00:00",5000,2166.6667
a0c4c320-aaa8-4b12-81a2-9077f756c1f6,"2024-10-21 12:00:43.772790+00:00",5000,2333.3333
a0c4c320-aaa8-4b12-81a2-9077f756c1f6,"2024-10-21 13:00:50.110738+00:00",10000,3666.6667
a0c4c320-aaa8-4b12-81a2-9077f756c1f6,"2024-10-23 07:38:54.223517+00:00",10000,1000.0000
a0c4c320-aaa8-4b12-81a2-9077f756c1f6,"2024-10-23 07:40:45.385202+00:00",10000,4000.0000
a117c0c7-3a36-4995-9db7-cfcdb41bdef1,"2024-10-17 10:14:25.646969+00:00",3000,1000.0000
a11f875f-5258-436a-9d2f-e66910e63dbf,"2024-10-18 13:27:13.757326+00:00",10000,5000.0000
a1422b48-f2b1-4b75-870f-91fc85423979,"2024-10-21 02:27:11.154291+00:00",3000,500.0000
a1423fa0-4e95-4566-8461-ba6c24befceb,"2024-10-17 13:20:40.687039+00:00",3000,500.0000
a1423fa0-4e95-4566-8461-ba6c24befceb,"2024-10-18 09:24:11.869314+00:00",3000,1333.3333
a1423fa0-4e95-4566-8461-ba6c24befceb,"2024-10-22 13:24:44.967061+00:00",5000,1666.6667
a17e1f78-3426-4955-b350-31fa2976126f,"2024-10-22 17:09:05.760338+00:00",10000,4333.3333
a18f2320-d3a4-4040-abf1-3fd64ce293be,"2024-10-21 12:04:36.686533+00:00",3000,1333.3333
a18f2320-d3a4-4040-abf1-3fd64ce293be,"2024-10-21 13:26:42.995267+00:00",3000,1333.3333
a18f2320-d3a4-4040-abf1-3fd64ce293be,"2024-10-23 03:10:11.902994+00:00",3000,500.0000
a1995c29-6e2d-47b4-9a71-191910177051,"2024-10-16 03:18:39.581004+00:00",10000,946.6667
a1995c29-6e2d-47b4-9a71-191910177051,"2024-10-16 03:19:13.281288+00:00",10000,3946.6667
a1995c29-6e2d-47b4-9a71-191910177051,"2024-10-16 06:57:35.048482+00:00",5000,893.3333
a1995c29-6e2d-47b4-9a71-191910177051,"2024-10-16 06:58:16.557501+00:00",5000,2280.0000
a1995c29-6e2d-47b4-9a71-191910177051,"2024-10-16 07:31:12.871165+00:00",10000,5000.0000
a1995c29-6e2d-47b4-9a71-191910177051,"2024-10-16 10:35:37.993369+00:00",10000,1000.0000
a1995c29-6e2d-47b4-9a71-191910177051,"2024-10-16 11:11:22.749188+00:00",10000,4000.0000
a1995c29-6e2d-47b4-9a71-191910177051,"2024-10-17 05:20:21.656585+00:00",10000,5000.0000
a1995c29-6e2d-47b4-9a71-191910177051,"2024-10-17 06:18:31.583205+00:00",10000,5000.0000
a1995c29-6e2d-47b4-9a71-191910177051,"2024-10-18 04:05:04.657319+00:00",10000,2500.0000
a1995c29-6e2d-47b4-9a71-191910177051,"2024-10-18 04:34:44.417656+00:00",10000,5000.0000
a1995c29-6e2d-47b4-9a71-191910177051,"2024-10-19 02:52:10.031271+00:00",5000,2500.0000
a1995c29-6e2d-47b4-9a71-191910177051,"2024-10-19 03:31:27.171542+00:00",10000,3000.0000
a1995c29-6e2d-47b4-9a71-191910177051,"2024-10-20 04:48:12.556606+00:00",10000,4333.3333
a1995c29-6e2d-47b4-9a71-191910177051,"2024-10-21 04:25:30.899597+00:00",10000,4333.3333
a1995c29-6e2d-47b4-9a71-191910177051,"2024-10-23 08:16:10.790187+00:00",10000,5000.0000
a1a01382-b6b1-432f-a3ea-ac46663acaed,"2024-10-19 08:16:24.601414+00:00",4203,840.0000
a1a515e8-3f74-4690-b82e-8d08a396bb88,"2024-10-21 10:56:11.835592+00:00",1000,500.0000
a1bd24a6-15c8-45dd-ae28-21b71025c2c6,"2024-10-17 12:21:10.059658+00:00",1000,500.0000
a1bdd18c-703f-4fab-983c-50726c980388,"2024-10-21 12:04:36.686533+00:00",3000,1333.3333
a1bdd18c-703f-4fab-983c-50726c980388,"2024-10-21 13:26:42.995267+00:00",3000,1333.3333
a1bdd18c-703f-4fab-983c-50726c980388,"2024-10-23 03:10:11.902994+00:00",3000,500.0000
a1d9aa06-9888-4091-9319-4dca54eec83e,"2024-10-19 19:37:39.721620+00:00",3000,500.0000
a1e7673c-ab8d-4977-a5ca-2a1353cd217d,"2024-10-17 10:14:25.646969+00:00",3000,1000.0000
a1e9a596-2f83-42c8-b262-944497b61a87,"2024-10-23 07:17:48.958547+00:00",2500,500.0000
a20a1a7e-82c9-4d4f-acb0-f84726b375a0,"2024-10-17 07:31:16.834368+00:00",3000,500.0000
a219ca6a-1424-40a9-848b-53d5a2168ac6,"2024-10-21 12:26:44.363387+00:00",10000,4000.0000
a2227b79-c933-4c64-86bb-605e47c8aa5e,"2024-10-23 11:15:12.814158+00:00",10000,3000.0000
a233c31e-c594-4097-bf5f-ab1e354caea1,"2024-10-16 11:25:08.038384+00:00",5402,2701.0000
a233c31e-c594-4097-bf5f-ab1e354caea1,"2024-10-17 06:09:34.974413+00:00",5404,2701.3333
a233c31e-c594-4097-bf5f-ab1e354caea1,"2024-10-18 16:37:05.091597+00:00",5413,2706.0000
a233c31e-c594-4097-bf5f-ab1e354caea1,"2024-10-19 15:30:40.641995+00:00",5430,2715.0000
a233c31e-c594-4097-bf5f-ab1e354caea1,"2024-10-19 17:02:40.243774+00:00",8145,2896.0000
a233c31e-c594-4097-bf5f-ab1e354caea1,"2024-10-20 00:01:42.348855+00:00",13576,3801.0000
a233c31e-c594-4097-bf5f-ab1e354caea1,"2024-10-20 11:57:57.809121+00:00",5431,2715.0000
a233c31e-c594-4097-bf5f-ab1e354caea1,"2024-10-21 07:45:07.303190+00:00",13578,5431.0000
a2353201-7d7a-4763-bd04-f892b5cbc415,"2024-10-20 16:20:44.392536+00:00",1000,500.0000
a244781c-fdd6-4c2d-8602-c984a516570a,"2024-10-21 15:59:56.036972+00:00",8407,4203.0000
a259ab0c-2a68-46be-9fc0-250471f7fae3,"2024-10-17 10:14:25.646969+00:00",3000,1000.0000
a2729055-1ce3-431b-9ad2-f6faa38add14,"2024-10-19 15:51:41.689328+00:00",3000,500.0000
a29498e6-03de-434e-a89b-02b9855c95aa,"2024-10-21 02:57:11.392449+00:00",3000,500.0000
a2a3ad87-a401-49ff-8ca7-527378bfb8b5,"2024-10-20 00:51:31.557659+00:00",5000,2401.0000
a2a3ad87-a401-49ff-8ca7-527378bfb8b5,"2024-10-23 10:44:24.015816+00:00",25000,4333.3333
a2a8d28b-a7e5-4618-9940-b2445bff7ebc,"2024-10-20 17:08:23.168298+00:00",5000,2166.6667
a2a8d28b-a7e5-4618-9940-b2445bff7ebc,"2024-10-21 12:00:43.772790+00:00",5000,2333.3333
a2a8d28b-a7e5-4618-9940-b2445bff7ebc,"2024-10-21 13:00:50.110738+00:00",10000,3666.6667
a2a8d28b-a7e5-4618-9940-b2445bff7ebc,"2024-10-23 07:38:54.223517+00:00",10000,1000.0000
a2a8d28b-a7e5-4618-9940-b2445bff7ebc,"2024-10-23 07:40:45.385202+00:00",10000,4000.0000
a2c05564-d0d2-46eb-b563-e9b005642d9b,"2024-10-19 08:53:41.233912+00:00",3000,500.0000
a2ceb57f-0f95-4a37-be02-7a6f9b71da95,"2024-10-17 10:14:25.646969+00:00",3000,1000.0000
a2de5ca1-e143-4a27-bf05-552a66935d0a,"2024-10-23 11:15:12.814158+00:00",10000,3000.0000
a2e5a5a1-18f8-43a6-aa52-65fbdd1f0d4b,"2024-10-20 03:03:10.562412+00:00",10000,500.0000
a2edab6d-fc06-43a0-8402-c9ea20169e52,"2024-10-21 11:18:13.676629+00:00",3000,500.0000
a3424475-062e-4c10-bef1-891fca41e3c6,"2024-10-21 12:04:36.686533+00:00",3000,1333.3333
a3424475-062e-4c10-bef1-891fca41e3c6,"2024-10-21 13:26:42.995267+00:00",3000,1333.3333
a3424475-062e-4c10-bef1-891fca41e3c6,"2024-10-23 03:10:11.902994+00:00",3000,500.0000
a34fc550-d22e-40b2-8b14-bb5f706bbae9,"2024-10-21 04:32:10.950957+00:00",10000,500.0000
a3aed5c8-6d24-48cb-8cba-d991d2e6d99c,"2024-10-20 08:32:33.903591+00:00",10000,1750.0000
a3aed5c8-6d24-48cb-8cba-d991d2e6d99c,"2024-10-21 05:54:53.745078+00:00",10000,4500.0000
a3ba9d2c-a28d-42d1-bcec-f2d1f15eeaff,"2024-10-19 10:18:33.427249+00:00",3000,500.0000
a3bc2b1b-3b28-4d48-94ab-98d09e965323,"2024-10-19 03:33:13.651442+00:00",10000,500.0000
a3d72605-88a1-4382-8ebf-783563c91ca9,"2024-10-17 12:21:10.059658+00:00",1000,500.0000
a3ed7ea7-b00a-44b7-80cc-d4402873f02e,"2024-10-17 10:14:25.646969+00:00",3000,1000.0000
a3f6f62f-a6a1-4ae3-8b14-9456bf3581a4,"2024-10-17 03:33:28.708327+00:00",10000,500.0000
a409f86e-55f0-4be8-be8e-233c21cecbd0,"2024-10-23 10:54:14.288898+00:00",1000,500.0000
a429528d-5d2d-4f46-b97f-22bdb9404aba,"2024-10-21 18:01:13.448623+00:00",3000,840.0000
a42ac334-3530-4e4b-8a4e-d16431b559db,"2024-10-16 03:18:39.581004+00:00",10000,946.6667
a42ac334-3530-4e4b-8a4e-d16431b559db,"2024-10-16 03:19:13.281288+00:00",10000,3946.6667
a42ac334-3530-4e4b-8a4e-d16431b559db,"2024-10-16 06:57:35.048482+00:00",5000,893.3333
a42ac334-3530-4e4b-8a4e-d16431b559db,"2024-10-16 06:58:16.557501+00:00",5000,2280.0000
a42ac334-3530-4e4b-8a4e-d16431b559db,"2024-10-16 07:31:12.871165+00:00",10000,5000.0000
a42ac334-3530-4e4b-8a4e-d16431b559db,"2024-10-16 10:35:37.993369+00:00",10000,1000.0000
a42ac334-3530-4e4b-8a4e-d16431b559db,"2024-10-16 11:11:22.749188+00:00",10000,4000.0000
a42ac334-3530-4e4b-8a4e-d16431b559db,"2024-10-17 05:20:21.656585+00:00",10000,5000.0000
a42ac334-3530-4e4b-8a4e-d16431b559db,"2024-10-17 06:18:31.583205+00:00",10000,5000.0000
a42ac334-3530-4e4b-8a4e-d16431b559db,"2024-10-18 04:05:04.657319+00:00",10000,2500.0000
a42ac334-3530-4e4b-8a4e-d16431b559db,"2024-10-18 04:34:44.417656+00:00",10000,5000.0000
a42ac334-3530-4e4b-8a4e-d16431b559db,"2024-10-19 02:52:10.031271+00:00",5000,2500.0000
a42ac334-3530-4e4b-8a4e-d16431b559db,"2024-10-19 03:31:27.171542+00:00",10000,3000.0000
a42ac334-3530-4e4b-8a4e-d16431b559db,"2024-10-20 04:48:12.556606+00:00",10000,4333.3333
a42ac334-3530-4e4b-8a4e-d16431b559db,"2024-10-21 04:25:30.899597+00:00",10000,4333.3333
a42ac334-3530-4e4b-8a4e-d16431b559db,"2024-10-23 08:16:10.790187+00:00",10000,5000.0000
a42d378f-1c74-44f6-b859-9c3412e906ff,"2024-10-22 18:06:29.575715+00:00",3000,500.0000
a43b8b4c-29ac-4d55-a9e6-aa0785e1a9d4,"2024-10-23 11:15:12.814158+00:00",10000,3000.0000
a4656e0b-4f67-47ea-8a0c-436983b80997,"2024-10-17 06:39:40.970341+00:00",10000,1000.0000
a47024dc-80fd-4af1-a684-939063a67f9e,"2024-10-22 09:13:58.881462+00:00",1000,500.0000
a473d955-8408-4c55-acbc-00a978199c48,"2024-10-23 16:44:43.522469+00:00",5403,1084.0000
a47fcc6a-0920-4eee-a1e1-5585690d0089,"2024-10-18 01:13:33.583295+00:00",3000,500.0000
a49eb561-3eae-442e-8180-2f22a87d5456,"2024-10-22 11:10:47.893818+00:00",5000,1000.0000
a4a28132-1867-4729-8489-7ccc317ec9a5,"2024-10-21 13:26:50.639729+00:00",3000,500.0000
a4b451af-b7c2-4a29-a893-655b737a1348,"2024-10-23 10:54:14.288898+00:00",1000,500.0000
a4f18e39-f55f-4e52-bc1e-ae50ba809805,"2024-10-23 11:15:12.814158+00:00",10000,3000.0000
a4f6da28-afb2-4356-be61-433767308e50,"2024-10-17 10:14:25.646969+00:00",3000,1000.0000
a4f815f7-dc07-495f-9568-9ede4b800860,"2024-10-17 10:14:25.646969+00:00",3000,1000.0000
a4ff1203-aada-4e40-a692-bf329a962998,"2024-10-22 07:05:08.498764+00:00",3000,500.0000
a539ddc8-0ce7-4c19-9a82-31c5f0da3cdf,"2024-10-21 02:55:32.843006+00:00",10000,3000.0000
a5471fdf-8fb9-45cb-8ba1-ac7bab195615,"2024-10-23 11:15:12.814158+00:00",10000,3000.0000
a5885154-31a0-43ed-b321-9c03c1701c0d,"2024-10-17 10:14:25.646969+00:00",3000,1000.0000
a60b5144-95f9-4e29-b310-e86f42d3f26c,"2024-10-21 08:23:07.606025+00:00",10000,3000.0000
a62294e4-0cd7-4ff0-a65e-7d4fe5ff3589,"2024-10-16 03:18:39.581004+00:00",10000,946.6667
a62294e4-0cd7-4ff0-a65e-7d4fe5ff3589,"2024-10-16 03:19:13.281288+00:00",10000,3946.6667
a62294e4-0cd7-4ff0-a65e-7d4fe5ff3589,"2024-10-16 06:57:35.048482+00:00",5000,893.3333
a62294e4-0cd7-4ff0-a65e-7d4fe5ff3589,"2024-10-16 06:58:16.557501+00:00",5000,2280.0000
a62294e4-0cd7-4ff0-a65e-7d4fe5ff3589,"2024-10-16 07:31:12.871165+00:00",10000,5000.0000
a62294e4-0cd7-4ff0-a65e-7d4fe5ff3589,"2024-10-16 10:35:37.993369+00:00",10000,1000.0000
a62294e4-0cd7-4ff0-a65e-7d4fe5ff3589,"2024-10-16 11:11:22.749188+00:00",10000,4000.0000
a62294e4-0cd7-4ff0-a65e-7d4fe5ff3589,"2024-10-17 05:20:21.656585+00:00",10000,5000.0000
a62294e4-0cd7-4ff0-a65e-7d4fe5ff3589,"2024-10-17 06:18:31.583205+00:00",10000,5000.0000
a62294e4-0cd7-4ff0-a65e-7d4fe5ff3589,"2024-10-18 04:05:04.657319+00:00",10000,2500.0000
a62294e4-0cd7-4ff0-a65e-7d4fe5ff3589,"2024-10-18 04:34:44.417656+00:00",10000,5000.0000
a62294e4-0cd7-4ff0-a65e-7d4fe5ff3589,"2024-10-19 02:52:10.031271+00:00",5000,2500.0000
a62294e4-0cd7-4ff0-a65e-7d4fe5ff3589,"2024-10-19 03:31:27.171542+00:00",10000,3000.0000
a62294e4-0cd7-4ff0-a65e-7d4fe5ff3589,"2024-10-20 04:48:12.556606+00:00",10000,4333.3333
a62294e4-0cd7-4ff0-a65e-7d4fe5ff3589,"2024-10-21 04:25:30.899597+00:00",10000,4333.3333
a62294e4-0cd7-4ff0-a65e-7d4fe5ff3589,"2024-10-23 08:16:10.790187+00:00",10000,5000.0000
a630dac9-04c6-4eb9-8651-ad20b2ad78bd,"2024-10-21 06:12:38.831827+00:00",3000,500.0000
a630dac9-04c6-4eb9-8651-ad20b2ad78bd,"2024-10-22 01:18:25.236712+00:00",3000,1333.3333
a65f56f9-c998-43b9-996e-a7f63c5c7c55,"2024-10-17 04:00:27.764386+00:00",10000,3000.0000
a691143a-d928-439d-99da-6cf7c91f1749,"2024-10-19 01:59:45.119032+00:00",10861,3247.6667
a691143a-d928-439d-99da-6cf7c91f1749,"2024-10-20 12:17:01.525864+00:00",13578,3620.3333
a6944771-b485-4729-9782-b05570d5060e,"2024-10-18 05:45:08.629018+00:00",10000,5000.0000
a6c2c928-c1c8-48e1-8fbd-161870e14152,"2024-10-17 16:58:53.460288+00:00",1000,500.0000
a6c6cf31-3332-492f-96b4-8f0617485f4b,"2024-10-17 10:14:25.646969+00:00",3000,1000.0000
a6d0418f-f802-4af5-b7af-1753aa89f0c1,"2024-10-22 17:09:05.760338+00:00",10000,4333.3333
a6d13a40-f70d-45f1-88ce-32268a6fef20,"2024-10-17 10:14:25.646969+00:00",3000,1000.0000
a70bbb42-8546-4984-b119-2efe94be3273,"2024-10-16 03:18:39.581004+00:00",10000,946.6667
a70bbb42-8546-4984-b119-2efe94be3273,"2024-10-16 03:19:13.281288+00:00",10000,3946.6667
a70bbb42-8546-4984-b119-2efe94be3273,"2024-10-17 02:30:02.205219+00:00",5000,1000.0000
a70bbb42-8546-4984-b119-2efe94be3273,"2024-10-17 02:48:46.732334+00:00",5000,2333.3333
a70bbb42-8546-4984-b119-2efe94be3273,"2024-10-17 10:31:50.476208+00:00",10000,5000.0000
a70bbb42-8546-4984-b119-2efe94be3273,"2024-10-18 04:05:04.657319+00:00",10000,2500.0000
a70bbb42-8546-4984-b119-2efe94be3273,"2024-10-18 18:39:39.995511+00:00",10000,5000.0000
a70bbb42-8546-4984-b119-2efe94be3273,"2024-10-20 04:48:12.556606+00:00",10000,5000.0000
a723d3cc-982c-4290-8216-0977b90bd11b,"2024-10-21 09:27:25.307040+00:00",3000,500.0000
a7297a95-339a-40f3-88ea-a3cc6917585e,"2024-10-23 11:15:12.814158+00:00",10000,3000.0000
a733cf30-bfb7-45b9-a0d1-af05f26b8f54,"2024-10-23 10:54:14.288898+00:00",1000,500.0000
a73a77cd-cf1b-4c76-a4ca-a0ef47ab1f7f,"2024-10-22 17:04:32.663800+00:00",10000,3000.0000
a756e4a2-4bae-465b-9073-334791bdaf5b,"2024-10-23 14:31:00.929959+00:00",2500,1000.0000
a763c91d-1c73-4a67-9403-a06802553225,"2024-10-23 11:15:12.814158+00:00",10000,3000.0000
a77706e6-a591-4b30-b21d-959496a66ede,"2024-10-23 05:55:30.087054+00:00",3000,500.0000
a7b2cbcb-50c2-4491-8e62-6dfb965b982e,"2024-10-19 12:11:22.236406+00:00",8406,2101.0000
a7be42ae-a8c0-4a12-80b6-2a8e1206faed,"2024-10-21 02:55:07.248862+00:00",1000,500.0000
a7c76906-301f-4a8b-a62a-a998987fdab1,"2024-10-20 23:24:12.074923+00:00",4203,2101.0000
a7d6a055-74ee-44fe-94e0-3265661dd31b,"2024-10-21 12:54:13.745791+00:00",3000,1000.0000
a7d6a055-74ee-44fe-94e0-3265661dd31b,"2024-10-23 09:22:46.885148+00:00",5000,1666.6667
a80c2585-4a29-4f1b-a8a8-7c2263012461,"2024-10-17 10:50:25.475595+00:00",5000,1000.0000
a80c2585-4a29-4f1b-a8a8-7c2263012461,"2024-10-21 09:02:02.392154+00:00",5000,1000.0000
a84aba82-72a6-4a08-8314-b6a2b8d0fbfb,"2024-10-22 00:35:58.022276+00:00",2101,840.0000
a87af579-cb0d-4fea-9255-fa9f20afa45e,"2024-10-19 02:40:58.691585+00:00",1000,500.0000
a87f2bbf-0456-49bf-8e4b-07aa33399512,"2024-10-21 07:38:32.816580+00:00",1000,500.0000
a89196d7-bc28-4129-b6ab-07096672e74f,"2024-10-17 10:14:25.646969+00:00",3000,1000.0000
a8bd1aca-0862-4ffe-9777-e4c4b6fb3fa7,"2024-10-21 02:57:11.392449+00:00",3000,500.0000
a8c44935-7bdb-4732-9d35-beaa2aa0fdc6,"2024-10-16 03:18:39.581004+00:00",10000,946.6667
a8c44935-7bdb-4732-9d35-beaa2aa0fdc6,"2024-10-16 03:19:13.281288+00:00",10000,3946.6667
a8c44935-7bdb-4732-9d35-beaa2aa0fdc6,"2024-10-16 06:57:35.048482+00:00",5000,893.3333
a8c44935-7bdb-4732-9d35-beaa2aa0fdc6,"2024-10-16 06:58:16.557501+00:00",5000,2280.0000
a8c44935-7bdb-4732-9d35-beaa2aa0fdc6,"2024-10-16 07:31:12.871165+00:00",10000,5000.0000
a8c44935-7bdb-4732-9d35-beaa2aa0fdc6,"2024-10-16 10:35:37.993369+00:00",10000,1000.0000
a8c44935-7bdb-4732-9d35-beaa2aa0fdc6,"2024-10-16 11:11:22.749188+00:00",10000,4000.0000
a8c44935-7bdb-4732-9d35-beaa2aa0fdc6,"2024-10-17 05:20:21.656585+00:00",10000,5000.0000
a8c44935-7bdb-4732-9d35-beaa2aa0fdc6,"2024-10-17 06:18:31.583205+00:00",10000,5000.0000
a8c44935-7bdb-4732-9d35-beaa2aa0fdc6,"2024-10-18 04:05:04.657319+00:00",10000,2500.0000
a8c44935-7bdb-4732-9d35-beaa2aa0fdc6,"2024-10-18 04:34:44.417656+00:00",10000,5000.0000
a8c44935-7bdb-4732-9d35-beaa2aa0fdc6,"2024-10-19 02:52:10.031271+00:00",5000,2500.0000
a8c44935-7bdb-4732-9d35-beaa2aa0fdc6,"2024-10-19 03:31:27.171542+00:00",10000,3000.0000
a8c44935-7bdb-4732-9d35-beaa2aa0fdc6,"2024-10-20 04:48:12.556606+00:00",10000,4333.3333
a8c44935-7bdb-4732-9d35-beaa2aa0fdc6,"2024-10-21 04:25:30.899597+00:00",10000,4333.3333
a8c44935-7bdb-4732-9d35-beaa2aa0fdc6,"2024-10-23 08:16:10.790187+00:00",10000,5000.0000
a8d5b637-a6d6-4c28-8d79-08a2881e9e68,"2024-10-23 11:15:12.814158+00:00",10000,3000.0000
a8dcd2a4-b020-4e22-9aae-6c067fd201c2,"2024-10-22 17:09:05.760338+00:00",10000,4333.3333
a8df0df5-8544-4adc-894c-e27571f49e3f,"2024-10-20 17:08:23.168298+00:00",5000,2166.6667
a8df0df5-8544-4adc-894c-e27571f49e3f,"2024-10-21 12:00:43.772790+00:00",5000,2333.3333
a8df0df5-8544-4adc-894c-e27571f49e3f,"2024-10-21 13:00:50.110738+00:00",10000,3666.6667
a8df0df5-8544-4adc-894c-e27571f49e3f,"2024-10-23 07:38:54.223517+00:00",10000,1000.0000
a8df0df5-8544-4adc-894c-e27571f49e3f,"2024-10-23 07:40:45.385202+00:00",10000,4000.0000
a8e9fe14-4d5e-47ba-a1a2-0bfb7cacbdc6,"2024-10-17 10:14:25.646969+00:00",3000,1000.0000
a9011a53-81b4-43c5-b47b-918e61a7d25e,"2024-10-20 06:07:08.904674+00:00",3000,500.0000
a9086d53-8004-44f8-b4f7-24afb167da9d,"2024-10-23 08:47:36.913906+00:00",3000,500.0000
a978599c-131a-4e22-9ecd-d2c7f6af0732,"2024-10-19 07:29:20.444732+00:00",1000,500.0000
a97e65f5-b78d-4805-9b45-84414db11204,"2024-10-22 17:30:25.939157+00:00",1000,500.0000
a9c17a3d-a5ea-4d20-9db7-3ad422750ad3,"2024-10-20 00:51:31.557659+00:00",5000,2401.0000
a9c17a3d-a5ea-4d20-9db7-3ad422750ad3,"2024-10-23 10:44:24.015816+00:00",25000,4333.3333
a9c560d1-b1ca-4b01-a905-519cbe1df3dc,"2024-10-17 10:14:25.646969+00:00",3000,1000.0000
a9fa8543-3b47-45a9-8ff4-f13a1550be4b,"2024-10-22 08:40:23.948962+00:00",3000,500.0000
aa0f27bc-9dce-40d5-a9f3-5840b8291f7c,"2024-10-21 12:54:13.745791+00:00",3000,1000.0000
aa0f27bc-9dce-40d5-a9f3-5840b8291f7c,"2024-10-23 09:22:46.885148+00:00",5000,1666.6667
aa1258e3-ed7d-4c77-bb97-4fbd238f9ac3,"2024-10-21 02:57:11.392449+00:00",3000,500.0000
aa14e9a1-70d3-4e87-bb19-3c9cb90a91cc,"2024-10-16 03:18:39.581004+00:00",10000,946.6667
aa14e9a1-70d3-4e87-bb19-3c9cb90a91cc,"2024-10-16 03:19:13.281288+00:00",10000,3946.6667
aa14e9a1-70d3-4e87-bb19-3c9cb90a91cc,"2024-10-16 06:57:35.048482+00:00",5000,893.3333
aa14e9a1-70d3-4e87-bb19-3c9cb90a91cc,"2024-10-16 06:58:16.557501+00:00",5000,2280.0000
aa14e9a1-70d3-4e87-bb19-3c9cb90a91cc,"2024-10-16 07:31:12.871165+00:00",10000,5000.0000
aa14e9a1-70d3-4e87-bb19-3c9cb90a91cc,"2024-10-16 10:35:37.993369+00:00",10000,1000.0000
aa14e9a1-70d3-4e87-bb19-3c9cb90a91cc,"2024-10-16 11:11:22.749188+00:00",10000,4000.0000
aa14e9a1-70d3-4e87-bb19-3c9cb90a91cc,"2024-10-17 05:20:21.656585+00:00",10000,5000.0000
aa14e9a1-70d3-4e87-bb19-3c9cb90a91cc,"2024-10-17 06:18:31.583205+00:00",10000,5000.0000
aa14e9a1-70d3-4e87-bb19-3c9cb90a91cc,"2024-10-18 04:05:04.657319+00:00",10000,2500.0000
aa14e9a1-70d3-4e87-bb19-3c9cb90a91cc,"2024-10-18 04:34:44.417656+00:00",10000,5000.0000
aa14e9a1-70d3-4e87-bb19-3c9cb90a91cc,"2024-10-19 02:52:10.031271+00:00",5000,2500.0000
aa14e9a1-70d3-4e87-bb19-3c9cb90a91cc,"2024-10-19 03:31:27.171542+00:00",10000,3000.0000
aa14e9a1-70d3-4e87-bb19-3c9cb90a91cc,"2024-10-20 04:48:12.556606+00:00",10000,4333.3333
aa14e9a1-70d3-4e87-bb19-3c9cb90a91cc,"2024-10-21 04:25:30.899597+00:00",10000,4333.3333
aa14e9a1-70d3-4e87-bb19-3c9cb90a91cc,"2024-10-23 08:16:10.790187+00:00",10000,5000.0000
aa1c566b-0681-4947-9aa8-a76b8f31cd4e,"2024-10-17 10:14:25.646969+00:00",3000,1000.0000
aa40d566-1a44-4519-900f-e417d4be633c,"2024-10-23 11:15:12.814158+00:00",10000,3000.0000
aa7cac92-b58e-47da-a38b-63be90142901,"2024-10-23 11:15:12.814158+00:00",10000,3000.0000
aaae8414-58fb-48d7-a49d-670421978cb8,"2024-10-17 03:58:38.166779+00:00",5000,500.0000
aacf10b2-00e4-4749-b8e4-0f3594a74621,"2024-10-22 09:43:07.353334+00:00",3000,500.0000
aad986c0-33b8-46c6-b039-31edb22fb973,"2024-10-21 01:13:49.716992+00:00",2500,1000.0000
ab526d72-0752-40b2-827c-3015a6fcee0b,"2024-10-18 03:49:24.129399+00:00",1000,500.0000
ab870ad3-f77b-4aaf-91a4-473bec61b51d,"2024-10-18 13:06:57.988686+00:00",10000,3000.0000
abae7f95-d1bb-43b4-a362-d22f335d3187,"2024-10-20 22:02:18.230225+00:00",5000,500.0000
abbdf397-94d2-45f7-a1aa-0f182b2c8b4a,"2024-10-18 13:09:38.956537+00:00",10000,5000.0000
abcff29a-882d-4013-85c7-c7b1f675f961,"2024-10-20 05:25:51.858506+00:00",1000,500.0000
abd355c8-2033-453b-a7cf-4c2116f368d5,"2024-10-21 06:35:54.992117+00:00",3000,500.0000
abd85654-a1bb-44d6-bf1d-18970a8225e7,"2024-10-17 10:14:25.646969+00:00",3000,1000.0000
abfdb65c-549a-4ea3-8220-3b41e6664710,"2024-10-21 11:15:49.229473+00:00",3000,500.0000
ac1340d3-97ab-4721-9c13-c89b834a068a,"2024-10-23 01:01:20.254211+00:00",25000,10000.0000
ac141306-ae8e-4714-a658-15fa0332c1ef,"2024-10-17 10:14:25.646969+00:00",3000,1000.0000
ac350ca1-b21b-4b8e-ab41-cd2ce54c1f43,"2024-10-18 02:59:21.034810+00:00",50000,10000.0000
ac46b161-5fe6-4cca-96c3-e81cd06e8931,"2024-10-21 12:54:13.745791+00:00",3000,1000.0000
ac46b161-5fe6-4cca-96c3-e81cd06e8931,"2024-10-23 09:22:46.885148+00:00",5000,1666.6667
ac4e4d76-6ef7-4c0a-ae1d-b7327b51502f,"2024-10-21 12:54:13.745791+00:00",3000,1000.0000
ac4e4d76-6ef7-4c0a-ae1d-b7327b51502f,"2024-10-23 09:22:46.885148+00:00",5000,1666.6667
ac50a5ef-628a-4bc7-ae2c-f0e3f4d65ce6,"2024-10-21 08:07:16.105577+00:00",1000,500.0000
ac5445b5-0d7c-49d2-ab10-0313048152d7,"2024-10-23 11:15:12.814158+00:00",10000,3000.0000
ac58b072-2a7f-400a-b92f-84aabdd1d071,"2024-10-17 20:47:54.780142+00:00",5000,500.0000
ac6ec24f-ddd8-42de-92e7-9c56acb72446,"2024-10-17 10:14:25.646969+00:00",3000,1000.0000
ac700d11-5b88-4dcf-ac9c-56cd3e061b6e,"2024-10-20 11:39:26.024696+00:00",3000,500.0000
ac9aaf50-7e2c-4129-92de-e484cacf03e6,"2024-10-21 08:41:35.806763+00:00",3000,500.0000
acbde099-9459-4853-8726-f206acb10210,"2024-10-20 11:57:57.809121+00:00",5431,2715.0000
acbde099-9459-4853-8726-f206acb10210,"2024-10-21 07:45:07.303190+00:00",13578,4525.6667
acbde099-9459-4853-8726-f206acb10210,"2024-10-22 09:26:26.040440+00:00",13552,2713.3333
acbde099-9459-4853-8726-f206acb10210,"2024-10-22 09:27:23.608328+00:00",13552,6325.6667
accd85f7-df5f-418f-ad31-69c7278acfa9,"2024-10-23 11:15:12.814158+00:00",10000,3000.0000
acd1e6b3-ad3c-4e92-b70a-137a710c7667,"2024-10-19 07:14:25.347169+00:00",3000,500.0000
aceadad8-c792-4d59-b35e-4835c41bf87a,"2024-10-22 17:09:05.760338+00:00",10000,4333.3333
ad02ca6e-1470-4816-a33b-53fcbcef9597,"2024-10-19 03:31:27.171542+00:00",10000,920.0000
ad0914af-859b-4b48-9c99-5f54508a2170,"2024-10-21 12:54:13.745791+00:00",3000,1000.0000
ad0914af-859b-4b48-9c99-5f54508a2170,"2024-10-23 09:22:46.885148+00:00",5000,1666.6667
ad1f0ead-3d83-46e0-9de5-7036636055c5,"2024-10-18 03:39:15.334699+00:00",3000,500.0000
ad38859b-6cc0-4e5c-9527-43191cc69b03,"2024-10-18 09:16:23.203226+00:00",1000,500.0000
ad5dfe8e-5164-4928-9041-92735b1ef882,"2024-10-23 03:06:48.233811+00:00",5000,500.0000
ad721262-e98e-4005-8d33-0b67551bde85,"2024-10-16 03:18:39.581004+00:00",10000,946.6667
ad721262-e98e-4005-8d33-0b67551bde85,"2024-10-16 03:19:13.281288+00:00",10000,3946.6667
ad721262-e98e-4005-8d33-0b67551bde85,"2024-10-16 06:57:35.048482+00:00",5000,893.3333
ad721262-e98e-4005-8d33-0b67551bde85,"2024-10-16 06:58:16.557501+00:00",5000,2280.0000
ad721262-e98e-4005-8d33-0b67551bde85,"2024-10-16 07:31:12.871165+00:00",10000,5000.0000
ad721262-e98e-4005-8d33-0b67551bde85,"2024-10-16 10:35:37.993369+00:00",10000,1000.0000
ad721262-e98e-4005-8d33-0b67551bde85,"2024-10-16 11:11:22.749188+00:00",10000,4000.0000
ad721262-e98e-4005-8d33-0b67551bde85,"2024-10-17 05:20:21.656585+00:00",10000,5000.0000
ad721262-e98e-4005-8d33-0b67551bde85,"2024-10-17 06:18:31.583205+00:00",10000,5000.0000
ad721262-e98e-4005-8d33-0b67551bde85,"2024-10-18 04:05:04.657319+00:00",10000,2500.0000
ad721262-e98e-4005-8d33-0b67551bde85,"2024-10-18 04:34:44.417656+00:00",10000,5000.0000
ad721262-e98e-4005-8d33-0b67551bde85,"2024-10-19 02:52:10.031271+00:00",5000,2500.0000
ad721262-e98e-4005-8d33-0b67551bde85,"2024-10-19 03:31:27.171542+00:00",10000,3000.0000
ad721262-e98e-4005-8d33-0b67551bde85,"2024-10-20 04:48:12.556606+00:00",10000,4333.3333
ad721262-e98e-4005-8d33-0b67551bde85,"2024-10-21 04:25:30.899597+00:00",10000,4333.3333
ad721262-e98e-4005-8d33-0b67551bde85,"2024-10-23 08:16:10.790187+00:00",10000,5000.0000
ad829ad6-e83c-46cf-9081-a6c21b18433b,"2024-10-19 02:37:10.466472+00:00",1000,500.0000
adf1b5dd-848f-495a-ba42-1f3e1bb67044,"2024-10-23 14:58:55.561070+00:00",1681,500.0000
ae17af10-9822-4789-a884-93d3096cbc5a,"2024-10-17 10:14:25.646969+00:00",3000,1000.0000
ae2a7642-008b-4551-976f-dd3eff1bc068,"2024-10-20 03:39:20.977226+00:00",10000,500.0000
ae2f5c4c-5253-4b83-8008-3ff60a53782b,"2024-10-19 05:27:48.093725+00:00",3000,500.0000
ae4aff5a-577e-4c1b-a8d1-ac369c3bf862,"2024-10-22 17:09:05.760338+00:00",10000,4333.3333
ae54d4b2-97de-4c00-a2f6-e3f93a954ea2,"2024-10-17 10:14:25.646969+00:00",3000,1000.0000
ae6dba70-0df3-4d05-ad80-0ffe0aa117a0,"2024-10-17 10:14:25.646969+00:00",3000,1000.0000
aea7d191-2884-46f0-8994-66572d320dba,"2024-10-20 13:23:00.253229+00:00",1000,500.0000
aee6c24f-fe0d-477d-9b1d-5292a18e095c,"2024-10-17 10:14:25.646969+00:00",3000,1000.0000
af001b4d-01b7-49c7-96a2-17fe97a2b823,"2024-10-21 02:57:11.392449+00:00",3000,500.0000
af0f8f20-8f56-4ea2-92b5-dc5c1122a7fc,"2024-10-22 17:09:05.760338+00:00",10000,4333.3333
af25447b-2ab3-4e60-88b3-550645852124,"2024-10-18 09:11:38.251229+00:00",3000,500.0000
af2c2c3d-0c0b-48da-b78b-7bc0db304f4d,"2024-10-17 10:14:25.646969+00:00",3000,1000.0000
af2cf17a-5500-43cc-9d56-21c6110de3c6,"2024-10-17 10:14:25.646969+00:00",3000,1000.0000
af6431be-c380-433f-acbf-52ea9c5ec2c5,"2024-10-16 03:18:39.581004+00:00",10000,946.6667
af6431be-c380-433f-acbf-52ea9c5ec2c5,"2024-10-16 03:19:13.281288+00:00",10000,3946.6667
af6431be-c380-433f-acbf-52ea9c5ec2c5,"2024-10-16 06:57:35.048482+00:00",5000,893.3333
af6431be-c380-433f-acbf-52ea9c5ec2c5,"2024-10-16 06:58:16.557501+00:00",5000,2280.0000
af6431be-c380-433f-acbf-52ea9c5ec2c5,"2024-10-16 07:31:12.871165+00:00",10000,5000.0000
af6431be-c380-433f-acbf-52ea9c5ec2c5,"2024-10-16 10:35:37.993369+00:00",10000,1000.0000
af6431be-c380-433f-acbf-52ea9c5ec2c5,"2024-10-16 11:11:22.749188+00:00",10000,4000.0000
af6431be-c380-433f-acbf-52ea9c5ec2c5,"2024-10-17 05:20:21.656585+00:00",10000,5000.0000
af6431be-c380-433f-acbf-52ea9c5ec2c5,"2024-10-17 06:18:31.583205+00:00",10000,5000.0000
af6431be-c380-433f-acbf-52ea9c5ec2c5,"2024-10-18 04:05:04.657319+00:00",10000,2500.0000
af6431be-c380-433f-acbf-52ea9c5ec2c5,"2024-10-18 04:34:44.417656+00:00",10000,5000.0000
af6431be-c380-433f-acbf-52ea9c5ec2c5,"2024-10-19 02:52:10.031271+00:00",5000,2500.0000
af6431be-c380-433f-acbf-52ea9c5ec2c5,"2024-10-19 03:31:27.171542+00:00",10000,3000.0000
af6431be-c380-433f-acbf-52ea9c5ec2c5,"2024-10-20 04:48:12.556606+00:00",10000,4333.3333
af6431be-c380-433f-acbf-52ea9c5ec2c5,"2024-10-21 04:25:30.899597+00:00",10000,4333.3333
af6431be-c380-433f-acbf-52ea9c5ec2c5,"2024-10-23 08:16:10.790187+00:00",10000,5000.0000
af72a1bc-59ad-4044-936b-ffd5aa1f777e,"2024-10-22 03:53:16.152807+00:00",3000,500.0000
af98c804-fd78-4cfa-8b48-a043d5adf905,"2024-10-23 11:15:12.814158+00:00",10000,3000.0000
afd48a90-dddb-4598-85bf-cd8cee358958,"2024-10-23 08:34:27.679909+00:00",3000,500.0000
affb1e4f-d8d7-4b5a-a155-8d8e049142c4,"2024-10-22 01:27:52.888272+00:00",3000,500.0000
b0102003-07a6-47f9-882d-0b708925e445,"2024-10-20 00:51:31.557659+00:00",5000,2401.0000
b0102003-07a6-47f9-882d-0b708925e445,"2024-10-23 10:44:24.015816+00:00",25000,4333.3333
b013f7b4-9b39-4200-a139-fd4ae5d42060,"2024-10-20 02:43:35.379913+00:00",1000,500.0000
b017484d-39c0-4bea-b3e5-ce31e1d1d31c,"2024-10-20 20:03:22.388418+00:00",5000,500.0000
b021a4f8-e4a4-4a6c-bf28-b2550178c255,"2024-10-23 04:33:06.590183+00:00",1000,500.0000
b03708f9-fdd2-4b85-91e8-3527f36aa21b,"2024-10-21 14:53:04.174515+00:00",3000,500.0000
b040bcdf-22f6-41d7-828f-fcc4ab485f73,"2024-10-23 11:15:12.814158+00:00",10000,3000.0000
b0551a81-83a6-4f9e-bb40-f757b0fa7dc7,"2024-10-23 11:56:58.877970+00:00",2701,1084.0000
b0551a81-83a6-4f9e-bb40-f757b0fa7dc7,"2024-10-23 16:44:43.522469+00:00",5403,2701.0000
b074373d-e276-4b8f-9a18-288dc22892b4,"2024-10-17 12:21:10.059658+00:00",1000,500.0000
b09e67b7-b860-4416-ab5c-6ba24455179f,"2024-10-19 09:11:34.253185+00:00",3000,500.0000
b0b75795-23db-4317-8419-b0409d717f1b,"2024-10-21 10:43:54.525237+00:00",10000,500.0000
b0be3802-932a-47ac-a20c-275145dbf2de,"2024-10-19 06:37:43.890848+00:00",10000,1000.0000
b0efd6a2-7e01-450d-bb36-5535895bdc9f,"2024-10-19 19:24:37.542592+00:00",5000,1000.0000
b0fae152-6488-4b4c-afef-bf374113e6b7,"2024-10-23 03:03:27.882180+00:00",3000,500.0000
b0ff9bc3-67f3-4bdd-ae58-3a1a22d5d56b,"2024-10-21 12:54:13.745791+00:00",3000,1000.0000
b0ff9bc3-67f3-4bdd-ae58-3a1a22d5d56b,"2024-10-23 09:22:46.885148+00:00",5000,1666.6667
b10c56bc-b978-4263-beb0-661e864b016f,"2024-10-20 08:07:32.042170+00:00",2500,500.0000
b1164e4b-bad3-422b-8f43-2f5a0058e91d,"2024-10-19 05:00:59.788832+00:00",3000,500.0000
b127db55-0b20-4329-ae32-786c6735b577,"2024-10-21 02:00:40.341795+00:00",5000,833.3333
b1286774-35c3-4022-8ea9-0055342ad8a9,"2024-10-22 06:26:28.392127+00:00",3000,500.0000
b143c0b1-a7eb-4121-8005-cbad9e45479e,"2024-10-23 11:15:12.814158+00:00",10000,3000.0000
b14b7f25-c78a-4fdb-aaff-584dadb1c86f,"2024-10-19 05:30:24.759746+00:00",2920,1460.0000
b1dd4125-6952-40f4-85b2-8f9a180029bf,"2024-10-17 10:14:25.646969+00:00",3000,1000.0000
b1eba368-90c2-4543-8242-ac9a1ac1820e,"2024-10-17 10:14:25.646969+00:00",3000,1000.0000
b1fce2b2-a19e-4b44-bb2c-357d3ed1444b,"2024-10-16 03:18:39.581004+00:00",10000,946.6667
b1fce2b2-a19e-4b44-bb2c-357d3ed1444b,"2024-10-16 03:19:13.281288+00:00",10000,3946.6667
b1fce2b2-a19e-4b44-bb2c-357d3ed1444b,"2024-10-16 06:57:35.048482+00:00",5000,893.3333
b1fce2b2-a19e-4b44-bb2c-357d3ed1444b,"2024-10-16 06:58:16.557501+00:00",5000,2280.0000
b1fce2b2-a19e-4b44-bb2c-357d3ed1444b,"2024-10-16 07:31:12.871165+00:00",10000,5000.0000
b1fce2b2-a19e-4b44-bb2c-357d3ed1444b,"2024-10-16 10:35:37.993369+00:00",10000,1000.0000
b1fce2b2-a19e-4b44-bb2c-357d3ed1444b,"2024-10-16 11:11:22.749188+00:00",10000,4000.0000
b1fce2b2-a19e-4b44-bb2c-357d3ed1444b,"2024-10-17 05:20:21.656585+00:00",10000,5000.0000
b1fce2b2-a19e-4b44-bb2c-357d3ed1444b,"2024-10-17 06:18:31.583205+00:00",10000,5000.0000
b1fce2b2-a19e-4b44-bb2c-357d3ed1444b,"2024-10-18 04:05:04.657319+00:00",10000,2500.0000
b1fce2b2-a19e-4b44-bb2c-357d3ed1444b,"2024-10-18 04:34:44.417656+00:00",10000,5000.0000
b1fce2b2-a19e-4b44-bb2c-357d3ed1444b,"2024-10-19 02:52:10.031271+00:00",5000,2500.0000
b1fce2b2-a19e-4b44-bb2c-357d3ed1444b,"2024-10-19 03:31:27.171542+00:00",10000,3000.0000
b1fce2b2-a19e-4b44-bb2c-357d3ed1444b,"2024-10-20 04:48:12.556606+00:00",10000,4333.3333
b1fce2b2-a19e-4b44-bb2c-357d3ed1444b,"2024-10-21 04:25:30.899597+00:00",10000,4333.3333
b1fce2b2-a19e-4b44-bb2c-357d3ed1444b,"2024-10-23 08:16:10.790187+00:00",10000,5000.0000
b213fda3-598f-4952-bceb-f6db7d013153,"2024-10-21 13:44:58.404122+00:00",5000,500.0000
b2175459-e78a-4b90-9bd9-68dae53dd6fd,"2024-10-23 11:15:12.814158+00:00",10000,3000.0000
b246e702-6063-481d-946b-805d772a7100,"2024-10-19 16:49:54.592829+00:00",1000,500.0000
b26429b6-7289-469b-849e-57db6b2b51d5,"2024-10-23 11:15:12.814158+00:00",10000,3000.0000
b26643b0-22e4-4437-ac8d-54ced3bc8d80,"2024-10-22 15:02:12.905509+00:00",5000,1333.3333
b26a0800-e464-4cf9-a55f-3ff9e9b7f553,"2024-10-23 11:15:12.814158+00:00",10000,3000.0000
b285520b-2fc8-45bc-bf87-735599489afb,"2024-10-17 12:21:10.059658+00:00",1000,500.0000
b2ba6695-dc8a-4314-8478-91dbbd05fdb8,"2024-10-18 05:43:42.418012+00:00",5000,500.0000
b2cfb306-36bb-47c6-9c15-107a76456aa2,"2024-10-17 10:14:25.646969+00:00",3000,1000.0000
b2dcf6c1-e09f-45bb-9632-0f3865ff83b6,"2024-10-17 10:14:25.646969+00:00",3000,1000.0000
b2ecf144-e057-47bc-9985-5fef768663e8,"2024-10-21 11:57:39.740171+00:00",5000,2166.6667
b2f0e04a-e4b4-4c29-a89e-f370f64660c0,"2024-10-17 10:14:25.646969+00:00",3000,1000.0000
b2f8476a-40aa-41a6-ba31-20f5f6d70ff2,"2024-10-20 10:12:00.028601+00:00",3000,500.0000
b341f2d1-6d78-47aa-8319-bc65e33aa600,"2024-10-17 10:14:25.646969+00:00",3000,1000.0000
b385a1a9-f7f8-433e-936a-75dc46128d8a,"2024-10-21 15:27:36.236784+00:00",1000,500.0000
b3a1dfce-004a-474b-b964-30f9a80d66be,"2024-10-23 10:54:14.288898+00:00",1000,500.0000
b3db9af9-6dc9-4a26-b9ae-5edbafa1609e,"2024-10-17 10:14:25.646969+00:00",3000,1000.0000
b3e336a3-163d-4aac-8573-bccad17efe32,"2024-10-22 19:26:48.882258+00:00",3000,500.0000
b404db00-be4b-4582-9486-26a117619f8b,"2024-10-18 14:17:17.951840+00:00",2101,840.0000
b41034fc-277c-4c76-a707-2415995caea6,"2024-10-17 10:14:25.646969+00:00",3000,1000.0000
b4399e3a-4116-4fc9-9c4b-4c014a2593fb,"2024-10-21 12:26:44.363387+00:00",10000,4000.0000
b444b885-d43f-4f81-8c6a-894019119af2,"2024-10-23 20:56:15.145024+00:00",3000,500.0000
b45d75f2-c653-4196-9d94-a9da83ffca1b,"2024-10-17 06:21:43.184442+00:00",10000,5000.0000
b47bccee-1a95-4799-b8af-9ec1bdc0fc19,"2024-10-17 10:14:25.646969+00:00",3000,1000.0000
b48aae78-1259-4a67-a0ae-cf013b0be2c7,"2024-10-17 07:36:19.710198+00:00",3000,1000.0000
b4b7d6de-3ae9-4ace-846f-bd975a706f9a,"2024-10-19 06:37:43.890848+00:00",10000,1000.0000
b4cd384c-a8f5-4cb3-8f55-9d9afaab684b,"2024-10-20 19:08:34.640031+00:00",1681,840.0000
b4d0338c-f339-40d4-8796-9ab6268970c6,"2024-10-22 17:09:05.760338+00:00",10000,4333.3333
b4d8d53b-96e6-4f9a-9133-f29d2bf8dcfb,"2024-10-17 10:14:25.646969+00:00",3000,1000.0000
b4db088a-b74d-4ec0-ae0a-5a4bc5fb4e69,"2024-10-19 07:23:34.712917+00:00",5000,1666.6667
b4e9c9fa-95a4-4017-ac49-6e5d0e5fb48a,"2024-10-22 01:44:40.833127+00:00",10000,500.0000
b4faa8b3-9396-4a71-a1ca-25853af9e99c,"2024-10-19 17:26:01.341714+00:00",1000,500.0000
b52d4c56-9056-45a6-9953-8fa791baeb26,"2024-10-19 15:06:46.012415+00:00",25000,10000.0000
b52f8e3a-db79-4cee-a538-6759510e9616,"2024-10-19 12:07:06.209475+00:00",3000,500.0000
b54e6524-66e8-4e27-8a1d-c2b6b8053651,"2024-10-19 19:30:46.751184+00:00",3000,1333.3333
b54e6524-66e8-4e27-8a1d-c2b6b8053651,"2024-10-19 19:33:57.405146+00:00",3000,1333.3333
b54e6524-66e8-4e27-8a1d-c2b6b8053651,"2024-10-22 16:49:52.449155+00:00",3000,1333.3333
b54e6524-66e8-4e27-8a1d-c2b6b8053651,"2024-10-23 03:53:42.805465+00:00",3000,500.0000
b54e6524-66e8-4e27-8a1d-c2b6b8053651,"2024-10-23 04:39:28.723228+00:00",3000,1333.3333
b58611fe-aebb-4f74-8015-8c64d8015138,"2024-10-16 11:25:08.038384+00:00",5402,2701.0000
b58611fe-aebb-4f74-8015-8c64d8015138,"2024-10-17 06:09:34.974413+00:00",5404,2701.3333
b58611fe-aebb-4f74-8015-8c64d8015138,"2024-10-18 16:37:05.091597+00:00",5413,2706.0000
b58611fe-aebb-4f74-8015-8c64d8015138,"2024-10-19 15:30:40.641995+00:00",5430,2715.0000
b58611fe-aebb-4f74-8015-8c64d8015138,"2024-10-19 17:02:40.243774+00:00",8145,3620.0000
b58611fe-aebb-4f74-8015-8c64d8015138,"2024-10-20 00:01:42.348855+00:00",13576,3620.0000
b58611fe-aebb-4f74-8015-8c64d8015138,"2024-10-20 10:32:17.167682+00:00",13578,4525.6667
b58611fe-aebb-4f74-8015-8c64d8015138,"2024-10-20 11:57:57.809121+00:00",5431,2715.0000
b58611fe-aebb-4f74-8015-8c64d8015138,"2024-10-21 00:01:17.777830+00:00",13578,3620.3333
b58611fe-aebb-4f74-8015-8c64d8015138,"2024-10-21 07:45:07.303190+00:00",13578,5431.0000
b5874e8f-4e88-4671-ab9b-4382c7442e91,"2024-10-17 10:14:25.646969+00:00",3000,1000.0000
b59ad1b9-1450-4ecf-8cd1-7ca0f05bc661,"2024-10-17 10:14:25.646969+00:00",3000,1000.0000
b5af6d9a-2a25-4d4d-8cc8-b29bd0fe8133,"2024-10-19 19:24:37.542592+00:00",5000,1000.0000
b5bfea2a-f2d2-4dc3-b7dd-adf8f9283d4f,"2024-10-21 16:32:06.468309+00:00",3000,500.0000
b5e59564-a2de-48a2-9b92-d4f7930971a0,"2024-10-21 15:25:42.183125+00:00",25000,5000.0000
b612883f-f6bd-43d3-b0d9-8e5ee95d189c,"2024-10-17 16:58:53.460288+00:00",1000,500.0000
b63524ab-ac26-4fb0-9eda-a1172fa39e77,"2024-10-18 02:02:13.320055+00:00",25000,5000.0000
b64ccac8-7a77-486b-9dff-ba83e50e95d6,"2024-10-22 17:09:05.760338+00:00",10000,4333.3333
b651c96a-5279-48c3-b51c-1db497f8f48a,"2024-10-21 12:54:13.745791+00:00",3000,1000.0000
b651c96a-5279-48c3-b51c-1db497f8f48a,"2024-10-23 09:22:46.885148+00:00",5000,1666.6667
b652729e-1432-4440-879e-da5a4731e682,"2024-10-21 12:54:13.745791+00:00",3000,1000.0000
b652729e-1432-4440-879e-da5a4731e682,"2024-10-23 09:22:46.885148+00:00",5000,1666.6667
b6733a03-09eb-4dc5-90af-b270de75b142,"2024-10-23 11:15:12.814158+00:00",10000,3000.0000
b682004f-f1ad-45a1-a085-4c77b9a7e4c3,"2024-10-23 15:52:35.005531+00:00",1000,500.0000
b690d628-2996-4813-9cf9-1b25239cdf37,"2024-10-20 06:07:08.904674+00:00",3000,500.0000
b6953b60-2f7b-4fc2-bf8d-a97c7d5be646,"2024-10-23 11:15:12.814158+00:00",10000,3000.0000
b6bf243e-3887-4b4c-a165-4e0dbc8ba170,"2024-10-20 04:51:14.327085+00:00",10000,500.0000
b711624b-6c11-414a-9e91-5b566ea62453,"2024-10-16 11:25:08.038384+00:00",5402,2701.0000
b711624b-6c11-414a-9e91-5b566ea62453,"2024-10-17 06:09:34.974413+00:00",5404,2701.3333
b711624b-6c11-414a-9e91-5b566ea62453,"2024-10-18 16:37:05.091597+00:00",5413,2706.0000
b711624b-6c11-414a-9e91-5b566ea62453,"2024-10-19 15:30:40.641995+00:00",5430,2715.0000
b711624b-6c11-414a-9e91-5b566ea62453,"2024-10-19 17:02:40.243774+00:00",8145,3620.0000
b711624b-6c11-414a-9e91-5b566ea62453,"2024-10-20 00:01:42.348855+00:00",13576,3620.0000
b711624b-6c11-414a-9e91-5b566ea62453,"2024-10-20 10:32:17.167682+00:00",13578,4525.6667
b711624b-6c11-414a-9e91-5b566ea62453,"2024-10-20 11:57:57.809121+00:00",5431,2715.0000
b711624b-6c11-414a-9e91-5b566ea62453,"2024-10-21 00:01:17.777830+00:00",13578,3620.3333
b711624b-6c11-414a-9e91-5b566ea62453,"2024-10-21 07:45:07.303190+00:00",13578,5431.0000
b71eb213-9f29-4a39-a02a-298a5bceb5c1,"2024-10-22 12:08:43.417286+00:00",5000,500.0000
b73c3a3b-b75a-4864-a306-9ca4aa9d389c,"2024-10-21 12:54:13.745791+00:00",3000,1000.0000
b73c3a3b-b75a-4864-a306-9ca4aa9d389c,"2024-10-23 09:22:46.885148+00:00",5000,1666.6667
b7450ca0-3d51-45e4-9f34-cf2d515263fb,"2024-10-17 20:47:54.780142+00:00",5000,500.0000
b74f9dfc-1d7c-4d9e-b3fd-0431d44682d7,"2024-10-17 12:21:10.059658+00:00",1000,500.0000
b77b9cb2-6c0a-420f-bb27-10bfc878286a,"2024-10-19 06:53:17.446577+00:00",4203,1891.0000
b77bd850-58d6-44e2-8a95-c029826e892d,"2024-10-23 08:03:47.822576+00:00",10000,1750.0000
b791dc8a-5e93-4973-a884-5f3ac9026e76,"2024-10-21 13:44:58.404122+00:00",5000,500.0000
b7a0b5d8-ef40-4663-91df-d2c98bc7faf3,"2024-10-23 00:53:00.336505+00:00",3000,500.0000
b7a8ff62-7c5c-4143-a7a0-f75f46da5756,"2024-10-22 15:14:24.879057+00:00",10000,500.0000
b7faa3e0-3b42-4efe-a563-158faa0cb193,"2024-10-17 10:14:25.646969+00:00",3000,1000.0000
b8050355-ee35-4766-9434-7280aef56b80,"2024-10-17 10:14:25.646969+00:00",3000,1000.0000
b8274982-a927-4206-aaa1-204a08167c72,"2024-10-19 04:08:13.938159+00:00",10000,5000.0000
b8361e91-34b3-4e0b-8f2c-753bf044dbad,"2024-10-23 11:15:12.814158+00:00",10000,3000.0000
b858f7cc-a016-4899-8b6f-a2f3e096b70b,"2024-10-23 11:15:12.814158+00:00",10000,3000.0000
b8594811-74d0-49a2-add3-edef5ba6fad3,"2024-10-17 12:21:10.059658+00:00",1000,500.0000
b862ca3d-d437-4f81-a9d7-2f1d7cc93fee,"2024-10-20 00:47:48.839851+00:00",10000,3000.0000
b87ce816-535a-4190-851f-65131f396a82,"2024-10-17 10:14:25.646969+00:00",3000,1000.0000
b88b100a-369d-49ef-95ac-72dc64c8e611,"2024-10-18 14:19:18.915151+00:00",3000,500.0000
b88df3de-4798-43ae-a441-ed187de1bf91,"2024-10-18 07:14:25.203500+00:00",10000,5000.0000
b8a193ad-f7c6-4fa9-965b-523db226135c,"2024-10-21 12:05:08.565950+00:00",3000,500.0000
b8ac3f65-ba6c-4a92-8884-d07421e4cca8,"2024-10-18 18:39:39.995511+00:00",10000,920.0000
b8c7e761-48b5-413f-9af9-54dddbfcc0b0,"2024-10-16 03:18:39.581004+00:00",10000,946.6667
b8c7e761-48b5-413f-9af9-54dddbfcc0b0,"2024-10-16 03:19:13.281288+00:00",10000,3946.6667
b8c7e761-48b5-413f-9af9-54dddbfcc0b0,"2024-10-16 06:57:35.048482+00:00",5000,893.3333
b8c7e761-48b5-413f-9af9-54dddbfcc0b0,"2024-10-16 06:58:16.557501+00:00",5000,2280.0000
b8c7e761-48b5-413f-9af9-54dddbfcc0b0,"2024-10-16 07:31:12.871165+00:00",10000,5000.0000
b8c7e761-48b5-413f-9af9-54dddbfcc0b0,"2024-10-16 10:35:37.993369+00:00",10000,1000.0000
b8c7e761-48b5-413f-9af9-54dddbfcc0b0,"2024-10-16 11:11:22.749188+00:00",10000,4000.0000
b8c7e761-48b5-413f-9af9-54dddbfcc0b0,"2024-10-17 05:20:21.656585+00:00",10000,5000.0000
b8c7e761-48b5-413f-9af9-54dddbfcc0b0,"2024-10-17 06:18:31.583205+00:00",10000,5000.0000
b8c7e761-48b5-413f-9af9-54dddbfcc0b0,"2024-10-18 04:05:04.657319+00:00",10000,2500.0000
b8c7e761-48b5-413f-9af9-54dddbfcc0b0,"2024-10-18 04:34:44.417656+00:00",10000,5000.0000
b8c7e761-48b5-413f-9af9-54dddbfcc0b0,"2024-10-19 02:52:10.031271+00:00",5000,2500.0000
b8c7e761-48b5-413f-9af9-54dddbfcc0b0,"2024-10-19 03:31:27.171542+00:00",10000,3000.0000
b8c7e761-48b5-413f-9af9-54dddbfcc0b0,"2024-10-20 04:48:12.556606+00:00",10000,4333.3333
b8c7e761-48b5-413f-9af9-54dddbfcc0b0,"2024-10-21 04:25:30.899597+00:00",10000,4333.3333
b8c7e761-48b5-413f-9af9-54dddbfcc0b0,"2024-10-23 08:16:10.790187+00:00",10000,5000.0000
b8d1d60e-af50-419e-88ab-fdba4f066cce,"2024-10-17 10:14:25.646969+00:00",3000,1000.0000
b8e7363a-a39e-48f0-a9fa-eaf32f86f30e,"2024-10-17 10:14:25.646969+00:00",3000,1000.0000
b8ec28e0-346f-446c-b3c4-25db2c627708,"2024-10-18 02:02:03.393999+00:00",10000,1000.0000
b8ee1535-6998-4b76-8c41-d1bf7577bc3c,"2024-10-23 13:22:48.644709+00:00",1000,500.0000
b9091f8c-8117-40bb-b966-126d942b6885,"2024-10-23 11:46:31.944833+00:00",3000,500.0000
b92548fa-382c-4d1d-831f-60780c922382,"2024-10-22 22:52:33.136916+00:00",10000,3000.0000
b9376afe-fb4d-463a-a256-5e6ec5369fb7,"2024-10-21 06:53:49.303671+00:00",1000,500.0000
b94dde8f-a87d-4e86-88a6-205f37c4a3e9,"2024-10-18 15:24:01.209733+00:00",5000,500.0000
b95feaf6-3b99-488c-b598-e0f4c318728e,"2024-10-22 04:55:11.521349+00:00",3000,500.0000
b96d5178-b6ad-44d9-a0c5-0bfb89c6284b,"2024-10-21 00:31:36.981880+00:00",3000,500.0000
b98c6a2a-faf4-4615-8149-a387c7b3894d,"2024-10-23 15:12:49.263320+00:00",10000,500.0000
b996fbd7-b62e-4246-b250-9da4bf53109e,"2024-10-17 20:47:54.780142+00:00",5000,500.0000
b9bc3685-713f-4a66-b1a0-2a7d65e51126,"2024-10-17 10:14:25.646969+00:00",3000,1000.0000
ba04bfd8-9d98-4137-a5c1-91114344fde1,"2024-10-19 19:24:37.542592+00:00",5000,1000.0000
ba51bada-22e1-42e9-bf80-769e728b6353,"2024-10-17 04:55:40.342079+00:00",5000,500.0000
ba5319a6-f0fd-458f-9832-e4546cfcf86d,"2024-10-19 06:28:04.304063+00:00",3000,500.0000
ba601cfb-f0bc-4fb6-b315-2bea2f8a94f2,"2024-10-18 14:37:30.149515+00:00",2706,1081.3333
ba601cfb-f0bc-4fb6-b315-2bea2f8a94f2,"2024-10-19 18:38:48.086823+00:00",5430,1265.3333
ba601cfb-f0bc-4fb6-b315-2bea2f8a94f2,"2024-10-19 18:39:13.772007+00:00",5430,2534.0000
ba601cfb-f0bc-4fb6-b315-2bea2f8a94f2,"2024-10-21 11:24:05.448875+00:00",5431,1448.0000
ba601cfb-f0bc-4fb6-b315-2bea2f8a94f2,"2024-10-21 11:36:23.531309+00:00",5431,2715.3333
ba77e3c8-8197-4016-8270-4156c2787472,"2024-10-16 03:18:39.581004+00:00",10000,946.6667
ba77e3c8-8197-4016-8270-4156c2787472,"2024-10-16 03:19:13.281288+00:00",10000,3946.6667
ba77e3c8-8197-4016-8270-4156c2787472,"2024-10-16 06:57:35.048482+00:00",5000,893.3333
ba77e3c8-8197-4016-8270-4156c2787472,"2024-10-16 06:58:16.557501+00:00",5000,2280.0000
ba77e3c8-8197-4016-8270-4156c2787472,"2024-10-16 07:31:12.871165+00:00",10000,5000.0000
ba77e3c8-8197-4016-8270-4156c2787472,"2024-10-16 10:35:37.993369+00:00",10000,1000.0000
ba77e3c8-8197-4016-8270-4156c2787472,"2024-10-16 11:11:22.749188+00:00",10000,4000.0000
ba77e3c8-8197-4016-8270-4156c2787472,"2024-10-17 05:20:21.656585+00:00",10000,5000.0000
ba77e3c8-8197-4016-8270-4156c2787472,"2024-10-17 06:18:31.583205+00:00",10000,5000.0000
ba77e3c8-8197-4016-8270-4156c2787472,"2024-10-18 04:05:04.657319+00:00",10000,2500.0000
ba77e3c8-8197-4016-8270-4156c2787472,"2024-10-18 04:34:44.417656+00:00",10000,5000.0000
ba77e3c8-8197-4016-8270-4156c2787472,"2024-10-19 02:52:10.031271+00:00",5000,2500.0000
ba77e3c8-8197-4016-8270-4156c2787472,"2024-10-19 03:31:27.171542+00:00",10000,3000.0000
ba77e3c8-8197-4016-8270-4156c2787472,"2024-10-20 04:48:12.556606+00:00",10000,4333.3333
ba77e3c8-8197-4016-8270-4156c2787472,"2024-10-21 04:25:30.899597+00:00",10000,4333.3333
ba77e3c8-8197-4016-8270-4156c2787472,"2024-10-23 08:16:10.790187+00:00",10000,5000.0000
ba7b2862-b9e9-4a42-a5d1-7f1f8cde7e5b,"2024-10-17 10:14:25.646969+00:00",3000,1000.0000
baa0830b-fc91-424f-aa6f-9af567e17248,"2024-10-21 02:57:11.392449+00:00",3000,500.0000
baa9ebbd-2197-4d81-bab2-002f2a8eb45f,"2024-10-19 07:29:47.351882+00:00",3000,500.0000
bae31463-af4a-4e16-8c63-7a370a32bc2f,"2024-10-17 10:14:25.646969+00:00",3000,1000.0000
bb07afee-d5ea-4d22-a09f-ee5fe9edd1f4,"2024-10-17 10:14:25.646969+00:00",3000,1000.0000
bb838ab7-5fa1-482c-9595-5db0757b7cc0,"2024-10-17 10:14:25.646969+00:00",3000,1000.0000
bbb1b91a-7003-45bc-9b40-ed04894a8f2e,"2024-10-18 02:10:46.201314+00:00",1681,500.0000
bbb4bf5b-1d21-44b2-a9b4-9b6fad9f3a2e,"2024-10-17 16:58:53.460288+00:00",1000,500.0000
bbb5d5a3-9e45-414a-9c94-81a9fdd9abd2,"2024-10-20 03:26:38.594457+00:00",2500,500.0000
bbcb4bea-0e54-4936-84d5-1df509c87c7e,"2024-10-18 14:19:18.915151+00:00",3000,500.0000
bbd3de8b-dc4d-41c9-b275-3b33c69daf75,"2024-10-21 15:59:56.036972+00:00",8407,4203.0000
bbd7ee03-6377-4fc0-8867-e244519173f4,"2024-10-21 22:09:45.603326+00:00",1681,840.0000
bbdcdd26-ca40-488a-b02f-8a083fd0d5f0,"2024-10-23 04:45:44.890556+00:00",3000,500.0000
bbe3150b-84a7-4fb6-80b6-3833a5432c29,"2024-10-17 12:21:10.059658+00:00",1000,500.0000
bbf5e24a-b400-48a9-8ae2-910983bdd22a,"2024-10-21 12:54:13.745791+00:00",3000,1000.0000
bbf5e24a-b400-48a9-8ae2-910983bdd22a,"2024-10-23 09:22:46.885148+00:00",5000,1666.6667
bc0f3b25-3df2-48bc-9245-b03aa72764f1,"2024-10-17 10:14:25.646969+00:00",3000,1000.0000
bc1c1fdc-9053-4044-83c4-02557de1058f,"2024-10-21 02:45:44.177916+00:00",2000,1000.0000
bc1e4f2e-5784-4fe6-9741-131e4fc3474f,"2024-10-18 12:59:28.823889+00:00",3000,500.0000
bc279946-abdc-4556-be11-aacfb867c8c7,"2024-10-20 07:36:38.755986+00:00",3000,500.0000
bcd83c28-f83b-44a0-a045-900552176118,"2024-10-17 10:14:25.646969+00:00",3000,1000.0000
bcdf0418-17d2-4a1d-baf7-383b258a76bc,"2024-10-17 10:14:25.646969+00:00",3000,1000.0000
bd12f138-d070-4e08-a4f7-b7b541366fc0,"2024-10-23 10:54:14.288898+00:00",1000,500.0000
bd2b778d-d751-4ff3-9634-b4eb9f67a7d4,"2024-10-22 17:09:05.760338+00:00",10000,4333.3333
bd3ebed1-0744-4abc-b695-f60b3bef4f46,"2024-10-20 18:25:00.073810+00:00",1000,500.0000
bd688d72-f957-48bc-98c8-36d88dd16263,"2024-10-21 02:22:32.914853+00:00",5000,500.0000
bd893049-0c30-4758-9c2e-22e8967f340c,"2024-10-19 16:28:10.547350+00:00",1000,500.0000
bda0fac7-fdc7-4c53-ae1b-ee0132eabc37,"2024-10-16 03:18:39.581004+00:00",10000,946.6667
bda0fac7-fdc7-4c53-ae1b-ee0132eabc37,"2024-10-16 03:19:13.281288+00:00",10000,3946.6667
bda0fac7-fdc7-4c53-ae1b-ee0132eabc37,"2024-10-16 06:57:35.048482+00:00",5000,893.3333
bda0fac7-fdc7-4c53-ae1b-ee0132eabc37,"2024-10-16 06:58:16.557501+00:00",5000,2280.0000
bda0fac7-fdc7-4c53-ae1b-ee0132eabc37,"2024-10-16 07:31:12.871165+00:00",10000,5000.0000
bda0fac7-fdc7-4c53-ae1b-ee0132eabc37,"2024-10-16 10:35:37.993369+00:00",10000,1000.0000
bda0fac7-fdc7-4c53-ae1b-ee0132eabc37,"2024-10-16 11:11:22.749188+00:00",10000,4000.0000
bda0fac7-fdc7-4c53-ae1b-ee0132eabc37,"2024-10-17 05:20:21.656585+00:00",10000,5000.0000
bda0fac7-fdc7-4c53-ae1b-ee0132eabc37,"2024-10-17 06:18:31.583205+00:00",10000,5000.0000
bda0fac7-fdc7-4c53-ae1b-ee0132eabc37,"2024-10-18 04:05:04.657319+00:00",10000,2500.0000
bda0fac7-fdc7-4c53-ae1b-ee0132eabc37,"2024-10-18 04:34:44.417656+00:00",10000,5000.0000
bda0fac7-fdc7-4c53-ae1b-ee0132eabc37,"2024-10-19 02:52:10.031271+00:00",5000,2500.0000
bda0fac7-fdc7-4c53-ae1b-ee0132eabc37,"2024-10-19 03:31:27.171542+00:00",10000,3000.0000
bda0fac7-fdc7-4c53-ae1b-ee0132eabc37,"2024-10-20 04:48:12.556606+00:00",10000,4333.3333
bda0fac7-fdc7-4c53-ae1b-ee0132eabc37,"2024-10-21 04:25:30.899597+00:00",10000,4333.3333
bda0fac7-fdc7-4c53-ae1b-ee0132eabc37,"2024-10-23 08:16:10.790187+00:00",10000,5000.0000
bdd9158c-c1a3-473d-b831-9d30101f91c7,"2024-10-22 17:09:05.760338+00:00",10000,4333.3333
bde380d8-d86b-47f4-9d34-ea4ee1016105,"2024-10-21 01:13:49.716992+00:00",2500,1000.0000
be19fe34-1d57-4744-936a-22f9b4fe0b2f,"2024-10-22 17:09:05.760338+00:00",10000,4333.3333
be2757c2-cf78-4449-865a-f7244fb25e42,"2024-10-19 01:06:41.843516+00:00",10000,3000.0000
be69b37f-3757-4ab2-8354-84827cbbdcf2,"2024-10-23 11:15:12.814158+00:00",10000,3000.0000
be7c514d-ecc5-4ad1-83a8-3c5a16db0c08,"2024-10-20 12:20:02.651211+00:00",1000,500.0000
be8de0ac-d952-4f35-b30f-c4c9ccd6de5b,"2024-10-22 05:35:25.515524+00:00",1000,500.0000
be9122f0-56de-445a-8b0b-bab238668534,"2024-10-18 09:40:36.550652+00:00",5000,500.0000
be93cdf2-c5ca-40a0-8a6d-6d6f41ece305,"2024-10-19 19:24:37.542592+00:00",5000,1000.0000
be9a7b27-6790-4302-bf64-351a9fb00fc1,"2024-10-19 07:12:47.345230+00:00",10000,1000.0000
bea7109a-34bf-47cb-bac7-0aab80bdbb4d,"2024-10-20 12:49:40.997527+00:00",3000,500.0000
bebb3ca5-1fa5-401e-b672-49699cad002c,"2024-10-23 11:15:12.814158+00:00",10000,3000.0000
bec40926-bfb5-44a4-ac7f-dcf67c590a2d,"2024-10-19 11:01:49.662740+00:00",1000,500.0000
bee2c0ef-a6e4-43a6-bcf7-658218016dc3,"2024-10-18 02:59:21.034810+00:00",50000,10000.0000
bee388fc-276e-402e-a305-050ad4846beb,"2024-10-22 01:10:49.964318+00:00",3000,500.0000
bf128f3d-9ef8-401e-9403-9b0048cd1897,"2024-10-22 09:01:41.283161+00:00",5000,500.0000
bf2798f5-bd62-4d2c-ba1a-ead25cf48345,"2024-10-17 16:58:53.460288+00:00",1000,500.0000
bfa90136-67ea-4d48-a076-24b2058078b0,"2024-10-22 08:01:40.567636+00:00",3000,500.0000
bfce9771-0570-4d75-b2b6-686c32f526a8,"2024-10-17 04:12:42.744069+00:00",10000,3000.0000
bfd7698f-327d-4b24-a981-834085ca3502,"2024-10-21 12:54:13.745791+00:00",3000,1000.0000
bfd7698f-327d-4b24-a981-834085ca3502,"2024-10-23 09:22:46.885148+00:00",5000,1666.6667
bff3d75f-fb09-4cb9-a9fe-a821f74e00bf,"2024-10-19 10:59:00.741536+00:00",10000,5000.0000
c001b86d-fce5-40c8-9087-381911c2f4fb,"2024-10-20 13:42:48.586018+00:00",1086,543.0000
c004e100-f488-4967-aa5a-80cc134255ef,"2024-10-20 05:52:32.579169+00:00",10000,500.0000
c0286e4c-58df-4f7c-a285-eea17be5c001,"2024-10-22 06:25:41.156290+00:00",1000,500.0000
c03982b9-ea03-44f4-8c71-5713b001bc75,"2024-10-17 11:26:49.605257+00:00",3000,500.0000
c0419c65-159e-40ae-a7fc-091195aceb98,"2024-10-22 17:09:05.760338+00:00",10000,4333.3333
c0662d7f-c4af-4a93-a8d5-8ba8c9d6e499,"2024-10-21 13:27:04.826516+00:00",2500,1000.0000
c0686e9b-b12b-4622-ba8b-81dc6e8ee9a7,"2024-10-23 11:15:12.814158+00:00",10000,3000.0000
c068aac8-e5ec-41e7-ad31-a3dd55a747ff,"2024-10-17 16:58:53.460288+00:00",1000,500.0000
c09bd167-e486-4eb2-abc6-7467949cafde,"2024-10-21 14:05:37.009307+00:00",10000,500.0000
c0bced75-eaeb-45de-9d71-23ed2e20c033,"2024-10-17 16:58:53.460288+00:00",1000,500.0000
c0fe8686-0915-433e-bd3a-d50fd43c2d4e,"2024-10-17 02:19:56.896651+00:00",3000,500.0000
c112176d-a017-4369-bd15-cf4349d9c456,"2024-10-22 17:09:05.760338+00:00",10000,4333.3333
c121cdcf-d8f4-4085-bad3-039035ef6794,"2024-10-19 03:09:25.951997+00:00",1000,500.0000
c1347af0-0bc3-48d1-8769-9862cd1d0f73,"2024-10-17 10:14:25.646969+00:00",3000,1000.0000
c13cf090-e413-4a6b-8488-b5f2158100b4,"2024-10-17 01:43:45.903558+00:00",3000,1000.0000
c144252a-a3e7-4509-8998-82f29e3d21a5,"2024-10-17 10:14:25.646969+00:00",3000,1000.0000
c1c6cc01-46e7-41be-8f59-3bd73947e677,"2024-10-18 15:40:43.908470+00:00",1000,500.0000
c1d94421-52c0-4783-a9a8-7395f91b4994,"2024-10-23 10:54:14.288898+00:00",1000,500.0000
c2034321-7fc4-4b09-85df-6742bc206cd9,"2024-10-23 11:54:46.017586+00:00",3000,500.0000
c233bbb0-e7eb-4c9a-a3c6-e1376be2d5ab,"2024-10-23 01:44:24.470034+00:00",3000,500.0000
c269c39c-8e3a-48fc-a10f-f7dd19196b67,"2024-10-17 10:14:25.646969+00:00",3000,1000.0000
c27303c5-d758-4291-a37a-eb6d78de62ae,"2024-10-21 06:47:56.111026+00:00",1000,500.0000
c28bf5de-5d47-4f7f-95e8-487899d1a6cf,"2024-10-23 11:15:12.814158+00:00",10000,3000.0000
c2c8c3cb-4c23-421f-bd77-9df7bccc0f47,"2024-10-23 11:24:16.625118+00:00",25000,10000.0000
c2e49144-e1a3-4ed6-bee2-785f9b2d1849,"2024-10-17 10:14:25.646969+00:00",3000,1000.0000
c2ea01b9-00f5-4dc8-8b6e-2871522d0c37,"2024-10-17 10:14:25.646969+00:00",3000,1000.0000
c2f063a0-1f3e-4024-958e-a8eddae6aca8,"2024-10-23 05:38:09.576775+00:00",10000,3000.0000
c322412c-1b1d-40de-a06c-32db10a8f18f,"2024-10-22 17:09:05.760338+00:00",10000,4333.3333
c3273455-fde7-4cc6-b925-bf293ee35f18,"2024-10-23 15:12:49.263320+00:00",10000,500.0000
c347ae69-bcce-4e10-ba15-16948bad5a1a,"2024-10-21 15:33:04.419042+00:00",1000,500.0000
c34e5598-51e1-46df-89ff-63bb9099e309,"2024-10-18 10:03:45.657283+00:00",10000,5000.0000
c350e8be-6ec7-440e-90b7-5549d14c3ce7,"2024-10-17 10:14:25.646969+00:00",3000,1000.0000
c379ee91-0380-449c-a76a-26a72bf64a0e,"2024-10-18 13:21:35.559641+00:00",10000,3666.6667
c37c62ec-929a-4572-80d6-79dd89ae9d8b,"2024-10-23 11:25:30.893410+00:00",10000,500.0000
c3947dcc-3c3a-47bd-8ae8-6eed025d8619,"2024-10-22 17:09:05.760338+00:00",10000,4333.3333
c3a4c2ba-dc02-48ba-8ad7-f52cb286824c,"2024-10-19 19:24:37.542592+00:00",5000,1000.0000
c3abab28-4a67-4dc1-a869-ca3dd55c888f,"2024-10-20 13:32:31.848649+00:00",3000,500.0000
c3abab28-4a67-4dc1-a869-ca3dd55c888f,"2024-10-23 16:55:05.168598+00:00",10000,1750.0000
c3bd5d9b-87ff-469f-b217-12573760686c,"2024-10-22 04:58:16.335885+00:00",5000,500.0000
c40c25b4-dc99-4317-a573-c643ad6b82d9,"2024-10-22 17:09:05.760338+00:00",10000,4333.3333
c40cd6b2-2394-4245-95c1-b5e8e42f0e29,"2024-10-18 06:42:44.119268+00:00",10000,3000.0000
c440c9b1-320d-401b-9222-3f0a9d958058,"2024-10-20 17:08:23.168298+00:00",5000,2166.6667
c440c9b1-320d-401b-9222-3f0a9d958058,"2024-10-21 12:00:43.772790+00:00",5000,2333.3333
c440c9b1-320d-401b-9222-3f0a9d958058,"2024-10-21 13:00:50.110738+00:00",10000,3666.6667
c440c9b1-320d-401b-9222-3f0a9d958058,"2024-10-23 07:38:54.223517+00:00",10000,1000.0000
c440c9b1-320d-401b-9222-3f0a9d958058,"2024-10-23 07:40:45.385202+00:00",10000,4000.0000
c457491f-edb4-4182-abce-ac32d02898e4,"2024-10-20 00:47:39.969592+00:00",1000,500.0000
c4986ca5-f0c5-4700-8b7e-6a09fe3797a1,"2024-10-17 20:47:54.780142+00:00",5000,500.0000
c49c0416-f676-4bf8-929f-87687acf40f8,"2024-10-21 01:56:43.365145+00:00",5000,500.0000
c49c0416-f676-4bf8-929f-87687acf40f8,"2024-10-22 01:10:06.892976+00:00",10000,2750.0000
c4b17e32-90b7-4b1f-aed6-bd58868dcdb8,"2024-10-19 21:39:07.475626+00:00",3000,1000.0000
c4b49081-7d88-4a9f-a966-09bc2f1043a3,"2024-10-17 10:14:25.646969+00:00",3000,1000.0000
c4b88e0d-069d-4d1c-a748-7f83b1a1e9dd,"2024-10-20 10:12:00.028601+00:00",3000,500.0000
c4ed0b47-b36c-4381-97bd-2ae512610f3f,"2024-10-17 10:14:25.646969+00:00",3000,1000.0000
c51df4f0-09dc-47e2-b473-09b2855fbacb,"2024-10-17 10:14:25.646969+00:00",3000,1000.0000
c5253f72-1b31-4811-82fe-27370d7174e2,"2024-10-17 10:14:25.646969+00:00",3000,1000.0000
c538b632-f096-4599-a713-daff1e54f1c2,"2024-10-17 10:14:25.646969+00:00",3000,1000.0000
c5904231-3393-44b5-aa7c-44df1112a8aa,"2024-10-17 10:14:25.646969+00:00",3000,1000.0000
c59bf109-1dda-4ac4-bd92-94c3a6ca72df,"2024-10-22 17:09:05.760338+00:00",10000,4333.3333
c5a19beb-04bc-4707-9ca7-e448202f3ec2,"2024-10-21 01:38:42.176173+00:00",3000,500.0000
c5a388d5-a495-40f8-96ea-7c4e016066a6,"2024-10-17 12:21:10.059658+00:00",1000,500.0000
c5b4f754-5cec-4794-8239-58737cff7f08,"2024-10-22 17:09:05.760338+00:00",10000,4333.3333
c5bde84d-9343-4067-ae0e-4b26dfc48f34,"2024-10-17 02:41:43.624622+00:00",5000,2500.0000
c5bfd5cc-246d-41d2-a333-fca5007fc2e9,"2024-10-18 15:07:14.860540+00:00",1000,500.0000
c5ce1c84-da1f-4644-adb0-03193afd8650,"2024-10-17 12:21:10.059658+00:00",1000,500.0000
c5de46c6-b8bd-45c1-8866-392e7bc1d220,"2024-10-21 12:26:44.363387+00:00",10000,4000.0000
c5f7edd1-b445-40b5-9b7c-59c5edbc6900,"2024-10-21 02:57:11.392449+00:00",3000,500.0000
c61f8104-ac85-458d-a27b-7a654c40ed88,"2024-10-22 17:09:05.760338+00:00",10000,4333.3333
c6421656-9d6a-4211-bd0b-d315338976b4,"2024-10-17 10:14:25.646969+00:00",3000,1000.0000
c648ea91-7576-4412-bff5-9752f64b4316,"2024-10-20 00:51:31.557659+00:00",5000,2401.0000
c648ea91-7576-4412-bff5-9752f64b4316,"2024-10-23 10:44:24.015816+00:00",25000,4333.3333
c649be6c-696d-446f-896b-0b3404636128,"2024-10-23 12:08:21.849280+00:00",10000,2500.0000
c6537647-9d28-4d83-bb8a-c2304da16b70,"2024-10-21 01:13:49.716992+00:00",2500,1000.0000
c65eedc0-b02a-46f3-951d-079b9668c463,"2024-10-17 01:47:26.114432+00:00",5000,500.0000
c69403a3-b7de-48d8-b507-05e416a8622e,"2024-10-17 16:58:53.460288+00:00",1000,500.0000
c6a04bcb-9c0c-4e12-a156-66344dd6e7ac,"2024-10-17 16:58:53.460288+00:00",1000,500.0000
c6d6a721-ca39-460f-b81a-4c9f7f3be540,"2024-10-17 10:14:25.646969+00:00",3000,1000.0000
c7264b51-9146-4f04-a040-dc5e49599be1,"2024-10-19 03:02:19.328794+00:00",5000,1000.0000
c740420a-8e18-48d3-97a7-4731fc8fc397,"2024-10-23 11:15:12.814158+00:00",10000,3000.0000
c7b1de75-a021-4195-8cb8-4435352efb70,"2024-10-17 03:24:30.002999+00:00",5000,1000.0000
c7b3eaf0-86f0-483a-8a95-e46d1487a5f2,"2024-10-17 12:23:33.683030+00:00",1000,500.0000
c7bc826b-772a-4f86-81fa-593187221ad5,"2024-10-19 10:30:19.489194+00:00",1000,500.0000
c7bc826b-772a-4f86-81fa-593187221ad5,"2024-10-20 02:45:21.310256+00:00",3000,750.0000
c7c21320-d0c0-4bf4-88d2-df39e331fdea,"2024-10-18 18:06:18.768525+00:00",3000,500.0000
c7e6efb2-d30e-490b-b315-087b05ad96cf,"2024-10-17 00:30:27.743093+00:00",10000,833.3333
c8125e36-c4e4-46bb-a908-95f0b19cf8dd,"2024-10-22 17:09:05.760338+00:00",10000,4333.3333
c8149441-b9e2-422b-a0d2-b6a96a930415,"2024-10-23 07:11:00.303630+00:00",3000,500.0000
c8268768-e005-4329-b7cc-af9ba943175d,"2024-10-17 10:14:25.646969+00:00",3000,1000.0000
c82e9d17-21be-43b9-8094-b048117196f1,"2024-10-22 11:44:22.769977+00:00",1000,500.0000
c837bbd4-c2b3-42c1-b702-7f5768304adb,"2024-10-23 05:51:44.991652+00:00",10000,2166.6667
c8544ff7-b39b-4b34-b4cc-871d7adeebb5,"2024-10-17 10:14:25.646969+00:00",3000,1000.0000
c86021bc-34e3-47fe-8517-ebdc7dab1442,"2024-10-17 03:15:47.274527+00:00",10000,5000.0000
c8679465-0b8e-4c3e-95ac-78ae7239f23a,"2024-10-21 12:34:02.504360+00:00",3000,500.0000
c87db6a8-e2cb-46ce-b46d-ed1e0b7dc225,"2024-10-17 16:58:53.460288+00:00",1000,500.0000
c8b960b0-53e8-4c52-bfe8-11500689412e,"2024-10-22 17:09:05.760338+00:00",10000,4333.3333
c8c9baea-1f95-44ae-ba43-72c20461aec9,"2024-10-17 00:57:00.259913+00:00",10000,5000.0000
c8d92bda-377c-4959-916d-1c286d08825c,"2024-10-21 12:54:13.745791+00:00",3000,1000.0000
c8d92bda-377c-4959-916d-1c286d08825c,"2024-10-23 09:22:46.885148+00:00",5000,1666.6667
c8e98e7c-5ff6-4d54-8523-6d3c206ddc1e,"2024-10-20 10:26:06.477981+00:00",2500,500.0000
c8f8631e-c006-48c6-979c-1d2802e532de,"2024-10-23 11:15:12.814158+00:00",10000,3000.0000
c90d0b5c-f3cb-4a76-80f6-862100923736,"2024-10-16 03:18:39.581004+00:00",10000,946.6667
c90d0b5c-f3cb-4a76-80f6-862100923736,"2024-10-16 03:19:13.281288+00:00",10000,3946.6667
c90d0b5c-f3cb-4a76-80f6-862100923736,"2024-10-16 06:57:35.048482+00:00",5000,893.3333
c90d0b5c-f3cb-4a76-80f6-862100923736,"2024-10-16 06:58:16.557501+00:00",5000,2280.0000
c90d0b5c-f3cb-4a76-80f6-862100923736,"2024-10-16 07:31:12.871165+00:00",10000,5000.0000
c90d0b5c-f3cb-4a76-80f6-862100923736,"2024-10-16 10:35:37.993369+00:00",10000,1000.0000
c90d0b5c-f3cb-4a76-80f6-862100923736,"2024-10-16 11:11:22.749188+00:00",10000,4000.0000
c90d0b5c-f3cb-4a76-80f6-862100923736,"2024-10-17 05:20:21.656585+00:00",10000,5000.0000
c90d0b5c-f3cb-4a76-80f6-862100923736,"2024-10-17 06:18:31.583205+00:00",10000,5000.0000
c90d0b5c-f3cb-4a76-80f6-862100923736,"2024-10-18 04:05:04.657319+00:00",10000,2500.0000
c90d0b5c-f3cb-4a76-80f6-862100923736,"2024-10-18 04:34:44.417656+00:00",10000,5000.0000
c90d0b5c-f3cb-4a76-80f6-862100923736,"2024-10-19 02:52:10.031271+00:00",5000,2500.0000
c90d0b5c-f3cb-4a76-80f6-862100923736,"2024-10-19 03:31:27.171542+00:00",10000,3000.0000
c90d0b5c-f3cb-4a76-80f6-862100923736,"2024-10-20 04:48:12.556606+00:00",10000,4333.3333
c90d0b5c-f3cb-4a76-80f6-862100923736,"2024-10-21 04:25:30.899597+00:00",10000,4333.3333
c90d0b5c-f3cb-4a76-80f6-862100923736,"2024-10-23 08:16:10.790187+00:00",10000,5000.0000
c9104595-6d13-4c3d-93fe-0977e48f90da,"2024-10-18 09:11:38.251229+00:00",3000,500.0000
c91089f0-6127-4c2b-bd01-b6913b678258,"2024-10-23 03:53:47.739867+00:00",25000,8333.3333
c95b756f-62ed-4c06-803f-e900e84b5117,"2024-10-21 02:57:11.392449+00:00",3000,500.0000
c966e1e6-6383-4484-bcc8-68b3356cd29b,"2024-10-23 11:15:12.814158+00:00",10000,3000.0000
c979965e-4c71-4db1-9791-f2df8131df67,"2024-10-23 11:15:12.814158+00:00",10000,3000.0000
c98781aa-8435-449e-9f00-7e26626c7f7d,"2024-10-23 11:15:12.814158+00:00",10000,3000.0000
c9935757-5252-4479-8c66-22336465fd85,"2024-10-17 01:44:12.714535+00:00",10000,500.0000
c99565d9-2b34-40c7-92c4-18bcbebda026,"2024-10-23 03:25:43.139488+00:00",5000,500.0000
c9a9e78f-e3dc-4524-8b24-880094cd2e2e,"2024-10-17 10:14:25.646969+00:00",3000,1000.0000
c9d4f7de-7769-4a17-b741-1e9944179a39,"2024-10-17 10:14:25.646969+00:00",3000,1000.0000
ca191e06-b6fe-4349-8b7c-cd91b782ac70,"2024-10-19 02:07:07.539502+00:00",1000,500.0000
ca3d0e9d-d176-4f4a-b66d-e1eab5868889,"2024-10-21 12:54:13.745791+00:00",3000,1000.0000
ca3d0e9d-d176-4f4a-b66d-e1eab5868889,"2024-10-23 09:22:46.885148+00:00",5000,1666.6667
ca3e9f82-42e4-4914-94d6-c204b38c3d78,"2024-10-22 12:15:23.119626+00:00",5000,500.0000
ca421361-eab5-4138-8187-c60d3a725957,"2024-10-18 10:03:45.657283+00:00",10000,5000.0000
ca462663-ca22-4769-9634-ac8a96eaa11d,"2024-10-22 17:09:05.760338+00:00",10000,4333.3333
ca9afe9e-5d37-4a80-a51d-4db0c6ab9b05,"2024-10-23 11:15:12.814158+00:00",10000,3000.0000
ca9d7eed-66c5-4bc0-a05b-54c93ee7cacd,"2024-10-17 10:14:25.646969+00:00",3000,1000.0000
ca9db5e8-0c97-4d0a-a810-ef3d79e41754,"2024-10-19 05:00:59.788832+00:00",3000,500.0000
caa43808-34cc-4519-ad37-9e11aea1259e,"2024-10-16 03:18:39.581004+00:00",10000,946.6667
caa43808-34cc-4519-ad37-9e11aea1259e,"2024-10-16 03:19:13.281288+00:00",10000,3946.6667
caa43808-34cc-4519-ad37-9e11aea1259e,"2024-10-16 06:57:35.048482+00:00",5000,893.3333
caa43808-34cc-4519-ad37-9e11aea1259e,"2024-10-16 06:58:16.557501+00:00",5000,2280.0000
caa43808-34cc-4519-ad37-9e11aea1259e,"2024-10-16 07:31:12.871165+00:00",10000,5000.0000
caa43808-34cc-4519-ad37-9e11aea1259e,"2024-10-16 10:35:37.993369+00:00",10000,1000.0000
caa43808-34cc-4519-ad37-9e11aea1259e,"2024-10-16 11:11:22.749188+00:00",10000,4000.0000
caa43808-34cc-4519-ad37-9e11aea1259e,"2024-10-17 05:20:21.656585+00:00",10000,5000.0000
caa43808-34cc-4519-ad37-9e11aea1259e,"2024-10-17 06:18:31.583205+00:00",10000,5000.0000
caa43808-34cc-4519-ad37-9e11aea1259e,"2024-10-18 04:05:04.657319+00:00",10000,2500.0000
caa43808-34cc-4519-ad37-9e11aea1259e,"2024-10-18 04:34:44.417656+00:00",10000,5000.0000
caa43808-34cc-4519-ad37-9e11aea1259e,"2024-10-19 02:52:10.031271+00:00",5000,2500.0000
caa43808-34cc-4519-ad37-9e11aea1259e,"2024-10-19 03:31:27.171542+00:00",10000,3000.0000
caa43808-34cc-4519-ad37-9e11aea1259e,"2024-10-20 04:48:12.556606+00:00",10000,4333.3333
caa43808-34cc-4519-ad37-9e11aea1259e,"2024-10-21 04:25:30.899597+00:00",10000,4333.3333
caa43808-34cc-4519-ad37-9e11aea1259e,"2024-10-23 08:16:10.790187+00:00",10000,5000.0000
cab29ce8-8151-47d0-b7cd-adf8cdbc4a9e,"2024-10-22 17:09:05.760338+00:00",10000,4333.3333
cab510e1-5af0-4c40-bdf5-3ada0ee543b7,"2024-10-19 06:27:46.671725+00:00",5000,500.0000
cab61a84-2e5b-4094-8708-764fc2a98475,"2024-10-17 10:14:25.646969+00:00",3000,1000.0000
cacef5fa-0122-4b69-9e6a-6e0f3d497c76,"2024-10-20 00:51:31.557659+00:00",5000,2401.0000
cacef5fa-0122-4b69-9e6a-6e0f3d497c76,"2024-10-23 10:44:24.015816+00:00",25000,4333.3333
cad50a90-3733-482b-972e-2eef20694a99,"2024-10-17 10:14:25.646969+00:00",3000,1000.0000
cae76866-9350-40ab-80a7-5eecb9746467,"2024-10-22 11:44:22.769977+00:00",1000,500.0000
caf27b2e-4b2a-495e-be9e-0cc4467a6328,"2024-10-17 10:14:25.646969+00:00",3000,1000.0000
cb58653c-6c17-4d57-a805-da1e86603b26,"2024-10-23 03:54:36.584595+00:00",3000,500.0000
cb6e4041-04e4-44fd-89a8-a054695af0b3,"2024-10-17 10:14:25.646969+00:00",3000,1000.0000
cb70fc50-fc83-4e5f-bd70-0023cc2759b0,"2024-10-23 06:51:57.600108+00:00",5000,500.0000
cba22de4-e477-41da-8025-29ce5c60a2c5,"2024-10-22 12:15:23.119626+00:00",5000,500.0000
cbb043ce-514a-4b68-bd45-8a212544ae5f,"2024-10-20 12:24:02.504159+00:00",10000,5000.0000
cbb043ce-514a-4b68-bd45-8a212544ae5f,"2024-10-22 06:14:23.856222+00:00",10000,5000.0000
cbb41075-74fb-4a1a-831d-73de496d1cfd,"2024-10-21 13:21:31.852934+00:00",3000,500.0000
cbb71098-f7f9-4c08-b108-3b380cacbfee,"2024-10-23 16:43:20.395132+00:00",5000,500.0000
cbbd9540-7088-4bb5-914f-ce703de07403,"2024-10-18 07:47:54.260497+00:00",3000,500.0000
cbc11994-9989-4dcc-987d-67465c849e25,"2024-10-21 12:54:13.745791+00:00",3000,1000.0000
cbc11994-9989-4dcc-987d-67465c849e25,"2024-10-23 09:22:46.885148+00:00",5000,1666.6667
cbcfaa77-5b45-429d-aaf2-0fc380af20cd,"2024-10-22 10:36:33.253344+00:00",3000,500.0000
cbd99649-b408-4238-baa4-29342db89151,"2024-10-22 17:04:32.663800+00:00",10000,3000.0000
cbe62ed2-35ed-47a3-9faf-95bd8a655b75,"2024-10-23 11:15:12.814158+00:00",10000,3000.0000
cc0b7159-4aff-4b0f-ae22-47aeea77544e,"2024-10-19 05:00:59.788832+00:00",3000,500.0000
cc0f0526-6daa-4cb8-ba2c-0d4d8defb4c7,"2024-10-18 18:46:27.004528+00:00",50000,15000.0000
cc0f0526-6daa-4cb8-ba2c-0d4d8defb4c7,"2024-10-19 04:19:58.256285+00:00",50000,23333.3333
cc234f70-32aa-47f2-8f2a-7f713a1a707b,"2024-10-22 07:50:44.633862+00:00",2500,500.0000
cc266aea-db5e-4d1d-9920-44b5513a063b,"2024-10-17 16:58:53.460288+00:00",1000,500.0000
cc590b02-e379-4a13-84f3-b94fb011b8ba,"2024-10-20 12:52:47.242458+00:00",1000,500.0000
cc641ef4-c1e4-41ef-b0a2-6b0309e8b1fe,"2024-10-21 12:54:13.745791+00:00",3000,1000.0000
cc641ef4-c1e4-41ef-b0a2-6b0309e8b1fe,"2024-10-23 09:22:46.885148+00:00",5000,1666.6667
cc99fbae-241a-4d0a-a008-01a6bc0cf882,"2024-10-17 12:21:10.059658+00:00",1000,500.0000
ccfeefe8-037e-4fc5-8d2c-92cc5a2065f8,"2024-10-22 12:31:38.281347+00:00",1000,500.0000
cd0f40aa-24ee-4038-9882-72b197982c98,"2024-10-19 06:16:13.597517+00:00",10000,4333.3333
cd1c0a5e-0e21-4b50-ba2c-6df4bb16022c,"2024-10-23 11:15:12.814158+00:00",10000,3000.0000
cd21316c-0aba-4920-9264-b16bb0f3d556,"2024-10-22 17:09:05.760338+00:00",10000,4333.3333
cd23b5b9-3da7-434c-9108-02dcb2a4ddec,"2024-10-20 12:52:47.242458+00:00",1000,500.0000
cd52839a-acb3-49c7-9aa2-784d28b661f1,"2024-10-21 02:34:26.851888+00:00",3000,500.0000
cd53d345-52e5-4d22-aaf3-b874c061dd49,"2024-10-23 15:12:49.263320+00:00",10000,500.0000
cd545adb-b491-45df-9dcb-3b58c626aeed,"2024-10-17 11:26:49.605257+00:00",3000,500.0000
cd674a06-b32b-4ef6-a185-ef7c507e5d72,"2024-10-23 04:42:09.936624+00:00",3000,500.0000
cd7fd6a3-cb33-4c6a-8db0-115f639ac09a,"2024-10-23 10:54:14.288898+00:00",1000,500.0000
cd8ee079-35e5-46f6-9ae3-8cf6e48ffdf8,"2024-10-20 15:15:37.176507+00:00",3000,500.0000
cda85f9e-3b2e-4534-b26e-1570e9058dfc,"2024-10-21 12:05:08.565950+00:00",3000,500.0000
cdac0f72-97a8-4d18-96eb-a8042e6a955f,"2024-10-23 04:29:04.689184+00:00",1681,840.0000
cdad6d5b-b60e-46a4-87c6-e676400761f9,"2024-10-16 03:18:39.581004+00:00",10000,946.6667
cdad6d5b-b60e-46a4-87c6-e676400761f9,"2024-10-16 03:19:13.281288+00:00",10000,3946.6667
cdad6d5b-b60e-46a4-87c6-e676400761f9,"2024-10-16 06:57:35.048482+00:00",5000,893.3333
cdad6d5b-b60e-46a4-87c6-e676400761f9,"2024-10-16 06:58:16.557501+00:00",5000,2280.0000
cdad6d5b-b60e-46a4-87c6-e676400761f9,"2024-10-16 07:31:12.871165+00:00",10000,5000.0000
cdad6d5b-b60e-46a4-87c6-e676400761f9,"2024-10-16 10:35:37.993369+00:00",10000,1000.0000
cdad6d5b-b60e-46a4-87c6-e676400761f9,"2024-10-16 11:11:22.749188+00:00",10000,4000.0000
cdad6d5b-b60e-46a4-87c6-e676400761f9,"2024-10-17 05:20:21.656585+00:00",10000,5000.0000
cdad6d5b-b60e-46a4-87c6-e676400761f9,"2024-10-17 06:18:31.583205+00:00",10000,5000.0000
cdad6d5b-b60e-46a4-87c6-e676400761f9,"2024-10-18 04:05:04.657319+00:00",10000,2500.0000
cdad6d5b-b60e-46a4-87c6-e676400761f9,"2024-10-18 04:34:44.417656+00:00",10000,5000.0000
cdad6d5b-b60e-46a4-87c6-e676400761f9,"2024-10-19 02:52:10.031271+00:00",5000,2500.0000
cdad6d5b-b60e-46a4-87c6-e676400761f9,"2024-10-19 03:31:27.171542+00:00",10000,3000.0000
cdad6d5b-b60e-46a4-87c6-e676400761f9,"2024-10-20 04:48:12.556606+00:00",10000,4333.3333
cdad6d5b-b60e-46a4-87c6-e676400761f9,"2024-10-21 04:25:30.899597+00:00",10000,4333.3333
cdad6d5b-b60e-46a4-87c6-e676400761f9,"2024-10-23 08:16:10.790187+00:00",10000,5000.0000
cdb60b8a-118b-4c95-bcdc-cc7a870173ce,"2024-10-22 04:02:59.825818+00:00",3000,500.0000
cdb70a2c-d0f4-4aac-90c4-46d9260f4876,"2024-10-22 08:01:40.567636+00:00",3000,500.0000
cdb793c9-013b-40f9-8f9a-52dd4ed180b7,"2024-10-21 22:54:11.193501+00:00",4203,500.0000
cdcce2fd-570f-456e-b6c8-38d18fd2b852,"2024-10-23 15:12:49.263320+00:00",10000,500.0000
cdd22e61-668b-492a-8d95-93d22080080f,"2024-10-19 00:07:23.502399+00:00",3000,500.0000
cddc9b14-52ff-4d38-9f82-0479b17eb91c,"2024-10-21 10:43:38.051575+00:00",3000,500.0000
ce01497c-1694-4cc7-808b-2041019aa95b,"2024-10-23 11:15:12.814158+00:00",10000,3000.0000
ce203e28-2bb4-4e03-a574-5cb6b6e59253,"2024-10-18 07:31:38.245112+00:00",3000,500.0000
ce2a5833-082f-4929-a812-8f3081669775,"2024-10-17 10:14:25.646969+00:00",3000,1000.0000
ce3b6282-5908-459a-a886-7feac2d2522e,"2024-10-20 00:51:31.557659+00:00",5000,2401.0000
ce3b6282-5908-459a-a886-7feac2d2522e,"2024-10-23 10:44:24.015816+00:00",25000,4333.3333
ce3d7c3b-0f5c-41f6-8ecf-cc007d3bc783,"2024-10-20 00:16:46.316987+00:00",3000,500.0000
ce419c09-95c0-4543-aebb-c97f07883175,"2024-10-17 10:14:25.646969+00:00",3000,1000.0000
ce61b3cd-218b-40dc-9bb9-a0f87cf14a4d,"2024-10-23 11:15:12.814158+00:00",10000,3000.0000
ce6f151b-7b9c-4c01-b75f-b81856f2ae0d,"2024-10-19 14:42:19.149962+00:00",5000,500.0000
ceefe42f-eed5-40d6-9c34-c328a8f04af4,"2024-10-22 15:57:51.109683+00:00",3000,1000.0000
cf161eb6-a5cc-492e-beff-33e32395733b,"2024-10-19 12:02:09.855344+00:00",3000,500.0000
cf1fc5d3-9c26-4568-9b7f-3e49c9a515b7,"2024-10-21 12:54:13.745791+00:00",3000,1000.0000
cf1fc5d3-9c26-4568-9b7f-3e49c9a515b7,"2024-10-23 09:22:46.885148+00:00",5000,1666.6667
cf3ab9f0-e58f-4059-b4d3-f5b03b99e03f,"2024-10-17 10:14:25.646969+00:00",3000,1000.0000
cfb39fed-5c60-4072-9866-bb187d573ec6,"2024-10-18 09:16:23.203226+00:00",1000,500.0000
cff3ae69-1b28-4997-a56d-e41abe5d5c7d,"2024-10-23 06:55:26.842679+00:00",10000,5000.0000
d0045b58-ef63-488d-92e3-e51b1ff498c4,"2024-10-17 01:59:54.088297+00:00",3000,500.0000
d01ab952-6601-4f4c-992e-96b7a48eeb50,"2024-10-23 11:15:12.814158+00:00",10000,3000.0000
d01c138e-2466-4947-ad13-e15b0531fe4a,"2024-10-23 11:15:12.814158+00:00",10000,3000.0000
d05ba772-5312-4c8c-ab54-55b989b00466,"2024-10-17 10:14:25.646969+00:00",3000,1000.0000
d0633b87-9aa0-4cae-b6e2-623b1ec0c0ef,"2024-10-17 10:14:25.646969+00:00",3000,1000.0000
d0bfa3fe-cd57-4555-b051-20ed09431a7b,"2024-10-19 07:47:35.691598+00:00",5000,500.0000
d0d95612-c43e-48a7-b075-d008908aff05,"2024-10-23 11:15:12.814158+00:00",10000,3000.0000
d0e49bbe-43d9-4d7f-b6c8-08afa822430a,"2024-10-21 12:54:13.745791+00:00",3000,1000.0000
d0e49bbe-43d9-4d7f-b6c8-08afa822430a,"2024-10-23 09:22:46.885148+00:00",5000,1666.6667
d108fe65-8ce0-4cd7-868e-812339158fc7,"2024-10-18 08:09:23.968095+00:00",10000,500.0000
d12f9880-bf2f-4427-a9e5-aa68e8cdcefb,"2024-10-22 04:02:59.825818+00:00",3000,500.0000
d133c2d1-5d7a-4d97-9d3d-61fb4728648e,"2024-10-23 02:17:27.027265+00:00",3000,500.0000
d1421983-ca33-4ebd-ac51-aca3b3c7ad52,"2024-10-16 03:18:39.581004+00:00",10000,946.6667
d1421983-ca33-4ebd-ac51-aca3b3c7ad52,"2024-10-16 03:19:13.281288+00:00",10000,3946.6667
d1421983-ca33-4ebd-ac51-aca3b3c7ad52,"2024-10-16 06:57:35.048482+00:00",5000,893.3333
d1421983-ca33-4ebd-ac51-aca3b3c7ad52,"2024-10-16 06:58:16.557501+00:00",5000,2280.0000
d1421983-ca33-4ebd-ac51-aca3b3c7ad52,"2024-10-16 07:31:12.871165+00:00",10000,5000.0000
d1421983-ca33-4ebd-ac51-aca3b3c7ad52,"2024-10-16 10:35:37.993369+00:00",10000,1000.0000
d1421983-ca33-4ebd-ac51-aca3b3c7ad52,"2024-10-16 11:11:22.749188+00:00",10000,4000.0000
d1421983-ca33-4ebd-ac51-aca3b3c7ad52,"2024-10-17 05:20:21.656585+00:00",10000,5000.0000
d1421983-ca33-4ebd-ac51-aca3b3c7ad52,"2024-10-17 06:18:31.583205+00:00",10000,5000.0000
d1421983-ca33-4ebd-ac51-aca3b3c7ad52,"2024-10-18 04:05:04.657319+00:00",10000,2500.0000
d1421983-ca33-4ebd-ac51-aca3b3c7ad52,"2024-10-18 04:34:44.417656+00:00",10000,5000.0000
d1421983-ca33-4ebd-ac51-aca3b3c7ad52,"2024-10-19 02:52:10.031271+00:00",5000,2500.0000
d1421983-ca33-4ebd-ac51-aca3b3c7ad52,"2024-10-19 03:31:27.171542+00:00",10000,3000.0000
d1421983-ca33-4ebd-ac51-aca3b3c7ad52,"2024-10-20 04:48:12.556606+00:00",10000,4333.3333
d1421983-ca33-4ebd-ac51-aca3b3c7ad52,"2024-10-21 04:25:30.899597+00:00",10000,4333.3333
d1421983-ca33-4ebd-ac51-aca3b3c7ad52,"2024-10-23 08:16:10.790187+00:00",10000,5000.0000
d159d942-d691-4a75-8e3f-d1ca80c3296f,"2024-10-19 05:30:24.759746+00:00",2920,1460.0000
d15b3ac4-e18a-4342-b836-414d692af954,"2024-10-21 08:06:32.846272+00:00",1000,500.0000
d163bd79-4390-4720-8296-0426f356f4f8,"2024-10-23 11:15:12.814158+00:00",10000,3000.0000
d182588f-55a4-4c1c-981f-1905dfaaafee,"2024-10-17 10:14:25.646969+00:00",3000,1000.0000
d1a12b4c-87f8-471f-80a8-54b85f8db554,"2024-10-21 04:37:28.845011+00:00",1000,500.0000
d1b44b18-c33b-4fef-97f4-4364c036fa6b,"2024-10-18 07:53:44.856028+00:00",3000,500.0000
d1e345df-e2f2-4dd6-bc94-321390c10e13,"2024-10-17 10:14:25.646969+00:00",3000,1000.0000
d20eecaa-5909-40ad-82eb-6d548b701378,"2024-10-21 12:54:13.745791+00:00",3000,1000.0000
d20eecaa-5909-40ad-82eb-6d548b701378,"2024-10-23 09:22:46.885148+00:00",5000,1666.6667
d24a6fab-1380-4256-8dfb-1331b28019a7,"2024-10-21 06:06:17.599441+00:00",3000,500.0000
d25a7a31-cd35-4cd0-8cc8-c3cb4e0eb122,"2024-10-19 10:59:00.741536+00:00",10000,5000.0000
d2668396-19e6-4898-8b68-beac5277afe3,"2024-10-17 12:23:33.683030+00:00",1000,500.0000
d27ae531-3e97-4edb-b0eb-1152c0410aad,"2024-10-21 09:06:47.679036+00:00",3000,500.0000
d2bd5705-fd30-4056-bfd4-b1c4395f4468,"2024-10-18 16:24:06.191727+00:00",10000,5000.0000
d2bd6463-a64f-4bd4-a07d-d7671f36e024,"2024-10-23 04:00:21.151018+00:00",3000,500.0000
d2c03902-ef08-4cb5-8eb2-826fd15138f7,"2024-10-21 01:56:43.365145+00:00",5000,500.0000
d2c03902-ef08-4cb5-8eb2-826fd15138f7,"2024-10-22 01:10:06.892976+00:00",10000,2750.0000
d2c3fc1e-92d1-4aad-9193-544954592341,"2024-10-22 17:09:05.760338+00:00",10000,4333.3333
d2c7fe09-90a7-4b19-ba3b-8f42e13b6c23,"2024-10-17 16:58:53.460288+00:00",1000,500.0000
d2d182d2-4e2e-40bd-a0ab-3ad8fe35620c,"2024-10-20 13:22:04.933702+00:00",1000,500.0000
d31b7845-b09f-46ef-90fe-4d4021103fe1,"2024-10-18 04:54:41.794075+00:00",10000,5000.0000
d347ea74-5515-4f90-9cac-e8ae521e07ea,"2024-10-17 05:15:57.378428+00:00",10000,500.0000
d34d272c-6a90-405e-8312-0d64a92c4eed,"2024-10-17 14:02:44.112741+00:00",10000,5000.0000
d36423c7-e181-4ef0-88a6-ac6e01272155,"2024-10-21 12:54:13.745791+00:00",3000,1000.0000
d36423c7-e181-4ef0-88a6-ac6e01272155,"2024-10-23 09:22:46.885148+00:00",5000,1666.6667
d387b0fb-05e3-4fc1-8ebe-1b467a6a39e7,"2024-10-21 06:54:21.808421+00:00",3000,1000.0000
d38cca32-f425-49fe-a980-0848093fa5ee,"2024-10-23 11:56:41.844621+00:00",3000,500.0000
d3b3474d-652e-4c17-b1ee-fa48972609d7,"2024-10-23 11:28:47.289926+00:00",25225,12611.0000
d3e8c2bc-33ba-4d7d-8d9a-32b2a5965a59,"2024-10-17 10:14:25.646969+00:00",3000,1000.0000
d3f30a59-218a-4c50-8dc6-37d31b94c91f,"2024-10-18 09:16:23.203226+00:00",1000,500.0000
d40230a7-054e-4fac-90d8-9c9ee7177148,"2024-10-21 13:44:58.404122+00:00",5000,500.0000
d40741bd-4c79-4d60-9963-a13e7b789fd4,"2024-10-21 12:54:13.745791+00:00",3000,1000.0000
d40741bd-4c79-4d60-9963-a13e7b789fd4,"2024-10-23 09:22:46.885148+00:00",5000,1666.6667
d4096761-e748-48ba-85a2-be72e66ffb08,"2024-10-16 03:18:39.581004+00:00",10000,946.6667
d4096761-e748-48ba-85a2-be72e66ffb08,"2024-10-16 03:19:13.281288+00:00",10000,3946.6667
d4096761-e748-48ba-85a2-be72e66ffb08,"2024-10-16 06:57:35.048482+00:00",5000,893.3333
d4096761-e748-48ba-85a2-be72e66ffb08,"2024-10-16 06:58:16.557501+00:00",5000,2280.0000
d4096761-e748-48ba-85a2-be72e66ffb08,"2024-10-16 07:31:12.871165+00:00",10000,5000.0000
d4096761-e748-48ba-85a2-be72e66ffb08,"2024-10-16 10:35:37.993369+00:00",10000,1000.0000
d4096761-e748-48ba-85a2-be72e66ffb08,"2024-10-16 11:11:22.749188+00:00",10000,4000.0000
d4096761-e748-48ba-85a2-be72e66ffb08,"2024-10-17 05:20:21.656585+00:00",10000,5000.0000
d4096761-e748-48ba-85a2-be72e66ffb08,"2024-10-17 06:18:31.583205+00:00",10000,5000.0000
d4096761-e748-48ba-85a2-be72e66ffb08,"2024-10-18 04:05:04.657319+00:00",10000,2500.0000
d4096761-e748-48ba-85a2-be72e66ffb08,"2024-10-18 04:34:44.417656+00:00",10000,5000.0000
d4096761-e748-48ba-85a2-be72e66ffb08,"2024-10-19 02:52:10.031271+00:00",5000,2500.0000
d4096761-e748-48ba-85a2-be72e66ffb08,"2024-10-19 03:31:27.171542+00:00",10000,3000.0000
d4096761-e748-48ba-85a2-be72e66ffb08,"2024-10-20 04:48:12.556606+00:00",10000,4333.3333
d4096761-e748-48ba-85a2-be72e66ffb08,"2024-10-21 04:25:30.899597+00:00",10000,4333.3333
d4096761-e748-48ba-85a2-be72e66ffb08,"2024-10-23 08:16:10.790187+00:00",10000,5000.0000
d432db43-9ffd-4788-b8e1-332a03ad160d,"2024-10-17 10:14:25.646969+00:00",3000,1000.0000
d43c564c-55e5-4026-ad0f-36c72b822af2,"2024-10-18 05:24:24.666704+00:00",10000,500.0000
d448873a-aebc-4b9f-a629-a5b8246facaf,"2024-10-23 11:15:12.814158+00:00",10000,3000.0000
d45bd6dc-2034-47ad-a74a-6dbeeebc8f0f,"2024-10-20 13:35:26.045688+00:00",5000,500.0000
d4a49d52-774b-4045-bb60-cd4c35cb6eee,"2024-10-18 02:59:21.034810+00:00",50000,23333.3333
d4ae451a-9b7b-4874-b447-49f2716898ef,"2024-10-18 01:10:02.216507+00:00",1681,840.0000
d4ea90f1-9736-4101-b639-9763989abf32,"2024-10-17 10:14:25.646969+00:00",3000,1000.0000
d507daa9-4df6-48a3-8850-590c572a9cc5,"2024-10-23 11:15:12.814158+00:00",10000,3000.0000
d52915ca-d3fb-46e6-91c1-5c0a403c20a1,"2024-10-23 04:16:29.085372+00:00",10000,3000.0000
d5387692-4562-49d7-b723-030e7f47cf40,"2024-10-17 10:28:03.902328+00:00",1680,840.0000
d53a2932-4f5a-4610-820c-3b284800886c,"2024-10-23 10:54:14.288898+00:00",1000,500.0000
d54945b1-f2a5-4909-9104-f739f7f05766,"2024-10-17 10:14:25.646969+00:00",3000,1000.0000
d550e53f-eb8f-445b-bc87-1eaa6082ec6a,"2024-10-17 10:14:25.646969+00:00",3000,1000.0000
d57af99b-4217-47a5-bc3d-b2277fc71ea0,"2024-10-22 11:13:15.138606+00:00",5000,500.0000
d5c88989-6c04-4e49-99a1-323b98ceb4d5,"2024-10-21 12:54:13.745791+00:00",3000,1000.0000
d5c88989-6c04-4e49-99a1-323b98ceb4d5,"2024-10-23 09:22:46.885148+00:00",5000,1666.6667
d5f61c63-04d2-4df7-b256-b975d94e609c,"2024-10-17 13:54:25.487728+00:00",3000,500.0000
d5f6c33c-1520-4467-85f1-b60dedb92fb1,"2024-10-17 06:15:25.192462+00:00",2500,1000.0000
d601b3f8-d529-4ca8-9d01-9af1457d3412,"2024-10-19 01:43:09.945988+00:00",3000,500.0000
d6178538-ae8b-4e72-8097-1b3f20be5184,"2024-10-23 04:36:31.878153+00:00",3000,500.0000
d665ae9a-3345-425d-b3b3-34c27bdb4e0f,"2024-10-21 17:39:54.684999+00:00",3000,500.0000
d66d9d6d-07ce-477b-9890-6471c7ea6b6e,"2024-10-22 17:09:05.760338+00:00",10000,4333.3333
d670b3bd-28c6-4869-9bfc-767da70eaa1a,"2024-10-19 09:55:00.873038+00:00",1681,840.0000
d6c6625a-45ab-4ffa-a9ab-15d801b80359,"2024-10-22 09:26:26.040440+00:00",13552,2713.3333
d6c6625a-45ab-4ffa-a9ab-15d801b80359,"2024-10-22 09:27:23.608328+00:00",13552,6325.6667
d6c6625a-45ab-4ffa-a9ab-15d801b80359,"2024-10-22 18:36:49.713028+00:00",5421,2710.0000
d6c6625a-45ab-4ffa-a9ab-15d801b80359,"2024-10-23 16:44:43.522469+00:00",5403,1445.3333
d6d7012e-ccf7-4506-b0db-200697916be6,"2024-10-17 16:58:53.460288+00:00",1000,500.0000
d6fbe2f9-2005-45c6-972a-d1a259be4035,"2024-10-21 05:42:38.978165+00:00",1000,500.0000
d7260122-f1ce-4cb1-a3c4-b766c3db7d74,"2024-10-23 02:19:27.323184+00:00",3000,500.0000
d754b2ed-aecf-41a8-ab59-9c80dcc495b0,"2024-10-16 03:18:39.581004+00:00",10000,946.6667
d754b2ed-aecf-41a8-ab59-9c80dcc495b0,"2024-10-16 03:19:13.281288+00:00",10000,3946.6667
d754b2ed-aecf-41a8-ab59-9c80dcc495b0,"2024-10-16 06:57:35.048482+00:00",5000,893.3333
d754b2ed-aecf-41a8-ab59-9c80dcc495b0,"2024-10-16 06:58:16.557501+00:00",5000,2280.0000
d754b2ed-aecf-41a8-ab59-9c80dcc495b0,"2024-10-16 07:31:12.871165+00:00",10000,5000.0000
d754b2ed-aecf-41a8-ab59-9c80dcc495b0,"2024-10-16 10:35:37.993369+00:00",10000,1000.0000
d754b2ed-aecf-41a8-ab59-9c80dcc495b0,"2024-10-16 11:11:22.749188+00:00",10000,4000.0000
d754b2ed-aecf-41a8-ab59-9c80dcc495b0,"2024-10-17 05:20:21.656585+00:00",10000,5000.0000
d754b2ed-aecf-41a8-ab59-9c80dcc495b0,"2024-10-17 06:18:31.583205+00:00",10000,5000.0000
d754b2ed-aecf-41a8-ab59-9c80dcc495b0,"2024-10-18 04:05:04.657319+00:00",10000,2500.0000
d754b2ed-aecf-41a8-ab59-9c80dcc495b0,"2024-10-18 04:34:44.417656+00:00",10000,5000.0000
d754b2ed-aecf-41a8-ab59-9c80dcc495b0,"2024-10-19 02:52:10.031271+00:00",5000,2500.0000
d754b2ed-aecf-41a8-ab59-9c80dcc495b0,"2024-10-19 03:31:27.171542+00:00",10000,3000.0000
d754b2ed-aecf-41a8-ab59-9c80dcc495b0,"2024-10-20 04:48:12.556606+00:00",10000,4333.3333
d754b2ed-aecf-41a8-ab59-9c80dcc495b0,"2024-10-21 04:25:30.899597+00:00",10000,4333.3333
d754b2ed-aecf-41a8-ab59-9c80dcc495b0,"2024-10-23 08:16:10.790187+00:00",10000,5000.0000
d7a6dac3-0058-40c5-bce3-8a6f1207b619,"2024-10-20 00:51:31.557659+00:00",5000,2401.0000
d7a6dac3-0058-40c5-bce3-8a6f1207b619,"2024-10-23 10:44:24.015816+00:00",25000,4333.3333
d7abe756-d33b-434c-b326-854af461017c,"2024-10-17 13:41:06.872044+00:00",1000,500.0000
d7c8859a-5784-4379-ae41-684b97f2455b,"2024-10-23 11:15:12.814158+00:00",10000,3000.0000
d7cf396c-9e88-4f53-bafd-1e16614cbd0a,"2024-10-23 01:53:52.182237+00:00",10000,500.0000
d7feb7c8-80a8-4dbc-b0ea-a0f75ba7f2b5,"2024-10-17 16:58:53.460288+00:00",1000,500.0000
d81b7317-060a-4d8a-bab2-ff3649dbc126,"2024-10-22 17:09:05.760338+00:00",10000,4333.3333
d84bc388-d6b3-4845-b43b-a1ebb9801a5d,"2024-10-20 02:36:51.497427+00:00",2101,840.0000
d8b2507b-0db8-4d1b-9895-41e9a73289ab,"2024-10-21 15:11:44.154760+00:00",3000,500.0000
d8e55ee3-365f-4e0b-94c1-1bb7055b2191,"2024-10-23 14:31:00.929959+00:00",2500,1000.0000
d912e1bf-30c7-453b-aaf2-adee0b5de422,"2024-10-17 10:14:25.646969+00:00",3000,1000.0000
d93a8f5e-91b7-4316-8054-6a8556fac3ac,"2024-10-20 17:15:09.875392+00:00",1000,500.0000
d9482e1b-cbf0-41e2-b90a-0b006aad2e24,"2024-10-23 03:27:19.912938+00:00",10000,500.0000
d94d1aa3-685e-4fcb-81ba-789f983d3785,"2024-10-23 11:15:12.814158+00:00",10000,3000.0000
d9510a69-1958-4f54-a036-df5b25fe05d0,"2024-10-23 11:46:34.785699+00:00",3000,500.0000
d9b83e78-2d17-47ea-9e21-5528c5650946,"2024-10-18 03:54:57.999988+00:00",9114,1830.0000
d9c38900-bd30-4f48-9250-b75895b1ed7e,"2024-10-23 11:15:12.814158+00:00",10000,3000.0000
d9c9913a-0fc3-40b6-90ac-e83d5b24b71d,"2024-10-20 11:22:09.808836+00:00",10000,5000.0000
d9d7739a-9434-4ef4-a741-4e286dcb5af9,"2024-10-22 08:16:41.191102+00:00",1000,500.0000
d9edb3fe-1c4c-4b5e-bbef-991c37527d0d,"2024-10-23 11:15:12.814158+00:00",10000,3000.0000
d9f2ba5c-242e-4b2c-ac6a-1be380d1dc66,"2024-10-22 17:09:05.760338+00:00",10000,4333.3333
da0e86e7-dbe5-4bec-b24a-13bffed74607,"2024-10-20 10:57:58.544123+00:00",3000,500.0000
da213d65-2a2b-40b8-a7ac-2afaa5aed0cc,"2024-10-20 07:43:57.434957+00:00",1000,500.0000
da40a9ce-28b0-4144-873b-c83953500d45,"2024-10-19 19:24:37.542592+00:00",5000,1000.0000
da43b6f6-1c24-4bcb-94df-7d54efa18448,"2024-10-21 02:55:32.843006+00:00",10000,3000.0000
dac86721-5c40-456a-9176-fbc630668786,"2024-10-21 12:34:02.504360+00:00",3000,500.0000
dae00b91-f15d-4fcb-bfb7-3c94e1f5e1c5,"2024-10-20 04:25:50.962294+00:00",3000,500.0000
db173193-c9d6-44a6-8761-5cfa185e2c0d,"2024-10-17 10:14:25.646969+00:00",3000,1000.0000
db340b62-fef6-400f-a540-72e5ffe61c01,"2024-10-18 02:59:21.034810+00:00",50000,10000.0000
db559926-d47f-45f6-8d65-3f05a6e9053e,"2024-10-17 12:21:10.059658+00:00",1000,500.0000
db62780c-b4ba-4341-a80d-82f40f37fb10,"2024-10-21 12:54:13.745791+00:00",3000,1000.0000
db62780c-b4ba-4341-a80d-82f40f37fb10,"2024-10-23 09:22:46.885148+00:00",5000,1666.6667
db7c9974-8511-4b97-b57e-5b4812077a9d,"2024-10-23 11:15:12.814158+00:00",10000,3000.0000
db96db03-f2b2-4fd2-8ca7-da02e842aedf,"2024-10-21 13:32:08.903170+00:00",5000,500.0000
dbb3b3f6-78ad-4e20-9851-10a555b98856,"2024-10-17 10:14:25.646969+00:00",3000,1000.0000
dbde200a-7844-4e9d-8faf-50b60c68de57,"2024-10-19 05:54:51.121029+00:00",10000,500.0000
dbed957d-5bdb-4fc2-affe-44be4f0a8054,"2024-10-21 02:21:51.431952+00:00",5000,500.0000
dbef1198-8f67-4771-ac77-f8e5605c9d61,"2024-10-19 01:35:57.569467+00:00",3000,500.0000
dbf1677b-ceb9-416a-8245-98688641cee2,"2024-10-18 07:40:53.941391+00:00",25000,10000.0000
dc07b71e-ac14-4f5b-b941-ca8fb112741a,"2024-10-23 16:44:43.522469+00:00",5403,1084.0000
dc1efb36-73f5-4701-9dca-f475c1e624a4,"2024-10-21 10:27:07.029068+00:00",3000,500.0000
dc6a5a53-1023-4f0a-bef7-da609a37de7c,"2024-10-17 10:14:25.646969+00:00",3000,1000.0000
dc8c4205-d13b-4c39-80e6-e3d5af248dba,"2024-10-17 10:14:25.646969+00:00",3000,1000.0000
dcd8d3b9-0458-4e3a-8bcf-b157db965243,"2024-10-21 05:53:26.832724+00:00",1000,500.0000
dd3b348c-24e6-45ed-ad0d-5d0c1a218ad8,"2024-10-20 08:34:45.350972+00:00",1000,500.0000
dd5bd27c-cf0e-4281-a6fa-796a88942170,"2024-10-23 16:44:43.522469+00:00",5403,1084.0000
dd8083cd-9076-44ae-aefa-c2ac16a49158,"2024-10-18 13:03:55.979125+00:00",10000,5000.0000
dd8d6b0a-aaf8-4065-add3-a4e4cb458c2f,"2024-10-17 12:21:10.059658+00:00",1000,500.0000
dd8e9ce6-5169-4ae2-9697-34480a90bba1,"2024-10-17 16:09:26.065175+00:00",3000,500.0000
ddbe4262-26cf-45c8-b770-ecae84d95a1a,"2024-10-23 11:15:12.814158+00:00",10000,3000.0000
ddc76880-41b8-48a3-8646-3843acefff82,"2024-10-17 10:14:25.646969+00:00",3000,1000.0000
ddca5713-43f9-4662-9166-ecdcb67782ac,"2024-10-22 02:55:29.654610+00:00",2500,500.0000
ddca5713-43f9-4662-9166-ecdcb67782ac,"2024-10-23 05:28:43.714975+00:00",5000,1500.0000
ddd0c7b2-e6b1-4e16-9797-de7628b44617,"2024-10-17 10:14:25.646969+00:00",3000,1000.0000
ddd98f58-09e5-4224-8ab6-65af6687f48d,"2024-10-17 10:14:25.646969+00:00",3000,1000.0000
de0e8082-2d1f-4dee-bf6c-36475cf66e3a,"2024-10-22 02:59:28.257598+00:00",7500,2500.0000
de1cd0e3-4134-4ce7-b705-775783502690,"2024-10-22 15:57:51.109683+00:00",3000,1000.0000
de323d80-d301-4bd9-9f69-b29d6acb8416,"2024-10-23 05:46:58.936204+00:00",3000,500.0000
de34f414-b32d-4d78-a416-ebebeda71418,"2024-10-17 10:14:25.646969+00:00",3000,1000.0000
de5d5115-86a7-49e6-a821-a6201af086ae,"2024-10-18 14:37:30.149515+00:00",2706,1081.3333
de5d5115-86a7-49e6-a821-a6201af086ae,"2024-10-19 18:38:48.086823+00:00",5430,1265.3333
de5d5115-86a7-49e6-a821-a6201af086ae,"2024-10-19 18:39:13.772007+00:00",5430,2534.0000
de5d5115-86a7-49e6-a821-a6201af086ae,"2024-10-21 11:24:05.448875+00:00",5431,1448.0000
de5d5115-86a7-49e6-a821-a6201af086ae,"2024-10-21 11:36:23.531309+00:00",5431,2715.3333
de730c0b-5a82-46a8-9192-0206366e5cd1,"2024-10-22 06:34:05.840232+00:00",10000,5000.0000
de759c0f-5b99-4d66-b5ac-f306015cb07f,"2024-10-17 10:14:25.646969+00:00",3000,1000.0000
de902831-4f42-40ad-948b-02a328e97951,"2024-10-17 10:14:25.646969+00:00",3000,1000.0000
dece7382-dfc0-478b-8ea1-6ab8514bd2b0,"2024-10-17 13:29:09.248744+00:00",5000,500.0000
ded9131d-2dbf-491b-89cc-6ad40b6dbb21,"2024-10-20 00:51:31.557659+00:00",5000,2401.0000
ded9131d-2dbf-491b-89cc-6ad40b6dbb21,"2024-10-23 10:44:24.015816+00:00",25000,4333.3333
dedea12e-4d77-461b-beaa-69540aab8a2b,"2024-10-23 03:26:40.393614+00:00",3000,500.0000
dee851e4-e7e3-4509-b855-53f491de294f,"2024-10-20 10:37:07.115193+00:00",1681,840.0000
deea226e-7103-414d-a693-ee2e13183748,"2024-10-19 19:24:37.542592+00:00",5000,1000.0000
defa508e-0898-49f4-a9d9-ba6277e8ac62,"2024-10-17 10:14:25.646969+00:00",3000,1000.0000
df272be7-74cc-40d0-b29f-df164c6dfdad,"2024-10-17 10:14:25.646969+00:00",3000,1000.0000
df3e2c5a-e32c-4477-ad28-74174fdd0e28,"2024-10-19 10:30:19.489194+00:00",1000,500.0000
df3e2c5a-e32c-4477-ad28-74174fdd0e28,"2024-10-20 02:45:21.310256+00:00",3000,750.0000
df481d19-3fd6-40bc-8770-e9469b74ec45,"2024-10-21 08:41:46.521303+00:00",1000,500.0000
df65c6ed-bfe0-44fe-b6e1-4893ca7683cb,"2024-10-20 13:04:34.953686+00:00",5000,500.0000
df65c6ed-bfe0-44fe-b6e1-4893ca7683cb,"2024-10-22 04:26:52.390898+00:00",5000,2000.0000
df678a10-7736-4092-9ffa-d1badb3664c3,"2024-10-23 11:15:12.814158+00:00",10000,3000.0000
dfa25a6b-7a4c-4512-a6d5-34b26325fbd5,"2024-10-23 11:15:12.814158+00:00",10000,3000.0000
dfa86bcc-85fd-4bc0-8eb6-fe81dfc8bcc4,"2024-10-21 02:57:11.392449+00:00",3000,500.0000
dfbe7510-1ddc-4a91-acba-d54331efb29f,"2024-10-18 08:27:20.280058+00:00",3000,500.0000
dfe338b6-b124-4cca-ab1f-76ad8087734a,"2024-10-17 16:58:53.460288+00:00",1000,500.0000
e0168d9b-6fa1-4b94-93b3-0e54c67ff48a,"2024-10-20 06:27:29.523241+00:00",1681,840.0000
e02db8b6-7375-4af7-a11d-d731508ca6dd,"2024-10-23 11:15:12.814158+00:00",10000,3000.0000
e03cc02c-068a-463d-9458-eac975983317,"2024-10-19 02:12:36.134367+00:00",3000,500.0000
e03eb1dc-1020-4d81-8613-798425d59c7a,"2024-10-17 07:08:40.472033+00:00",1000,500.0000
e046b98f-3710-4ed6-84d8-14be5c5dd887,"2024-10-22 11:37:24.580196+00:00",3000,1333.3333
e046b98f-3710-4ed6-84d8-14be5c5dd887,"2024-10-23 00:57:02.250349+00:00",3000,1333.3333
e046b98f-3710-4ed6-84d8-14be5c5dd887,"2024-10-23 01:01:07.774145+00:00",3000,1333.3333
e07c483c-675f-487d-9d00-cc699b1f514d,"2024-10-20 04:12:51.845936+00:00",3000,500.0000
e0dcfc5d-2d3a-42e2-9d18-a1b80f084203,"2024-10-20 19:27:11.640066+00:00",3000,500.0000
e0df93f5-aa17-4188-9d04-4193d32e2460,"2024-10-23 03:25:43.139488+00:00",5000,500.0000
e0efddcb-f31b-4d93-9632-311fd46c378a,"2024-10-21 12:54:13.745791+00:00",3000,1000.0000
e0efddcb-f31b-4d93-9632-311fd46c378a,"2024-10-23 09:22:46.885148+00:00",5000,1666.6667
e0fb5cc4-f0bb-4021-9313-7f1b9772dcba,"2024-10-17 10:14:25.646969+00:00",3000,1000.0000
e106c2e8-4ffb-43d4-8f0e-296804a097dd,"2024-10-18 04:08:09.304346+00:00",5000,500.0000
e11587ff-6312-4cbe-b6c0-7492ec9c3319,"2024-10-19 13:09:52.482927+00:00",3000,500.0000
e11587ff-6312-4cbe-b6c0-7492ec9c3319,"2024-10-20 09:12:39.979944+00:00",3000,1333.3333
e11587ff-6312-4cbe-b6c0-7492ec9c3319,"2024-10-23 15:08:02.565091+00:00",5000,2166.6667
e14006c7-1d1e-423d-9d2f-2eadabac712c,"2024-10-20 08:02:00.768655+00:00",2500,500.0000
e166d362-0d63-4778-aac1-1ca9f68475f7,"2024-10-22 17:09:05.760338+00:00",10000,4333.3333
e18ffcc9-14f4-4b35-9994-a354052e1ef9,"2024-10-17 11:56:18.718153+00:00",3000,1000.0000
e19117a4-c009-474b-bfbc-93ab8348aab5,"2024-10-19 03:31:27.171542+00:00",10000,920.0000
e1b38a55-553b-4c49-bfa6-06a8fe1d64bc,"2024-10-21 12:54:13.745791+00:00",3000,1000.0000
e1b38a55-553b-4c49-bfa6-06a8fe1d64bc,"2024-10-23 09:22:46.885148+00:00",5000,1666.6667
e1d25390-ba4a-46f2-b615-49e184f74357,"2024-10-18 07:38:00.825527+00:00",2706,1082.0000
e20ff41e-6c57-4b32-9d79-080a72deba42,"2024-10-20 23:43:47.463735+00:00",10000,500.0000
e2304b8a-c903-4e06-9493-6380887cadc2,"2024-10-21 12:54:13.745791+00:00",3000,1000.0000
e2304b8a-c903-4e06-9493-6380887cadc2,"2024-10-23 09:22:46.885148+00:00",5000,1666.6667
e2348bec-3785-431e-92e0-9e532618e924,"2024-10-20 15:50:44.623455+00:00",5000,2101.0000
e2607177-5e37-42e3-9183-0d1f1bcfe3fd,"2024-10-17 10:14:25.646969+00:00",3000,1000.0000
e26880fe-adde-4c43-8d1c-33cedeb676e0,"2024-10-19 17:53:31.106360+00:00",5000,500.0000
e328f853-b8be-4a04-a07b-b9577bdd9e70,"2024-10-21 02:57:11.392449+00:00",3000,500.0000
e3345b3f-6ad5-4939-9e58-7adaee58722c,"2024-10-19 07:38:18.997438+00:00",10000,5000.0000
e37faae0-e00b-476a-99eb-3ab123dca539,"2024-10-17 16:58:53.460288+00:00",1000,500.0000
e3b016b7-fc74-44a4-98ed-cca2730933fa,"2024-10-17 10:14:25.646969+00:00",3000,1000.0000
e3bc0645-e082-4692-a28f-8f65676c23ee,"2024-10-20 00:51:31.557659+00:00",5000,2401.0000
e3bc0645-e082-4692-a28f-8f65676c23ee,"2024-10-23 10:44:24.015816+00:00",25000,4333.3333
e3bd59df-4277-4e7b-b8a4-10ca1ad1abe1,"2024-10-21 02:57:11.392449+00:00",3000,500.0000
e3cf2da2-c809-44de-adf9-6c67db92a178,"2024-10-19 06:16:13.597517+00:00",10000,4333.3333
e3d559d2-975c-45b6-b547-1b6dc9a4acd1,"2024-10-21 12:04:36.686533+00:00",3000,1333.3333
e3d559d2-975c-45b6-b547-1b6dc9a4acd1,"2024-10-21 13:26:42.995267+00:00",3000,1333.3333
e3d559d2-975c-45b6-b547-1b6dc9a4acd1,"2024-10-23 03:10:11.902994+00:00",3000,500.0000
e3e1016c-2c32-4c9f-aa30-f236ef818d22,"2024-10-20 13:27:38.919274+00:00",3000,500.0000
e4160c72-e12e-4727-bc15-b1fc1f79d922,"2024-10-21 02:44:09.891143+00:00",5000,500.0000
e422a5b9-e3c3-4e60-8692-9e998cd9ec44,"2024-10-23 14:31:00.929959+00:00",2500,1000.0000
e42984b3-da34-4dc0-93fc-4330a560ae81,"2024-10-17 10:14:25.646969+00:00",3000,1000.0000
e439e528-dece-4c4c-ac5a-dfe7b999f544,"2024-10-21 12:54:13.745791+00:00",3000,1000.0000
e439e528-dece-4c4c-ac5a-dfe7b999f544,"2024-10-23 09:22:46.885148+00:00",5000,1666.6667
e4689dd1-8db8-4314-81a5-4ca1db866dcc,"2024-10-20 00:28:33.177895+00:00",3000,500.0000
e4847ffc-8cc3-4a1a-8dd8-eeb09db56af2,"2024-10-23 07:34:53.614162+00:00",5000,500.0000
e4981682-da89-4e64-b7cc-389ddf263528,"2024-10-22 03:55:26.049605+00:00",10000,500.0000
e4b856ae-e82f-4e70-a504-7eb427e5823b,"2024-10-17 10:14:25.646969+00:00",3000,1000.0000
e4ce106a-ac54-423c-aec5-ebe48a418839,"2024-10-20 04:41:35.603294+00:00",3000,500.0000
e51db3ec-ff49-42c3-90bb-9844e5218715,"2024-10-18 03:22:00.423680+00:00",1000,500.0000
e53b4733-e10d-4094-a5de-4305c4f935f0,"2024-10-17 12:21:10.059658+00:00",1000,500.0000
e58e9450-a57e-4b73-8a6a-ef568e4fb7a3,"2024-10-17 10:14:25.646969+00:00",3000,1000.0000
e5b55d03-50a6-4bb1-aae2-5cdb63912b2a,"2024-10-20 16:40:09.008043+00:00",2101,840.0000
e60e8ea4-c574-47fd-b916-c459ec5a92a4,"2024-10-17 16:58:53.460288+00:00",1000,500.0000
e619be33-2896-489c-8555-c06be3b2080b,"2024-10-17 10:14:25.646969+00:00",3000,1000.0000
e6232208-6d96-418e-b7c4-baec1b650d4f,"2024-10-23 03:47:27.231171+00:00",1000,500.0000
e635137c-3f37-4f09-96b8-db8995792a5f,"2024-10-17 10:14:25.646969+00:00",3000,1000.0000
e657293a-f0e6-412f-9ab8-c3fc76a4b8a6,"2024-10-17 04:01:49.843921+00:00",3000,500.0000
e6b858d1-4323-4206-85ea-b03b29aa96fe,"2024-10-22 04:48:50.948917+00:00",2500,1000.0000
e6c1f2a2-d8fe-4d9c-980a-3711df4c8aa0,"2024-10-22 02:59:28.257598+00:00",7500,2500.0000
e6df847c-b3c2-482c-9b3c-b046663e18fb,"2024-10-18 14:19:18.915151+00:00",3000,500.0000
e7597481-c6b8-4036-adb0-f1f20403607c,"2024-10-17 10:14:25.646969+00:00",3000,1000.0000
e76e5c58-ec92-46d7-a522-f691d417a7bb,"2024-10-17 10:14:25.646969+00:00",3000,1000.0000
e77c20bb-b592-4621-818c-5ff621f01ecd,"2024-10-21 01:17:18.165745+00:00",3000,500.0000
e7d01a90-c19d-4d6d-a226-4e8eb868f424,"2024-10-19 00:00:56.624567+00:00",25000,10000.0000
e81d76fa-c950-4502-b9d5-d4293318239d,"2024-10-20 06:07:08.904674+00:00",3000,500.0000
e82bfeee-f5a5-47f0-b5ef-b55c44283d14,"2024-10-22 17:09:05.760338+00:00",10000,4333.3333
e839d6d0-fc34-4735-b214-e7c3ad1d85f3,"2024-10-22 16:06:26.682099+00:00",3000,500.0000
e84dc1f2-fa70-4a2d-bfa3-7541239dc867,"2024-10-18 01:46:56.342540+00:00",50000,23333.3333
e84dc1f2-fa70-4a2d-bfa3-7541239dc867,"2024-10-18 02:59:21.034810+00:00",50000,23333.3333
e86597bf-a062-44a1-9cb0-3f7c7bb9c98b,"2024-10-16 03:18:39.581004+00:00",10000,946.6667
e86597bf-a062-44a1-9cb0-3f7c7bb9c98b,"2024-10-16 03:19:13.281288+00:00",10000,3946.6667
e86597bf-a062-44a1-9cb0-3f7c7bb9c98b,"2024-10-16 06:57:35.048482+00:00",5000,893.3333
e86597bf-a062-44a1-9cb0-3f7c7bb9c98b,"2024-10-16 06:58:16.557501+00:00",5000,2280.0000
e86597bf-a062-44a1-9cb0-3f7c7bb9c98b,"2024-10-16 07:31:12.871165+00:00",10000,5000.0000
e86597bf-a062-44a1-9cb0-3f7c7bb9c98b,"2024-10-16 10:35:37.993369+00:00",10000,1000.0000
e86597bf-a062-44a1-9cb0-3f7c7bb9c98b,"2024-10-16 11:11:22.749188+00:00",10000,4000.0000
e86597bf-a062-44a1-9cb0-3f7c7bb9c98b,"2024-10-17 05:20:21.656585+00:00",10000,5000.0000
e86597bf-a062-44a1-9cb0-3f7c7bb9c98b,"2024-10-17 06:18:31.583205+00:00",10000,5000.0000
e86597bf-a062-44a1-9cb0-3f7c7bb9c98b,"2024-10-18 04:05:04.657319+00:00",10000,2500.0000
e86597bf-a062-44a1-9cb0-3f7c7bb9c98b,"2024-10-18 04:34:44.417656+00:00",10000,5000.0000
e86597bf-a062-44a1-9cb0-3f7c7bb9c98b,"2024-10-19 02:52:10.031271+00:00",5000,2500.0000
e86597bf-a062-44a1-9cb0-3f7c7bb9c98b,"2024-10-19 03:31:27.171542+00:00",10000,3000.0000
e86597bf-a062-44a1-9cb0-3f7c7bb9c98b,"2024-10-20 04:48:12.556606+00:00",10000,4333.3333
e86597bf-a062-44a1-9cb0-3f7c7bb9c98b,"2024-10-21 04:25:30.899597+00:00",10000,4333.3333
e86597bf-a062-44a1-9cb0-3f7c7bb9c98b,"2024-10-23 08:16:10.790187+00:00",10000,5000.0000
e86ce7e9-739f-49ff-b25a-b1b793be5e34,"2024-10-23 16:44:43.522469+00:00",5403,1084.0000
e8920bee-83a7-4005-9113-2a91673e0cdd,"2024-10-20 04:52:11.962653+00:00",5000,500.0000
e8c79467-7c9a-4ad1-a7c8-bb83ebc950a3,"2024-10-21 12:05:08.565950+00:00",3000,500.0000
e8c8091e-0dcf-43f0-8291-4dc96fd8838f,"2024-10-20 09:25:40.876680+00:00",3000,500.0000
e8d4ab60-c0a0-4f24-9934-04c795a70968,"2024-10-23 03:48:52.792204+00:00",3000,500.0000
e8d521eb-393d-42e1-a4dd-449c699500cd,"2024-10-21 12:54:13.745791+00:00",3000,1000.0000
e8d521eb-393d-42e1-a4dd-449c699500cd,"2024-10-23 09:22:46.885148+00:00",5000,1666.6667
e8dbbbb5-6a68-4f55-a6a2-973e778cb4cf,"2024-10-17 10:14:25.646969+00:00",3000,1000.0000
e8f6391c-9e6b-4d0b-a342-9b0662760b3f,"2024-10-22 17:09:05.760338+00:00",10000,4333.3333
e967e830-dc1d-4a25-b5b7-816f5c14b37f,"2024-10-17 16:58:53.460288+00:00",1000,500.0000
e9ab437a-3c7b-4200-9b13-cbf09930c8ec,"2024-10-21 12:54:13.745791+00:00",3000,1000.0000
e9ab437a-3c7b-4200-9b13-cbf09930c8ec,"2024-10-23 09:22:46.885148+00:00",5000,1666.6667
e9c5f49c-dcdc-4b9f-bc94-7a14733184f5,"2024-10-22 17:09:05.760338+00:00",10000,4333.3333
e9df5b2d-6b67-4198-b050-a3d652dac5bf,"2024-10-22 05:09:58.629974+00:00",5000,500.0000
e9ecf8c7-3c90-4341-9955-acd31bd084c6,"2024-10-23 11:15:12.814158+00:00",10000,3000.0000
ea0728a4-63cb-472d-881a-acac83c301f7,"2024-10-23 13:10:14.666056+00:00",10000,5000.0000
ea100503-340e-4959-8eb8-fbbdfefdac34,"2024-10-20 15:57:43.975328+00:00",3000,500.0000
ea263812-a46b-480e-a627-0fb9dfdac1ad,"2024-10-23 10:54:14.288898+00:00",1000,500.0000
ea2e25b6-c9be-47fb-ae95-76e5f3c7af39,"2024-10-17 16:58:53.460288+00:00",1000,500.0000
ea2e3d08-3b27-44f4-ab9d-cbebefc4ebce,"2024-10-21 12:54:13.745791+00:00",3000,1000.0000
ea2e3d08-3b27-44f4-ab9d-cbebefc4ebce,"2024-10-23 09:22:46.885148+00:00",5000,1666.6667
ea6f66b6-2b4b-4df8-b20e-38e1902d4b92,"2024-10-17 10:14:25.646969+00:00",3000,1000.0000
ea865596-c5f8-4cd4-9cc0-d8a495d1599a,"2024-10-17 10:14:25.646969+00:00",3000,1000.0000
ea90936d-b02f-4a13-a64f-4eafdcb79f99,"2024-10-17 01:42:48.103491+00:00",3000,500.0000
ea987634-159f-41bd-ace5-82f8098f28b4,"2024-10-19 14:23:26.261574+00:00",5000,500.0000
ea9b3218-d4df-4ed6-a239-fbf839db02e1,"2024-10-21 04:37:48.836741+00:00",3000,500.0000
eaddbe1c-409a-4166-a168-490a61fec865,"2024-10-20 14:53:56.015864+00:00",1000,500.0000
eaeb1405-cda9-4626-a857-5f9b1b404bea,"2024-10-21 18:38:41.141200+00:00",3000,500.0000
eb3e39da-cdbb-4b52-953f-bca81e82e6f1,"2024-10-21 02:33:38.142843+00:00",3000,500.0000
eb4a29c4-ebef-4852-bc37-0795caf6fedf,"2024-10-18 14:19:18.915151+00:00",3000,500.0000
eb7eaef1-7f8a-43f3-973c-ad3b3b5f90c6,"2024-10-22 17:09:05.760338+00:00",10000,4333.3333
eb9447f2-8809-4e37-895d-c615eeff141c,"2024-10-19 19:24:37.542592+00:00",5000,1000.0000
eba97970-654f-4acb-8f8f-cc5c1c7b3fa5,"2024-10-18 08:36:40.443064+00:00",10000,5000.0000
ebabe53a-f8df-4fe9-995a-9291eda798f3,"2024-10-23 00:07:13.669684+00:00",5000,500.0000
ebb7fb7f-2cc5-4118-b566-1a7f01610335,"2024-10-23 11:15:12.814158+00:00",10000,3000.0000
ebbc7d9e-bb95-41ac-909d-6d95bcb70c6b,"2024-10-18 08:10:23.476718+00:00",3000,500.0000
ebe08adb-50ea-4a90-b132-c3004b6687d3,"2024-10-18 02:59:21.034810+00:00",50000,10000.0000
ebe51d8b-f202-4825-b99d-1d727977e39e,"2024-10-23 10:54:14.288898+00:00",1000,500.0000
ebea9509-37cb-4f28-a5cb-d0eb7330115a,"2024-10-17 10:14:25.646969+00:00",3000,1000.0000
ebeab11a-0622-462d-b272-89e2670c2a39,"2024-10-17 03:33:28.708327+00:00",10000,500.0000
ec06d52d-80d1-4303-a101-6530a1ecef50,"2024-10-18 07:31:38.245112+00:00",3000,500.0000
ec0719a9-5e89-4836-bdd5-8472642a6517,"2024-10-23 11:15:12.814158+00:00",10000,3000.0000
ec2567d3-dbd2-4e6d-98e1-866a8e35d7eb,"2024-10-17 10:14:25.646969+00:00",3000,1000.0000
ec370fe4-cf3c-41e7-9855-52bac7df8123,"2024-10-21 12:26:44.363387+00:00",10000,4000.0000
ec676cdf-b310-4953-acf0-b7c43d19ef95,"2024-10-23 15:12:49.263320+00:00",10000,500.0000
ec795de0-0433-49a9-963a-b4895949a3dd,"2024-10-22 17:09:05.760338+00:00",10000,4333.3333
ecc05481-7f58-4e3a-bae8-80cf2e2b5e13,"2024-10-20 02:07:14.325964+00:00",10000,500.0000
ed43bb27-65dd-4387-813f-51b0d4a619b0,"2024-10-23 11:15:12.814158+00:00",10000,3000.0000
ed499d32-5e18-4ca6-81cb-d7d7fabdee3e,"2024-10-21 12:54:13.745791+00:00",3000,1000.0000
ed499d32-5e18-4ca6-81cb-d7d7fabdee3e,"2024-10-23 09:22:46.885148+00:00",5000,1666.6667
ed760cdb-b5f9-4366-ac44-fdca3eee0494,"2024-10-17 10:14:25.646969+00:00",3000,1000.0000
ed7e8b6a-7b7b-4ef9-be56-edea8e39deb5,"2024-10-23 14:23:18.841470+00:00",3000,500.0000
ed7f8e10-ad5b-4231-ba21-7ecf907a2766,"2024-10-21 12:54:13.745791+00:00",3000,1000.0000
ed7f8e10-ad5b-4231-ba21-7ecf907a2766,"2024-10-23 09:22:46.885148+00:00",5000,1666.6667
ed82e62c-f427-4281-8a92-b9bae2ef21df,"2024-10-17 10:14:25.646969+00:00",3000,1000.0000
edf2afef-464d-458b-8421-4b5015abd554,"2024-10-17 04:19:26.146187+00:00",3000,840.0000
ee0cfa8f-4497-4bc7-80f7-283bfbf9e5dd,"2024-10-17 13:11:10.432886+00:00",3000,1090.5000
ee0cfa8f-4497-4bc7-80f7-283bfbf9e5dd,"2024-10-23 13:01:22.201254+00:00",3000,1500.0000
ee269d5c-7b24-424e-8605-56eeb1de080d,"2024-10-23 00:10:28.234857+00:00",1000,500.0000
ee2e35bf-ad6b-448c-8c26-d6637f3f94ab,"2024-10-21 12:54:13.745791+00:00",3000,1000.0000
ee2e35bf-ad6b-448c-8c26-d6637f3f94ab,"2024-10-23 09:22:46.885148+00:00",5000,1666.6667
ee7fc0ff-af46-442c-a88b-d5b7b6b53f93,"2024-10-19 06:29:17.278035+00:00",3000,500.0000
ee849619-afd5-4a59-9948-fe262f032e62,"2024-10-22 11:25:40.542913+00:00",27105,3608.3333
ee849619-afd5-4a59-9948-fe262f032e62,"2024-10-22 13:12:30.205352+00:00",27105,10839.0000
ee9b2598-5ad8-446f-a1ad-9fa0c8bd3784,"2024-10-21 11:21:19.637460+00:00",3000,500.0000
eea439d2-c60f-482c-987b-b0764ea17052,"2024-10-22 07:13:47.842154+00:00",16815,4202.0000
eeb72b01-760a-4f52-bc1d-538e88299c67,"2024-10-23 11:15:12.814158+00:00",10000,3000.0000
eed38410-97f1-4494-9f4f-4658caf891df,"2024-10-23 11:15:12.814158+00:00",10000,3000.0000
eed9108e-2edf-4c15-9866-c894d73a4977,"2024-10-22 08:01:40.567636+00:00",3000,500.0000
eef84a5e-3224-4066-a11d-af65e195ffaf,"2024-10-17 12:21:10.059658+00:00",1000,500.0000
eefaf380-4f6c-421d-ac55-46336d107570,"2024-10-17 10:14:25.646969+00:00",3000,1000.0000
ef1f7a57-2b0c-4907-a182-75f1f9337688,"2024-10-17 03:15:35.589919+00:00",5000,500.0000
ef256b42-c93c-4aa2-9c48-4f4d2e751978,"2024-10-17 06:21:00.302068+00:00",1000,500.0000
ef5d9e13-4737-422f-b7c0-1b54124e1635,"2024-10-23 11:15:12.814158+00:00",10000,3000.0000
efb6aee1-9933-4cb4-ae87-06c64228890d,"2024-10-20 08:32:33.903591+00:00",10000,1750.0000
efb6aee1-9933-4cb4-ae87-06c64228890d,"2024-10-21 05:54:53.745078+00:00",10000,4500.0000
efbb3466-83c8-46e1-b156-c9708b020f25,"2024-10-21 02:57:11.392449+00:00",3000,500.0000
efbbc4a9-803e-4ab4-92bf-7e25f39f8dfa,"2024-10-23 16:44:43.522469+00:00",5403,1084.0000
efc4a219-5dd2-4582-92b3-b331276b05c9,"2024-10-16 03:18:39.581004+00:00",10000,946.6667
efc4a219-5dd2-4582-92b3-b331276b05c9,"2024-10-16 03:19:13.281288+00:00",10000,3946.6667
efc4a219-5dd2-4582-92b3-b331276b05c9,"2024-10-16 06:57:35.048482+00:00",5000,893.3333
efc4a219-5dd2-4582-92b3-b331276b05c9,"2024-10-16 06:58:16.557501+00:00",5000,2280.0000
efc4a219-5dd2-4582-92b3-b331276b05c9,"2024-10-16 07:31:12.871165+00:00",10000,5000.0000
efc4a219-5dd2-4582-92b3-b331276b05c9,"2024-10-16 10:35:37.993369+00:00",10000,1000.0000
efc4a219-5dd2-4582-92b3-b331276b05c9,"2024-10-16 11:11:22.749188+00:00",10000,4000.0000
efc4a219-5dd2-4582-92b3-b331276b05c9,"2024-10-17 05:20:21.656585+00:00",10000,5000.0000
efc4a219-5dd2-4582-92b3-b331276b05c9,"2024-10-17 06:18:31.583205+00:00",10000,5000.0000
efc4a219-5dd2-4582-92b3-b331276b05c9,"2024-10-18 04:05:04.657319+00:00",10000,2500.0000
efc4a219-5dd2-4582-92b3-b331276b05c9,"2024-10-18 04:34:44.417656+00:00",10000,5000.0000
efc4a219-5dd2-4582-92b3-b331276b05c9,"2024-10-19 02:52:10.031271+00:00",5000,2500.0000
efc4a219-5dd2-4582-92b3-b331276b05c9,"2024-10-19 03:31:27.171542+00:00",10000,3000.0000
efc4a219-5dd2-4582-92b3-b331276b05c9,"2024-10-20 04:48:12.556606+00:00",10000,4333.3333
efc4a219-5dd2-4582-92b3-b331276b05c9,"2024-10-21 04:25:30.899597+00:00",10000,4333.3333
efc4a219-5dd2-4582-92b3-b331276b05c9,"2024-10-23 08:16:10.790187+00:00",10000,5000.0000
efd27c63-9b29-4126-8ce3-803a464c0aa0,"2024-10-23 01:20:16.246583+00:00",10000,4000.0000
efe0a019-814c-4f42-8694-c4bff868a3f8,"2024-10-23 16:44:43.522469+00:00",5403,1084.0000
f020dd0e-cf2a-47f2-8c0d-a80fbe397c66,"2024-10-23 11:15:12.814158+00:00",10000,3000.0000
f02f5371-d52a-4128-a849-06bed547fe73,"2024-10-23 11:15:12.814158+00:00",10000,3000.0000
f03c071e-bff1-4d23-b06f-f7b2e4599701,"2024-10-22 03:36:35.885304+00:00",5000,500.0000
f04767ff-6085-4789-942e-659de08f0d98,"2024-10-17 10:14:25.646969+00:00",3000,1000.0000
f048b39c-93ef-4f52-b43e-7b19c1eec134,"2024-10-21 12:05:08.565950+00:00",3000,500.0000
f059df54-d98d-4501-9dd0-8d2b94b112f9,"2024-10-22 07:22:54.013659+00:00",10000,500.0000
f06ee1d6-945f-4710-8bfb-5ffbdce84687,"2024-10-21 13:27:04.826516+00:00",2500,1000.0000
f0a50766-49d6-4fe2-873e-11cbf8072f1e,"2024-10-20 07:48:51.136025+00:00",3000,500.0000
f0a50766-49d6-4fe2-873e-11cbf8072f1e,"2024-10-21 03:17:49.517268+00:00",5000,1750.0000
f0b7b156-7d3f-4df5-a2f5-a69f7c2d0197,"2024-10-21 12:26:44.363387+00:00",10000,4000.0000
f0bcc8ed-5787-4e21-8b49-0f506180d0b1,"2024-10-22 17:09:05.760338+00:00",10000,4333.3333
f0be016a-5a86-46e8-828b-e2631a0ace84,"2024-10-17 01:54:42.619017+00:00",3000,500.0000
f0be016a-5a86-46e8-828b-e2631a0ace84,"2024-10-19 10:36:00.896058+00:00",5000,1750.0000
f0ef14b1-acb8-4a68-88ac-b9acb0c4cd35,"2024-10-23 11:15:12.814158+00:00",10000,3000.0000
f0ff29f5-7e7c-42d2-9984-b07918c19dbf,"2024-10-16 03:18:39.581004+00:00",10000,946.6667
f0ff29f5-7e7c-42d2-9984-b07918c19dbf,"2024-10-16 03:19:13.281288+00:00",10000,3946.6667
f0ff29f5-7e7c-42d2-9984-b07918c19dbf,"2024-10-16 06:57:35.048482+00:00",5000,893.3333
f0ff29f5-7e7c-42d2-9984-b07918c19dbf,"2024-10-16 06:58:16.557501+00:00",5000,2280.0000
f0ff29f5-7e7c-42d2-9984-b07918c19dbf,"2024-10-16 07:31:12.871165+00:00",10000,5000.0000
f0ff29f5-7e7c-42d2-9984-b07918c19dbf,"2024-10-16 10:35:37.993369+00:00",10000,1000.0000
f0ff29f5-7e7c-42d2-9984-b07918c19dbf,"2024-10-16 11:11:22.749188+00:00",10000,4000.0000
f0ff29f5-7e7c-42d2-9984-b07918c19dbf,"2024-10-17 05:20:21.656585+00:00",10000,5000.0000
f0ff29f5-7e7c-42d2-9984-b07918c19dbf,"2024-10-17 06:18:31.583205+00:00",10000,5000.0000
f0ff29f5-7e7c-42d2-9984-b07918c19dbf,"2024-10-18 04:05:04.657319+00:00",10000,2500.0000
f0ff29f5-7e7c-42d2-9984-b07918c19dbf,"2024-10-18 04:34:44.417656+00:00",10000,5000.0000
f0ff29f5-7e7c-42d2-9984-b07918c19dbf,"2024-10-19 02:52:10.031271+00:00",5000,2500.0000
f0ff29f5-7e7c-42d2-9984-b07918c19dbf,"2024-10-19 03:31:27.171542+00:00",10000,3000.0000
f0ff29f5-7e7c-42d2-9984-b07918c19dbf,"2024-10-20 04:48:12.556606+00:00",10000,4333.3333
f0ff29f5-7e7c-42d2-9984-b07918c19dbf,"2024-10-21 04:25:30.899597+00:00",10000,4333.3333
f0ff29f5-7e7c-42d2-9984-b07918c19dbf,"2024-10-23 08:16:10.790187+00:00",10000,5000.0000
f1287758-fff7-4d3b-9046-52ec75415533,"2024-10-17 03:29:42.353455+00:00",16809,2101.0000
f1287758-fff7-4d3b-9046-52ec75415533,"2024-10-22 03:40:48.257105+00:00",16815,2661.6667
f136fc52-1552-4ef7-8587-a95c03641bad,"2024-10-21 08:45:53.890170+00:00",5000,500.0000
f154f724-b3e2-46a7-9f80-a1c3f48876f8,"2024-10-22 10:14:44.950841+00:00",1000,500.0000
f1614632-599c-4c7b-9fb7-cd655fab0ced,"2024-10-22 17:09:05.760338+00:00",10000,4333.3333
f1a5f0c0-9669-404b-98e7-a889dfb74271,"2024-10-17 10:14:25.646969+00:00",3000,1000.0000
f1f47d51-563e-4296-a1c8-f8bd30156756,"2024-10-23 07:33:39.062195+00:00",10000,3000.0000
f21494a7-bc70-45fe-b2f5-811a70d61421,"2024-10-18 13:04:42.341398+00:00",10000,5000.0000
f2202757-d061-4ab3-a137-fc2a12c3dba9,"2024-10-17 10:14:25.646969+00:00",3000,1000.0000
f2237e15-2050-41e9-a44b-cf0c0e4f2f1f,"2024-10-19 01:37:35.665107+00:00",3000,500.0000
f2244e8f-e3ff-4633-a968-001b8f9b06b9,"2024-10-22 03:30:00.935694+00:00",10000,500.0000
f230e1e6-709f-408a-bcef-8186df6fae30,"2024-10-19 08:18:27.427984+00:00",1000,500.0000
f26b97d9-6f9d-48e9-aaa5-b0c1a735c278,"2024-10-17 10:14:25.646969+00:00",3000,1000.0000
f29edc3c-40a7-407c-99a9-41a42428bc79,"2024-10-23 14:31:00.929959+00:00",2500,1000.0000
f2b3e727-2368-46d2-a217-f4bf5d876887,"2024-10-22 08:56:15.393577+00:00",1000,500.0000
f2dcdb69-cf02-4dca-9217-4086e47e1033,"2024-10-21 12:04:36.686533+00:00",3000,1333.3333
f2dcdb69-cf02-4dca-9217-4086e47e1033,"2024-10-21 13:26:42.995267+00:00",3000,1333.3333
f2dcdb69-cf02-4dca-9217-4086e47e1033,"2024-10-23 03:10:11.902994+00:00",3000,500.0000
f2e401c4-58a4-4351-a241-f1fd0e3d179a,"2024-10-17 10:14:25.646969+00:00",3000,1000.0000
f2f97707-f43b-4280-8da1-2b2b741b4689,"2024-10-23 11:15:12.814158+00:00",10000,3000.0000
f30b3786-8b7f-4e4b-96c9-a862531a822b,"2024-10-17 10:14:25.646969+00:00",3000,1000.0000
f324e5ff-10fa-4304-9632-5cef1537eef4,"2024-10-17 08:58:38.173544+00:00",3000,1000.0000
f33a8cc7-f459-4243-b797-a691d9137ab4,"2024-10-16 03:18:39.581004+00:00",10000,946.6667
f33a8cc7-f459-4243-b797-a691d9137ab4,"2024-10-16 03:19:13.281288+00:00",10000,3946.6667
f33a8cc7-f459-4243-b797-a691d9137ab4,"2024-10-16 06:57:35.048482+00:00",5000,893.3333
f33a8cc7-f459-4243-b797-a691d9137ab4,"2024-10-16 06:58:16.557501+00:00",5000,2280.0000
f33a8cc7-f459-4243-b797-a691d9137ab4,"2024-10-16 07:31:12.871165+00:00",10000,5000.0000
f33a8cc7-f459-4243-b797-a691d9137ab4,"2024-10-16 10:35:37.993369+00:00",10000,1000.0000
f33a8cc7-f459-4243-b797-a691d9137ab4,"2024-10-16 11:11:22.749188+00:00",10000,4000.0000
f33a8cc7-f459-4243-b797-a691d9137ab4,"2024-10-17 05:20:21.656585+00:00",10000,5000.0000
f33a8cc7-f459-4243-b797-a691d9137ab4,"2024-10-17 06:18:31.583205+00:00",10000,5000.0000
f33a8cc7-f459-4243-b797-a691d9137ab4,"2024-10-18 04:05:04.657319+00:00",10000,2500.0000
f33a8cc7-f459-4243-b797-a691d9137ab4,"2024-10-18 04:34:44.417656+00:00",10000,5000.0000
f33a8cc7-f459-4243-b797-a691d9137ab4,"2024-10-19 02:52:10.031271+00:00",5000,2500.0000
f33a8cc7-f459-4243-b797-a691d9137ab4,"2024-10-19 03:31:27.171542+00:00",10000,3000.0000
f33a8cc7-f459-4243-b797-a691d9137ab4,"2024-10-20 04:48:12.556606+00:00",10000,4333.3333
f33a8cc7-f459-4243-b797-a691d9137ab4,"2024-10-21 04:25:30.899597+00:00",10000,4333.3333
f33a8cc7-f459-4243-b797-a691d9137ab4,"2024-10-23 08:16:10.790187+00:00",10000,5000.0000
f39abe50-0cc9-48d0-8dad-71b5d4b1ec14,"2024-10-21 00:46:17.393557+00:00",5000,500.0000
f39b0886-648e-4db7-a231-acdc10f170d5,"2024-10-21 02:57:11.392449+00:00",3000,500.0000
f3ae0f44-2d06-404d-8b43-baf80386898e,"2024-10-21 01:05:39.535825+00:00",2101,840.0000
f3b2e351-7e7d-499b-a09f-f6ac18cf7774,"2024-10-23 16:44:43.522469+00:00",5403,1084.0000
f3e755d2-4084-4568-98c6-80d03f722db4,"2024-10-16 03:18:39.581004+00:00",10000,946.6667
f3e755d2-4084-4568-98c6-80d03f722db4,"2024-10-16 03:19:13.281288+00:00",10000,3946.6667
f3e755d2-4084-4568-98c6-80d03f722db4,"2024-10-16 06:57:35.048482+00:00",5000,893.3333
f3e755d2-4084-4568-98c6-80d03f722db4,"2024-10-16 06:58:16.557501+00:00",5000,2280.0000
f3e755d2-4084-4568-98c6-80d03f722db4,"2024-10-16 07:31:12.871165+00:00",10000,5000.0000
f3e755d2-4084-4568-98c6-80d03f722db4,"2024-10-16 10:35:37.993369+00:00",10000,1000.0000
f3e755d2-4084-4568-98c6-80d03f722db4,"2024-10-16 11:11:22.749188+00:00",10000,4000.0000
f3e755d2-4084-4568-98c6-80d03f722db4,"2024-10-17 05:20:21.656585+00:00",10000,5000.0000
f3e755d2-4084-4568-98c6-80d03f722db4,"2024-10-17 06:18:31.583205+00:00",10000,5000.0000
f3e755d2-4084-4568-98c6-80d03f722db4,"2024-10-18 04:05:04.657319+00:00",10000,2500.0000
f3e755d2-4084-4568-98c6-80d03f722db4,"2024-10-18 04:34:44.417656+00:00",10000,5000.0000
f3e755d2-4084-4568-98c6-80d03f722db4,"2024-10-19 02:52:10.031271+00:00",5000,2500.0000
f3e755d2-4084-4568-98c6-80d03f722db4,"2024-10-19 03:31:27.171542+00:00",10000,3000.0000
f3e755d2-4084-4568-98c6-80d03f722db4,"2024-10-20 04:48:12.556606+00:00",10000,4333.3333
f3e755d2-4084-4568-98c6-80d03f722db4,"2024-10-21 04:25:30.899597+00:00",10000,4333.3333
f3e755d2-4084-4568-98c6-80d03f722db4,"2024-10-23 08:16:10.790187+00:00",10000,5000.0000
f3e81af5-91d1-42ec-86b7-a98df80f260c,"2024-10-23 10:54:14.288898+00:00",1000,500.0000
f3e9de14-99fb-4ed7-8bdb-b4081d83d5c9,"2024-10-20 15:50:58.262181+00:00",1000,500.0000
f40993f7-4851-4554-921b-821831ffd2d3,"2024-10-17 10:14:25.646969+00:00",3000,1000.0000
f42c9412-b49d-4c3c-8437-5152cac110c0,"2024-10-21 02:57:11.392449+00:00",3000,500.0000
f43450dc-98c8-468b-b48d-01025b2d6a6d,"2024-10-18 01:56:06.807914+00:00",10000,5000.0000
f4518286-2687-4866-931e-c5ef5d8f545c,"2024-10-23 13:55:16.710796+00:00",5000,500.0000
f45477ef-f9a7-4eed-b37d-a610ab521a13,"2024-10-20 14:38:38.575817+00:00",1000,500.0000
f4886f39-1932-4988-96db-99ebf21f239a,"2024-10-21 12:54:13.745791+00:00",3000,1000.0000
f4886f39-1932-4988-96db-99ebf21f239a,"2024-10-23 09:22:46.885148+00:00",5000,1666.6667
f489b231-0c91-4254-aa56-0cfa325e0a4a,"2024-10-23 11:15:12.814158+00:00",10000,3000.0000
f48c5eba-db78-4f82-b155-5fa04c30aefe,"2024-10-23 11:15:12.814158+00:00",10000,3000.0000
f4c203bb-66af-43fa-bf25-f6021857c8c2,"2024-10-22 07:05:08.498764+00:00",3000,500.0000
f4dbb7c9-64e8-48a1-9644-7466a6215c2b,"2024-10-21 13:00:47.865122+00:00",1000,500.0000
f4df1f24-381a-4757-8637-4f247db29c14,"2024-10-16 03:18:39.581004+00:00",10000,946.6667
f4df1f24-381a-4757-8637-4f247db29c14,"2024-10-16 03:19:13.281288+00:00",10000,3946.6667
f4df1f24-381a-4757-8637-4f247db29c14,"2024-10-16 06:57:35.048482+00:00",5000,893.3333
f4df1f24-381a-4757-8637-4f247db29c14,"2024-10-16 06:58:16.557501+00:00",5000,2280.0000
f4df1f24-381a-4757-8637-4f247db29c14,"2024-10-16 07:31:12.871165+00:00",10000,5000.0000
f4df1f24-381a-4757-8637-4f247db29c14,"2024-10-16 10:35:37.993369+00:00",10000,1000.0000
f4df1f24-381a-4757-8637-4f247db29c14,"2024-10-16 11:11:22.749188+00:00",10000,4000.0000
f4df1f24-381a-4757-8637-4f247db29c14,"2024-10-17 05:20:21.656585+00:00",10000,5000.0000
f4df1f24-381a-4757-8637-4f247db29c14,"2024-10-17 06:18:31.583205+00:00",10000,5000.0000
f4df1f24-381a-4757-8637-4f247db29c14,"2024-10-18 04:05:04.657319+00:00",10000,2500.0000
f4df1f24-381a-4757-8637-4f247db29c14,"2024-10-18 04:34:44.417656+00:00",10000,5000.0000
f4df1f24-381a-4757-8637-4f247db29c14,"2024-10-19 02:52:10.031271+00:00",5000,2500.0000
f4df1f24-381a-4757-8637-4f247db29c14,"2024-10-19 03:31:27.171542+00:00",10000,3000.0000
f4df1f24-381a-4757-8637-4f247db29c14,"2024-10-20 04:48:12.556606+00:00",10000,4333.3333
f4df1f24-381a-4757-8637-4f247db29c14,"2024-10-21 04:25:30.899597+00:00",10000,4333.3333
f4df1f24-381a-4757-8637-4f247db29c14,"2024-10-23 08:16:10.790187+00:00",10000,5000.0000
f4e3d3de-4485-4944-b5ba-b88f309b5105,"2024-10-17 12:21:10.059658+00:00",1000,500.0000
f4fea32f-fd03-4def-b3a4-493b561cfe6b,"2024-10-23 11:15:12.814158+00:00",10000,3000.0000
f510e0d4-5fc6-4507-ba23-95b94288e650,"2024-10-22 12:52:28.783213+00:00",5000,500.0000
f52f9023-b90f-4ef0-a820-e7d29055cdbe,"2024-10-21 12:54:13.745791+00:00",3000,1000.0000
f52f9023-b90f-4ef0-a820-e7d29055cdbe,"2024-10-23 09:22:46.885148+00:00",5000,1666.6667
f5571ecc-c35f-4db2-a4eb-4fc6295bf209,"2024-10-21 06:19:20.611681+00:00",10000,500.0000
f57e6f5f-4423-4e5e-ab51-e8d2faf50939,"2024-10-16 03:18:39.581004+00:00",10000,946.6667
f57e6f5f-4423-4e5e-ab51-e8d2faf50939,"2024-10-16 03:19:13.281288+00:00",10000,3946.6667
f57e6f5f-4423-4e5e-ab51-e8d2faf50939,"2024-10-16 06:57:35.048482+00:00",5000,893.3333
f57e6f5f-4423-4e5e-ab51-e8d2faf50939,"2024-10-16 06:58:16.557501+00:00",5000,2280.0000
f57e6f5f-4423-4e5e-ab51-e8d2faf50939,"2024-10-16 07:31:12.871165+00:00",10000,5000.0000
f57e6f5f-4423-4e5e-ab51-e8d2faf50939,"2024-10-16 10:35:37.993369+00:00",10000,1000.0000
f57e6f5f-4423-4e5e-ab51-e8d2faf50939,"2024-10-16 11:11:22.749188+00:00",10000,4000.0000
f57e6f5f-4423-4e5e-ab51-e8d2faf50939,"2024-10-17 05:20:21.656585+00:00",10000,5000.0000
f57e6f5f-4423-4e5e-ab51-e8d2faf50939,"2024-10-17 06:18:31.583205+00:00",10000,5000.0000
f57e6f5f-4423-4e5e-ab51-e8d2faf50939,"2024-10-18 04:05:04.657319+00:00",10000,2500.0000
f57e6f5f-4423-4e5e-ab51-e8d2faf50939,"2024-10-18 04:34:44.417656+00:00",10000,5000.0000
f57e6f5f-4423-4e5e-ab51-e8d2faf50939,"2024-10-19 02:52:10.031271+00:00",5000,2500.0000
f57e6f5f-4423-4e5e-ab51-e8d2faf50939,"2024-10-19 03:31:27.171542+00:00",10000,3000.0000
f57e6f5f-4423-4e5e-ab51-e8d2faf50939,"2024-10-20 04:48:12.556606+00:00",10000,4333.3333
f57e6f5f-4423-4e5e-ab51-e8d2faf50939,"2024-10-21 04:25:30.899597+00:00",10000,4333.3333
f57e6f5f-4423-4e5e-ab51-e8d2faf50939,"2024-10-23 08:16:10.790187+00:00",10000,5000.0000
f59ea999-0a92-4645-8beb-500a250c2dc3,"2024-10-22 17:09:05.760338+00:00",10000,4333.3333
f5b646be-7616-466a-b1ba-a642f8b67ace,"2024-10-21 22:16:46.856645+00:00",1000,500.0000
f5d93083-f689-433f-a8d6-45e38a1b300b,"2024-10-17 10:14:25.646969+00:00",3000,1000.0000
f61a74fb-4fb5-45a7-bf1c-14e469e2992f,"2024-10-17 10:14:25.646969+00:00",3000,1000.0000
f61c5562-6333-495f-bfb5-68015b2f805f,"2024-10-23 11:15:12.814158+00:00",10000,3000.0000
f626aa6b-2006-4d34-a765-914b35c0ce42,"2024-10-20 06:35:55.807162+00:00",1681,840.0000
f6c2bcde-51c9-4209-8dd4-ed9859cc2e24,"2024-10-22 16:10:43.259022+00:00",3000,500.0000
f6c966b4-bedc-4d74-8262-a1f9e745bda1,"2024-10-19 17:26:01.341714+00:00",1000,500.0000
f700b301-80f8-4683-837d-ffc15483d85f,"2024-10-18 08:47:17.061264+00:00",10000,3000.0000
f702e147-78db-4df6-ab3d-eeda9a92a6a1,"2024-10-23 11:15:12.814158+00:00",10000,3000.0000
f72f9f73-d6ee-4371-87fd-4140ed21379c,"2024-10-23 02:32:52.561562+00:00",3000,500.0000
f73a0bea-9c69-4ca8-a26c-2316abd8110e,"2024-10-17 10:14:25.646969+00:00",3000,1000.0000
f75935ec-f2f0-4a8c-b8f4-87689bce9b66,"2024-10-21 17:36:30.032787+00:00",5000,946.6667
f763b3f3-c9ee-4713-aeca-fbc29ea945dd,"2024-10-23 10:54:14.288898+00:00",1000,500.0000
f764ceaa-e711-45d5-959d-390910643716,"2024-10-17 10:14:25.646969+00:00",3000,1000.0000
f76856b3-e629-4476-9ed0-2fd451b03c7e,"2024-10-17 04:43:13.420381+00:00",1000,500.0000
f7798ee6-ad49-428d-b1a7-a766381042b6,"2024-10-17 10:14:25.646969+00:00",3000,1000.0000
f782d30a-1fa5-420b-b26f-ae087ed26ab9,"2024-10-23 06:31:47.892901+00:00",1000,500.0000
f7b43d98-5d92-4639-919d-e64a63ab4d65,"2024-10-21 12:26:44.363387+00:00",10000,4000.0000
f7c40a25-dc76-493a-910f-f1f0c5b88b81,"2024-10-22 17:09:05.760338+00:00",10000,4333.3333
f7cc7f22-f76f-42e6-b17d-60cc509b6132,"2024-10-19 05:00:59.788832+00:00",3000,500.0000
f7cf83a1-075d-4afd-928e-c8cae37adeac,"2024-10-16 03:18:39.581004+00:00",10000,946.6667
f7cf83a1-075d-4afd-928e-c8cae37adeac,"2024-10-16 03:19:13.281288+00:00",10000,3946.6667
f7cf83a1-075d-4afd-928e-c8cae37adeac,"2024-10-16 06:57:35.048482+00:00",5000,893.3333
f7cf83a1-075d-4afd-928e-c8cae37adeac,"2024-10-16 06:58:16.557501+00:00",5000,2280.0000
f7cf83a1-075d-4afd-928e-c8cae37adeac,"2024-10-16 07:31:12.871165+00:00",10000,5000.0000
f7cf83a1-075d-4afd-928e-c8cae37adeac,"2024-10-16 10:35:37.993369+00:00",10000,1000.0000
f7cf83a1-075d-4afd-928e-c8cae37adeac,"2024-10-16 11:11:22.749188+00:00",10000,4000.0000
f7cf83a1-075d-4afd-928e-c8cae37adeac,"2024-10-17 05:20:21.656585+00:00",10000,5000.0000
f7cf83a1-075d-4afd-928e-c8cae37adeac,"2024-10-17 06:18:31.583205+00:00",10000,5000.0000
f7cf83a1-075d-4afd-928e-c8cae37adeac,"2024-10-18 04:05:04.657319+00:00",10000,2500.0000
f7cf83a1-075d-4afd-928e-c8cae37adeac,"2024-10-18 04:34:44.417656+00:00",10000,5000.0000
f7cf83a1-075d-4afd-928e-c8cae37adeac,"2024-10-19 02:52:10.031271+00:00",5000,2500.0000
f7cf83a1-075d-4afd-928e-c8cae37adeac,"2024-10-19 03:31:27.171542+00:00",10000,3000.0000
f7cf83a1-075d-4afd-928e-c8cae37adeac,"2024-10-20 04:48:12.556606+00:00",10000,4333.3333
f7cf83a1-075d-4afd-928e-c8cae37adeac,"2024-10-21 04:25:30.899597+00:00",10000,4333.3333
f7cf83a1-075d-4afd-928e-c8cae37adeac,"2024-10-23 08:16:10.790187+00:00",10000,5000.0000
f7da1799-a1e2-4e14-9764-c5def718c5ec,"2024-10-17 14:19:26.947396+00:00",3000,500.0000
f7fc6a5d-1dbb-4bed-aaca-3a6c288f5984,"2024-10-16 03:18:39.581004+00:00",10000,946.6667
f7fc6a5d-1dbb-4bed-aaca-3a6c288f5984,"2024-10-16 03:19:13.281288+00:00",10000,3946.6667
f7fc6a5d-1dbb-4bed-aaca-3a6c288f5984,"2024-10-16 06:57:35.048482+00:00",5000,893.3333
f7fc6a5d-1dbb-4bed-aaca-3a6c288f5984,"2024-10-16 06:58:16.557501+00:00",5000,2280.0000
f7fc6a5d-1dbb-4bed-aaca-3a6c288f5984,"2024-10-16 07:31:12.871165+00:00",10000,5000.0000
f7fc6a5d-1dbb-4bed-aaca-3a6c288f5984,"2024-10-16 10:35:37.993369+00:00",10000,1000.0000
f7fc6a5d-1dbb-4bed-aaca-3a6c288f5984,"2024-10-16 11:11:22.749188+00:00",10000,4000.0000
f7fc6a5d-1dbb-4bed-aaca-3a6c288f5984,"2024-10-17 05:20:21.656585+00:00",10000,5000.0000
f7fc6a5d-1dbb-4bed-aaca-3a6c288f5984,"2024-10-17 06:18:31.583205+00:00",10000,5000.0000
f7fc6a5d-1dbb-4bed-aaca-3a6c288f5984,"2024-10-18 04:05:04.657319+00:00",10000,2500.0000
f7fc6a5d-1dbb-4bed-aaca-3a6c288f5984,"2024-10-18 04:34:44.417656+00:00",10000,5000.0000
f7fc6a5d-1dbb-4bed-aaca-3a6c288f5984,"2024-10-19 02:52:10.031271+00:00",5000,2500.0000
f7fc6a5d-1dbb-4bed-aaca-3a6c288f5984,"2024-10-19 03:31:27.171542+00:00",10000,3000.0000
f7fc6a5d-1dbb-4bed-aaca-3a6c288f5984,"2024-10-20 04:48:12.556606+00:00",10000,4333.3333
f7fc6a5d-1dbb-4bed-aaca-3a6c288f5984,"2024-10-21 04:25:30.899597+00:00",10000,4333.3333
f7fc6a5d-1dbb-4bed-aaca-3a6c288f5984,"2024-10-23 08:16:10.790187+00:00",10000,5000.0000
f80cc158-57f5-48c5-bb93-442dcb28c80c,"2024-10-17 16:58:53.460288+00:00",1000,500.0000
f811939d-be11-493e-b132-7800c3b955be,"2024-10-23 11:15:12.814158+00:00",10000,3000.0000
f81d16c0-1ef1-494e-8177-1907be8ab665,"2024-10-23 11:15:12.814158+00:00",10000,3000.0000
f82dbdbb-53db-44b8-ad40-efaca7200bb1,"2024-10-19 14:11:03.373575+00:00",10000,3666.6667
f8611185-ecb3-4429-9fc2-87e6536914dd,"2024-10-23 12:42:48.109711+00:00",5000,500.0000
f8725419-4df3-4b10-b51f-dd9ef8069de0,"2024-10-20 09:04:42.064904+00:00",2500,1000.0000
f874bd93-c54e-4bb1-8a5c-22633edd6d50,"2024-10-23 16:27:56.684969+00:00",1000,500.0000
f897cc24-db25-4dfe-8071-027821579fe9,"2024-10-17 10:14:25.646969+00:00",3000,1000.0000
f8aec034-358f-4593-a4b4-96f6e9258cb4,"2024-10-23 00:42:49.612564+00:00",5000,500.0000
f8c31a66-a9e0-4750-a18d-807ad4c016c0,"2024-10-18 09:11:38.251229+00:00",3000,500.0000
f8c45f66-5316-4c17-9aba-51ea2abe3a93,"2024-10-21 01:13:49.716992+00:00",2500,1000.0000
f8e4ab3c-9325-4e16-92ca-a5c356e9d618,"2024-10-17 10:14:25.646969+00:00",3000,1000.0000
f8f015c3-5eca-4093-8b02-17741b67a78e,"2024-10-17 16:58:53.460288+00:00",1000,500.0000
f93faf2f-9fd6-44a3-8e9d-f9b7060a373e,"2024-10-20 07:17:18.877865+00:00",10000,500.0000
f95cc6ad-6860-430a-b315-ee5c6b1b1651,"2024-10-21 12:54:13.745791+00:00",3000,1000.0000
f95cc6ad-6860-430a-b315-ee5c6b1b1651,"2024-10-23 09:22:46.885148+00:00",5000,1666.6667
f9851885-994c-4a45-b3a8-8350963a40eb,"2024-10-17 10:14:25.646969+00:00",3000,1000.0000
f99ee532-4b0a-4fd5-b4e1-b45ea1057220,"2024-10-17 10:14:25.646969+00:00",3000,1000.0000
f9c7b589-38b4-4a28-ba6b-7b60a6d2de80,"2024-10-17 10:14:25.646969+00:00",3000,1000.0000
f9f0ec80-5438-4ae3-b779-1207e6c33793,"2024-10-23 10:54:14.288898+00:00",1000,500.0000
f9f1e451-1fc9-474d-806d-dee507f609df,"2024-10-17 10:14:25.646969+00:00",3000,1000.0000
fa23d491-ea71-4934-a76c-63c7eddddd35,"2024-10-21 12:04:36.686533+00:00",3000,1333.3333
fa23d491-ea71-4934-a76c-63c7eddddd35,"2024-10-21 13:26:42.995267+00:00",3000,1333.3333
fa23d491-ea71-4934-a76c-63c7eddddd35,"2024-10-23 03:10:11.902994+00:00",3000,500.0000
fa2ce462-4ac3-4355-8757-6fffb8d85646,"2024-10-23 05:20:45.489207+00:00",10000,500.0000
fa4dba2c-c983-48b5-b06d-355f72726506,"2024-10-21 12:26:44.363387+00:00",10000,4000.0000
fa72bebb-e0d0-4495-8efc-4c48e0876a55,"2024-10-23 11:15:12.814158+00:00",10000,3000.0000
faa329bc-8923-4e01-9d60-cdae2c2da58f,"2024-10-19 10:23:19.342524+00:00",3000,500.0000
fab04250-8232-4e75-afd1-ec75e50d521d,"2024-10-22 17:09:05.760338+00:00",10000,4333.3333
fac58eaf-764a-4bc8-80b7-c5ef127a4d09,"2024-10-23 11:15:12.814158+00:00",10000,3000.0000
fb261412-6700-4238-8240-ff5c06f5bf3f,"2024-10-16 03:18:39.581004+00:00",10000,946.6667
fb261412-6700-4238-8240-ff5c06f5bf3f,"2024-10-16 03:19:13.281288+00:00",10000,3946.6667
fb261412-6700-4238-8240-ff5c06f5bf3f,"2024-10-16 06:57:35.048482+00:00",5000,893.3333
fb261412-6700-4238-8240-ff5c06f5bf3f,"2024-10-16 06:58:16.557501+00:00",5000,2280.0000
fb261412-6700-4238-8240-ff5c06f5bf3f,"2024-10-16 07:31:12.871165+00:00",10000,5000.0000
fb261412-6700-4238-8240-ff5c06f5bf3f,"2024-10-16 10:35:37.993369+00:00",10000,1000.0000
fb261412-6700-4238-8240-ff5c06f5bf3f,"2024-10-16 11:11:22.749188+00:00",10000,4000.0000
fb261412-6700-4238-8240-ff5c06f5bf3f,"2024-10-17 05:20:21.656585+00:00",10000,5000.0000
fb261412-6700-4238-8240-ff5c06f5bf3f,"2024-10-17 06:18:31.583205+00:00",10000,5000.0000
fb261412-6700-4238-8240-ff5c06f5bf3f,"2024-10-18 04:05:04.657319+00:00",10000,2500.0000
fb261412-6700-4238-8240-ff5c06f5bf3f,"2024-10-18 04:34:44.417656+00:00",10000,5000.0000
fb261412-6700-4238-8240-ff5c06f5bf3f,"2024-10-19 02:52:10.031271+00:00",5000,2500.0000
fb261412-6700-4238-8240-ff5c06f5bf3f,"2024-10-19 03:31:27.171542+00:00",10000,3000.0000
fb261412-6700-4238-8240-ff5c06f5bf3f,"2024-10-20 04:48:12.556606+00:00",10000,4333.3333
fb261412-6700-4238-8240-ff5c06f5bf3f,"2024-10-21 04:25:30.899597+00:00",10000,4333.3333
fb261412-6700-4238-8240-ff5c06f5bf3f,"2024-10-23 08:16:10.790187+00:00",10000,5000.0000
fb4e22d8-a715-4d92-aea2-08bdc2f591e8,"2024-10-17 12:21:10.059658+00:00",1000,500.0000
fbb9d45d-702b-4bf1-8b5a-6d212e9bd828,"2024-10-18 15:49:09.803990+00:00",1082,540.5000
fbe95e1c-b7e2-460d-8fb4-2b84f2847bb7,"2024-10-23 02:33:44.144971+00:00",10000,5000.0000
fbef203a-efff-43ac-a5be-ee8e58a49f62,"2024-10-23 11:15:12.814158+00:00",10000,3000.0000
fc032b57-ef3f-4a99-a83f-d57180433944,"2024-10-17 10:14:25.646969+00:00",3000,1000.0000
fc094461-a898-4a3f-b0a5-ab41b946f744,"2024-10-17 10:14:25.646969+00:00",3000,1000.0000
fc1247c9-2ba8-4e40-804a-426da2e7ddf5,"2024-10-23 11:15:12.814158+00:00",10000,3000.0000
fc248df5-0e97-4eab-a0e4-e9a7706342f1,"2024-10-23 05:48:39.676901+00:00",1000,500.0000
fc24e43f-54d6-47b0-a74a-a1e0125d25fb,"2024-10-17 10:14:25.646969+00:00",3000,1000.0000
fc3836a6-79ab-4621-b393-a02421037cdb,"2024-10-23 10:54:14.288898+00:00",1000,500.0000
fc603e09-205a-4749-8915-97a7d8532e27,"2024-10-17 12:21:10.059658+00:00",1000,500.0000
fc8743f4-64e1-4d3d-8e36-5dc0aef5ff5a,"2024-10-21 12:54:13.745791+00:00",3000,1000.0000
fc8743f4-64e1-4d3d-8e36-5dc0aef5ff5a,"2024-10-23 09:22:46.885148+00:00",5000,1666.6667
fca812ca-ef10-4135-8c3b-38fd7acdfc0e,"2024-10-16 10:17:50.664420+00:00",3000,500.0000
fcb90f3b-ace4-4f7a-832c-626771fb1aed,"2024-10-20 11:57:57.809121+00:00",5431,2715.0000
fcb90f3b-ace4-4f7a-832c-626771fb1aed,"2024-10-21 07:45:07.303190+00:00",13578,5431.0000
fcc09873-9750-4eba-b998-b329561b3bde,"2024-10-19 07:23:34.712917+00:00",5000,1666.6667
fccd3ea8-d95f-45f5-8900-2c4d7799fa6e,"2024-10-17 12:21:10.059658+00:00",1000,500.0000
fce54aa4-dde3-48ae-8060-604a1497e222,"2024-10-22 16:10:43.259022+00:00",3000,500.0000
fceeb446-0199-494d-865a-e0d7eda32814,"2024-10-23 13:03:08.645754+00:00",3000,500.0000
fd17c7c3-1bf6-4501-99d4-1153e9c40789,"2024-10-17 04:05:55.787861+00:00",3000,500.0000
fd24b5fb-f947-4274-a330-710414ef7c6c,"2024-10-17 10:14:25.646969+00:00",3000,1000.0000
fd3efaa5-46e1-4c97-8dc3-118752c3f22e,"2024-10-22 19:37:11.614452+00:00",3000,500.0000
fd54a6d1-fa4b-4c0c-bffa-35a22e458131,"2024-10-19 16:23:34.135942+00:00",1000,500.0000
fd5c63b2-c233-42fe-8e09-1e920e805fce,"2024-10-17 03:26:21.096457+00:00",5000,500.0000
fd732f7e-03b8-4b76-9db8-40daed45baf0,"2024-10-17 10:14:25.646969+00:00",3000,1000.0000
fd95a6a4-2fea-4071-8b4a-4a016279add6,"2024-10-23 11:15:12.814158+00:00",10000,3000.0000
fdb91d6d-901c-4cc6-acbf-315dd4520d4f,"2024-10-16 16:01:59.122403+00:00",5000,1260.5000
fdcaf885-1705-47f6-ad2d-0d10173b1816,"2024-10-18 15:33:24.561558+00:00",3000,500.0000
fdcaf885-1705-47f6-ad2d-0d10173b1816,"2024-10-19 03:25:33.039283+00:00",10000,1750.0000
fdd03cf4-7ff0-45f8-b665-f4d1187027c5,"2024-10-17 10:14:25.646969+00:00",3000,1000.0000
fde9e663-38f3-421e-8d33-3d492ed67f55,"2024-10-22 08:18:44.053970+00:00",10000,5000.0000
fe1805be-f0f8-497b-a2b8-79ac7a7be1b7,"2024-10-18 07:31:38.245112+00:00",3000,500.0000
fe1875eb-fd1f-4ac9-8b39-5b1a86051c6d,"2024-10-16 03:18:39.581004+00:00",10000,946.6667
fe1875eb-fd1f-4ac9-8b39-5b1a86051c6d,"2024-10-16 03:19:13.281288+00:00",10000,3946.6667
fe1875eb-fd1f-4ac9-8b39-5b1a86051c6d,"2024-10-16 06:57:35.048482+00:00",5000,893.3333
fe1875eb-fd1f-4ac9-8b39-5b1a86051c6d,"2024-10-16 06:58:16.557501+00:00",5000,2280.0000
fe1875eb-fd1f-4ac9-8b39-5b1a86051c6d,"2024-10-16 07:31:12.871165+00:00",10000,5000.0000
fe1875eb-fd1f-4ac9-8b39-5b1a86051c6d,"2024-10-16 10:35:37.993369+00:00",10000,1000.0000
fe1875eb-fd1f-4ac9-8b39-5b1a86051c6d,"2024-10-16 11:11:22.749188+00:00",10000,4000.0000
fe1875eb-fd1f-4ac9-8b39-5b1a86051c6d,"2024-10-17 05:20:21.656585+00:00",10000,5000.0000
fe1875eb-fd1f-4ac9-8b39-5b1a86051c6d,"2024-10-17 06:18:31.583205+00:00",10000,5000.0000
fe1875eb-fd1f-4ac9-8b39-5b1a86051c6d,"2024-10-18 04:05:04.657319+00:00",10000,2500.0000
fe1875eb-fd1f-4ac9-8b39-5b1a86051c6d,"2024-10-18 04:34:44.417656+00:00",10000,5000.0000
fe1875eb-fd1f-4ac9-8b39-5b1a86051c6d,"2024-10-19 02:52:10.031271+00:00",5000,2500.0000
fe1875eb-fd1f-4ac9-8b39-5b1a86051c6d,"2024-10-19 03:31:27.171542+00:00",10000,3000.0000
fe1875eb-fd1f-4ac9-8b39-5b1a86051c6d,"2024-10-20 04:48:12.556606+00:00",10000,4333.3333
fe1875eb-fd1f-4ac9-8b39-5b1a86051c6d,"2024-10-21 04:25:30.899597+00:00",10000,4333.3333
fe1875eb-fd1f-4ac9-8b39-5b1a86051c6d,"2024-10-23 08:16:10.790187+00:00",10000,5000.0000
fe234878-5441-4b75-9c12-cf45e05ae06f,"2024-10-17 01:18:02.738076+00:00",3000,500.0000
fe2ae317-c91e-4ff4-bc4d-29dee94e3e62,"2024-10-19 05:36:07.858374+00:00",10000,500.0000
fe305f27-3500-46b5-9fc3-14d17cca5644,"2024-10-20 05:10:41.066004+00:00",3000,500.0000
fe56c839-d815-4600-b9ce-ee7c47c4af4f,"2024-10-21 09:50:54.874226+00:00",4203,840.0000
fea2feac-ace5-444d-8737-a17c42921685,"2024-10-23 10:54:14.288898+00:00",1000,500.0000
fed09574-0b63-48eb-b2db-3aead8779f82,"2024-10-20 05:25:51.858506+00:00",1000,500.0000
fef5e4c1-d9db-46a4-9a12-5e2bdf5d1cea,"2024-10-17 10:14:25.646969+00:00",3000,1000.0000
ff05cf6d-7e6e-4b0d-bed2-4869eee3719b,"2024-10-21 04:28:35.026393+00:00",3000,500.0000
ff0f6443-ba31-4a02-9266-c08bb8b49ca6,"2024-10-18 16:45:14.268157+00:00",2500,833.3333
ff1668e5-2447-4ad9-b49f-be787063303d,"2024-10-22 02:55:53.415995+00:00",8407,4202.5000
ff33ae73-67e4-481d-b10c-88281077caaa,"2024-10-20 00:51:31.557659+00:00",5000,2401.0000
ff33ae73-67e4-481d-b10c-88281077caaa,"2024-10-23 10:44:24.015816+00:00",25000,4333.3333
ff609ab9-c8a2-49ce-8afb-01a8bb12a627,"2024-10-21 01:07:27.922419+00:00",10000,500.0000
ff7a8735-ff1e-4104-aeec-7c40385b1b60,"2024-10-20 04:59:15.228026+00:00",1000,500.0000
ff90dd4b-91b3-45dc-8903-331f68eda8d9,"2024-10-17 01:58:31.608977+00:00",4202,840.0000
ff9cc57a-2c76-4822-af84-ab44ce95cb07,"2024-10-17 01:47:26.114432+00:00",5000,500.0000
ffae0fc0-eefa-46f0-90f1-c49f8a341ff9,"2024-10-17 12:21:10.059658+00:00",1000,500.0000
ffe0f194-86fe-4cc6-b5d2-e56b792067e0,"2024-10-17 10:14:25.646969+00:00",3000,1000.0000
ffe58407-37ad-44ec-a475-3215b73d82dc,"2024-10-17 00:46:38.917647+00:00",5000,500.0000
fff9e317-a038-45e0-a066-95e4af19e134,"2024-10-23 11:15:12.814158+00:00",10000,3000.0000
